Question_ID,Question_Text
2007_1_Q01,"A resistance of 2 Ω is connected across one gap of a metre-bridge (the length of the wire is 100 cm) and an unknown resistance, greater than 2Ω, is connected across the other gap. When these resistances are interchanged, the balance point shifts by 20 cm. Neglecting any corrections, the unknown resistance is (Α) 3 Ω (Β) 4 Ω (C) 5 Ω (D) 6Ω"
2007_1_Q02,"In an experiment to determine the focal length (f) of a concave mirror by the u-v method, a student places the object pin A on the principal axis at a distance x from the pole P. The student looks at the pin and its inverted image from a distance keeping his/her eye in line with PA. When the student shifts his/her eye towards left, the image appears to the right of the object pin. Then, (A) x <f (B) f<x<2f (C) x = 2f (D) x > 2f"
2007_1_Q03,"Two particles of mass m each are tied at the ends of a light string of length 2a. The whole system is kept on a frictionless horizontal surface with the string held tight so that each mass is at a distance 'a' from the center P (as shown in the figure). Now, the mid-point of the string is pulled vertically upwards with a small but constant force F. As a result, the particles move towards each other on the surface. The magnitude of acceleration, when the separation between them becomes 2x, is (A) F / (2m √a²-x²) (B) Fx / (2m √a²-x²) (C) Fx / (2m a) (D) Fa / (2m x)"
2007_1_Q04,"A long, hollow conducting cylinder is kept coaxially inside another long, hollow conducting cylinder of larger radius. Both the cylinders are initially electrically neutral. (A) A potential difference appears between the two cylinders when a charge density is given to the inner cylinder (B) A potential difference appears between the two cylinders when a charge density is given to the outer cylinder (C) No potential difference appears between the two cylinders when a uniform line charge is kept along the axis of the cylinders (D) No potential difference appears between the two cylinders when same charge density is given to both the cylinders"
2007_1_Q05,"Consider a neutral conducting sphere. A positive point charge is placed outside the sphere. The net charge on the sphere is then, (A) negative and distributed uniformly over the surface of the sphere (B) negative and appears only at the point on the sphere closest to the point charge (C) negative and distributed non-uniformly over the entire surface of the sphere (D) zero"
2007_1_Q06,"A circuit is connected as shown in the figure with the switch S open. When the switch is closed, the total amount of charge that flows from Y to X is (A) 0 (Β) 54 μC (C) 27 μC (D) 81 μC"
2007_1_Q07,"A ray of light traveling in water is incident on its surface open to air. The angle of incidence is θ, which is less than the critical angle. Then there will be (A) only a reflected ray and no refracted ray (B) only a refracted ray and no reflected ray (C) a reflected ray and a refracted ray and the angle between them would be less than 180°-2θ (D) a reflected ray and a refracted ray and the angle between them would be greater than 180°-2θ"
2007_1_Q08,"In the options given below, let E denote the rest mass energy of a nucleus and n a neutron. The correct option is (A) E(²³⁶₉₂U) > E(¹³⁷₅₃I) + E(⁹⁷₃⁹Y) + 2E(n) (B) E(²³⁶₉₂U) < E(¹³⁷₅₃I) + E(⁹⁷₃⁹Y) + 2E(n) (C) E(²³⁶₉₂U) < E(¹⁴⁰₅₆Ba) + E(⁹⁴₃₆Kr) + 2E(n) (D) E(²³⁶₉₂U) = E(¹⁴⁰₅₆Ba) + E(⁹⁴₃₆Kr) + 2E(n)"
2007_1_Q09,The largest wavelength in the ultraviolet region of the hydrogen spectrum is 122 nm. The smallest wavelength in the infrared region of the hydrogen spectrum (to the nearest integer) is (A) 802 nm (B) 823 nm (C) 1882 nm (D) 1648 nm
2007_1_Q10,"STATEMENT-1 A block of mass m starts moving on a rough horizontal surface with a velocity v. It stops due to friction between the block and the surface after moving through a certain distance. The surface is now tilted to an angle of 30° with the horizontal and the same block is made to go up on the surface with the same initial velocity v. The decrease in the mechanical energy in the second situation is smaller than that in the first situation. because STATEMENT-2 The coefficient of friction between the block and the surface decreases with the increase in the angle of inclination. (A) Statement-1 is True, Statement-2 is True; Statement-2 is a correct explanation for Statement-1 (B) Statement-1 is True, Statement-2 is True; Statement-2 is NOT a correct explanation for Statement-1 (C) Statement-1 is True, Statement-2 is False (D) Statement-1 is False, Statement-2 is True"
2007_1_Q11,"STATEMENT-1 In an elastic collision between two bodies, the relative speed of the bodies after collision is equal to the relative speed before the collision. because STATEMENT-2 In an elastic collision, the linear momentum of the system is conserved. (A) Statement-1 is True, Statement-2 is True; Statement-2 is a correct explanation for Statement-1 (B) Statement-1 is True, Statement-2 is True; Statement-2 is NOT a correct explanation for Statement-1 (C) Statement-1 is True, Statement-2 is False (D) Statement-1 is False, Statement-2 is True"
2007_1_Q12,"STATEMENT-1 The formula connecting u, v and f for a spherical mirror is valid only for mirrors whose sizes are very small compared to their radii of curvature. because STATEMENT-2 Laws of reflection are strictly valid for plane surfaces, but not for large spherical surfaces. (A) Statement-1 is True, Statement-2 is True; Statement-2 is a correct explanation for Statement-1 (B) Statement-1 is True, Statement-2 is True; Statement-2 is NOT a correct explanation for Statement-1 (C) Statement-1 is True, Statement-2 is False (D) Statement-1 is False, Statement-2 is True"
2007_1_Q13,"STATEMENT-1 If the accelerating potential in an X-ray tube is increased, the wavelengths of the characteristic X-rays do not change. because STATEMENT-2 When an electron beam strikes the target in an X-ray tube, part of the kinetic energy is converted into X-ray energy. (A) Statement-1 is True, Statement-2 is True; Statement-2 is a correct explanation for Statement-1 (B) Statement-1 is True, Statement-2 is True; Statement-2 is NOT a correct explanation for Statement-1 (C) Statement-1 is True, Statement-2 is False (D) Statement-1 is False, Statement-2 is True"
2007_1_Q14,The ratio x₁/x₂ is (A) 2 (B) 1/2 (C) √2 (D) 1/√2
2007_1_Q15,"When disc B is brought in contact with disc A, they acquire a common angular velocity in time t. The average frictional torque on one disc by the other during this period is (A) 2Iω/3t (B) 9Iω/2t (C) 9Iω/4t (D) 3Iω/2t"
2007_1_Q16,The loss of kinetic energy during the above process is (A) Iω²/2 (B) Iω²/3 (C) Iω²/4 (D) Iω²/6
2007_1_Q17,The piston is now pulled out slowly and held at a distance 2L from the top. The pressure in the cylinder between its top and the piston will then be (A) P₀ (B) P₀/2 (C) P₀ + Mg/(πR²) (D) P₀/2 - Mg/(πR²)
2007_1_Q18,"While the piston is at a distance 2L from the top, the hole at the top is sealed. The piston is then released, to a position where it can stay in equilibrium. In this condition, the distance of the piston from the top is (A) (2P₀πR²)/(πR²P₀ + Mg) (2L) (B) (P₀πR² - Mg)/(πR²P₀) (2L) (C) (P₀πR² + Mg)/(πR²P₀) (2L) (D) (P₀πR²)/(πP₀ - Mg) (2L)"
2007_1_Q19,"The piston is taken completely out of the cylinder. The hole at the top is sealed. A water tank is brought below the cylinder and put in a position so that the water surface in the tank is at the same level as the top of the cylinder as shown in the figure. The density of the water is ρ. In equilibrium, the height H of the water column in the cylinder satisfies (A) ρg(L₀-H)² + P₀(L₀-H) + L₀P₀ = 0 (B) ρg(L₀-H)² - P₀(L₀-H) - L₀P₀ = 0 (C) ρg(L₀-H)² + P₀(L₀-H) - L₀P₀ = 0 (D) ρg(L₀-H)² - P₀(L₀-H) + L₀P₀ = 0"
2007_1_Q20,"Some physical quantities are given in Column I and some possible SI units in which these quantities may be expressed are given in Column II. Match the physical quantities in Column I with the units in Column II and indicate your answer by darkening appropriate bubbles in the 4 x 4 matrix given in the ORS. Column I (A) GMsMe (G - universal gravitational constant, Me - mass of the earth, Ms - mass of the Sun) (B) 3RT/M (R - universal gas constant, T - absolute temperature, M - molar mass) (C) F²/(q²B²) (F - force, q - charge, B - magnetic field) (D) GMe/Re (G - universal gravitational constant, Me - mass of the earth, Re - radius of the earth) Column II (p) (volt) (coulomb) (metre) (q) (kilogram) (metre)³ (second)⁻² (r) (metre)² (second)⁻² (s) (farad) (volt)² (kg)⁻¹"
2007_1_Q21,Column I gives certain situations in which a straight metallic wire of resistance R is used and Column II gives some resulting effects. Match the statements in Column I with the statements in Column II and indicate your answer by darkening appropriate bubbles in the 4 x 4 matrix given in the ORS. Column I (A) A charged capacitor is connected to the ends of the wire (B) The wire is moved perpendicular to its length with a constant velocity in a uniform magnetic field perpendicular to the plane of motion (C) The wire is placed in a constant electric field that has a direction along the length of the wire (D) A battery of constant emf is connected to the ends of the wire Column II (p) A constant current flows through the wire (q) Thermal energy is generated in the wire (r) A constant potential difference develops between the ends of the wire (s) Charges of constant magnitude appear at the ends of the wire
2007_1_Q22,Some laws / processes are given in Column I. Match these with the physical phenomena given in Column II and indicate your answer by darkening appropriate bubbles in the 4x4 matrix given in the ORS. Column I (A) Transition between two atomic energy levels (B) Electron emission from a material (C) Mosley's law (D) Change of photon energy into kinetic energy of electrons Column II (p) Characteristic X-rays (q) Photoelectric effect (r) Hydrogen spectrum (s) β-decay
2007_1_Q23,The species having bond order different from that in CO is (A) NO⁻ (C) CN⁻ (B) NO⁺ (D) N₂
2007_1_Q24,"Among the following, the paramagnetic compound is (A) Na₂O₂ (C) N₂O (B) O₃ (D) KO₂"
2007_1_Q25,Extraction of zinc from zinc blende is achieved by (A) electrolytic reduction (B) roasting followed by reduction with carbon (C) roasting followed by reduction with another metal (D) roasting followed by self-reduction
2007_1_Q26,"In the following reaction, [Initial molecule: N-phenylbenzamide. Reagents: conc. HNO₃, conc. H₂SO₄. Product: X] the structure of the major product 'X' is (A) N-(3-nitrophenyl)benzamide (B) N-(4-nitrophenyl)benzamide (C) 4-nitro-N-phenylbenzamide (D) 3-nitro-N-phenylbenzamide"
2007_1_Q27,"The reagent(s) for the following conversion, [Input: 1,2-dibromopropane; Output: Propyne (CH≡C-CH₃)] is/are (A) alcoholic KOH (B) alcoholic KOH followed by NaNH₂ (C) aqueous KOH followed by NaNH₂ (D) Zn/CH₃OH"
2007_1_Q28,The number of structural isomers for C₆H₁₄ is (A) 3 (B) 4 (C) 5 (D) 6
2007_1_Q29,The percentage of p-character in the orbitals forming P-P bonds in P₄ is (A) 25 (B) 33 (C) 50 (D) 75
2007_1_Q30,"When 20 g of naphthoic acid (C₁₁H₈O₂) is dissolved in 50 g of benzene (K_f = 1.72 K kg mol⁻¹), a freezing point depression of 2 K is observed. The van't Hoff factor (i) is (A) 0.5 (B) 1 (C) 2 (D) 3"
2007_1_Q31,"The value of log₁₀K for a reaction A ⇌ B is (Given: ΔᵣH₂₉₈K = -54.07 kJ mol⁻¹, ΔᵣS₂₉₈K = 10 J K⁻¹ mol⁻¹ and R = 8.314 J K⁻¹ mol⁻¹; 2.303×8.314×298=5705) (A) 5 (B) 10 (C) 95 (D) 100"
2007_1_Q32,"STATEMENT-1: Boron always forms covalent bond. because STATEMENT-2: The small size of B³⁺ favours formation of covalent bond. (A) Statement-1 is True, Statement-2 is True; Statement-2 is a correct explanation for Statement-1 (B) Statement-1 is True, Statement-2 is True; Statement-2 is NOT a correct explanation for Statement-1 (C) Statement-1 is True, Statement-2 is False (D) Statement-1 is False, Statement-2 is True"
2007_1_Q33,"STATEMENT-1: In water, orthoboric acid behaves as a weak monobasic acid. because STATEMENT-2: In water, orthoboric acid acts as a proton donor. (A) Statement-1 is True, Statement-2 is True; Statement-2 is a correct explanation for Statement-1 (B) Statement-1 is True, Statement-2 is True; Statement-2 is NOT a correct explanation for Statement-1 (C) Statement-1 is True, Statement-2 is False (D) Statement-1 is False, Statement-2 is True"
2007_1_Q34,"STATEMENT-1: p-Hydroxybenzoic acid has a lower boiling point than o-hydroxybenzoic acid. because STATEMENT-2: o-Hydroxybenzoic acid has intramolecular hydrogen bonding. (A) Statement-1 is True, Statement-2 is True; Statement-2 is a correct explanation for Statement-1 (B) Statement-1 is True, Statement-2 is True; Statement-2 is NOT a correct explanation for Statement-1 (C) Statement-1 is True, Statement-2 is False (D) Statement-1 is False, Statement-2 is True"
2007_1_Q35,"STATEMENT-1: Micelles are formed by surfactant molecules above the critical micellar concentration (CMC). because STATEMENT-2: The conductivity of a solution having surfactant molecules decreases sharply at the CMC. (A) Statement-1 is True, Statement-2 is True; Statement-2 is a correct explanation for Statement-1 (B) Statement-1 is True, Statement-2 is True; Statement-2 is NOT a correct explanation for Statement-1 (C) Statement-1 is True, Statement-2 is False (D) Statement-1 is False, Statement-2 is True"
2007_1_Q36,Argon is used in arc welding because of its (A) low reactivity with metal (B) ability to lower the melting point of metal (C) flammability (D) high calorific value
2007_1_Q37,The structure of XeO₃ is (A) linear (B) planar (C) pyramidal (D) T-shaped
2007_1_Q38,XeF₄ and XeF₆ are expected to be (A) oxidizing (B) reducing (C) unreactive (D) strongly basic
2007_1_Q39,"Chemical reactions involve interaction of atoms and molecules. A large number of atoms/molecules (approximately 6.023 × 10²³) are present in a few grams of any chemical compound varying with their atomic/molecular masses. To handle such large numbers conveniently, the mole concept was introduced. This concept has implications in diverse areas such as analytical chemistry, biochemistry, electrochemistry and radiochemistry. The following example illustrates a typical case, involving chemical/electrochemical reaction, which requires a clear understanding of the mole concept. A 4.0 molar aqueous solution of NaCl is prepared and 500 mL of this solution is electrolysed. This leads to the evolution of chlorine gas at one of the electrodes (atomic mass: Na = 23, Hg = 200; 1 Faraday = 96500 coulombs). The total number of moles of chlorine gas evolved is (A) 0.5 (B) 1.0 (C) 2.0 (D) 3.0"
2007_1_Q40,"Chemical reactions involve interaction of atoms and molecules. A large number of atoms/molecules (approximately 6.023 × 10²³) are present in a few grams of any chemical compound varying with their atomic/molecular masses. To handle such large numbers conveniently, the mole concept was introduced. This concept has implications in diverse areas such as analytical chemistry, biochemistry, electrochemistry and radiochemistry. The following example illustrates a typical case, involving chemical/electrochemical reaction, which requires a clear understanding of the mole concept. A 4.0 molar aqueous solution of NaCl is prepared and 500 mL of this solution is electrolysed. This leads to the evolution of chlorine gas at one of the electrodes (atomic mass: Na = 23, Hg = 200; 1 Faraday = 96500 coulombs). If the cathode is a Hg electrode, the maximum weight (g) of amalgam formed from this solution is (A) 200 (B) 225 (C) 400 (D) 446"
2007_1_Q41,"Chemical reactions involve interaction of atoms and molecules. A large number of atoms/molecules (approximately 6.023 × 10²³) are present in a few grams of any chemical compound varying with their atomic/molecular masses. To handle such large numbers conveniently, the mole concept was introduced. This concept has implications in diverse areas such as analytical chemistry, biochemistry, electrochemistry and radiochemistry. The following example illustrates a typical case, involving chemical/electrochemical reaction, which requires a clear understanding of the mole concept. A 4.0 molar aqueous solution of NaCl is prepared and 500 mL of this solution is electrolysed. This leads to the evolution of chlorine gas at one of the electrodes (atomic mass: Na = 23, Hg = 200; 1 Faraday = 96500 coulombs). The total charge (coulombs) required for complete electrolysis is (A) 24125 (B) 48250 (C) 96500 (D) 193000"
2007_1_Q42,Match the complexes in Column I with their properties listed in Column II. Indicate your answer by darkening the appropriate bubbles of the 4 x 4 matrix given in the ORS. Column I (A) [Co(NH₃)₄(H₂O)₂]Cl₂ (B) [Pt(NH₃)₂Cl₂] (C) [Co(H₂O)₅Cl]Cl (D) [Ni(H₂O)₆]Cl₂ Column II (p) geometrical isomers (q) paramagnetic (r) diamagnetic (s) metal ion with +2 oxidation state
2007_1_Q43,"Match the chemical substances in Column I with type of polymers/type of bonds in Column II. Indicate your answer by darkening the appropriate bubbles of the 4 x 4 matrix given in the ORS. Column I (A) cellulose (B) nylon-6, 6 (C) protein (D) sucrose Column II (p) natural polymer (q) synthetic polymer (r) amide linkage (s) glycoside linkage"
2007_1_Q44,"Match gases under specified conditions listed in Column I with their properties/laws in Column II. Indicate your answer by darkening appropriate bubbles of the 4 x 4 matrix given in the ORS. Column I (A) hydrogen gas (P = 200 atm, T = 273 K) (B) hydrogen gas (P ~ 0, T = 273 K) (C) CO₂ (P = 1 atm, T = 273 K) (D) real gas with very large molar volume Column II (p) compressibility factor ≠ 1 (q) attractive forces are dominant (r) PV=nRT (s) P(V-nb) = nRT"
2007_1_Q45,"Let α, β be the roots of the equation x² - px + r = 0 and α/2, 2β be the roots of the equation x² - qx + r = 0. Then the value of r is (A) (2/9)(p-q)(2q-p) (B) (2/9)(q-p)(2p-q) (C) (2/9)(q-2p)(2q-p) (D) (2/9)(2p-q)(2q-p)"
2007_1_Q46,"Let f(x) be differentiable on the interval (0,∞) such that f(1) = 1, and lim (t²f(x)-x²f(t))/(t-x) = 1 for each x > 0. Then f(x) is (A) 1/(3x) + 2x²/3 (B) -1/x + 4x²/3 (C) -1/x² + 2/x (D) 1/x"
2007_1_Q47,One Indian and four American men and their wives are to be seated randomly around a circular table. Then the conditional probability that the Indian man is seated adjacent to his wife given that each American man is seated adjacent to his wife is (A) 1/2 (B) 1/3 (C) 2/5 (D) 1/5
2007_1_Q48,"The tangent to the curve y = eˣ drawn at the point (c, eᶜ) intersects the line joining the points (c-1, e⁻¹) and (c+1, eᶜ⁺¹) (A) on the left of x = c (B) on the right of x = c (C) at no point (D) at all points"
2007_1_Q49,lim_{x→π/4} (sec²x ∫₂ˣ f(t) dt) / (4x² - π²/16) equals (A) (8/π)f(2) (B) 2f(2) (C) (2/π)f(2) (D) 4f(2)
2007_1_Q50,"A hyperbola, having the transverse axis of length 2 sin θ, is confocal with the ellipse 3x² + 4y² = 12. Then its equation is (A) x² cosec² θ - y² sec² θ = 1 (B) x² sec² θ - y² cosec² θ = 1 (C) x² sin² θ - y² cos² θ = 1 (D) x² cos² θ - y² sin² θ = 1"
2007_1_Q51,"The number of distinct real values of λ, for which the vectors - λ²i + j + k, i - λ²j + k and i + j - λ²k are coplanar, is (A) zero (B) one (C) two (D) three"
2007_1_Q52,"A man walks a distance of 3 units from the origin towards the north-east (N 45° E) direction. From there, he walks a distance of 4 units towards the north-west (N 45°W) direction to reach a point P. Then the position of P in the Argand plane is (A) 3e^(iπ/4) + 4i (B) (3-4i)e^(iπ/4) (C) (4+3i)e^(iπ/4) (D) (3+4i)e^(iπ/4)"
2007_1_Q53,"The number of solutions of the pair of equations 2 sin² θ - cos 2θ = 0, 2 cos² θ - 3 sin θ = 0 in the interval [0,2π] is (A) zero (B) one (C) two (D) four"
2007_1_Q54,"Let H₁, H₂, ..., H_n be mutually exclusive and exhaustive events with P(H_i) > 0, i = 1, 2,...,n. Let E be any other event with 0 < P(E) < 1. STATEMENT-1: P(H_i | E) > P(E | H_i) P(H_i) for i = 1, 2, ..., n. because STATEMENT-2: Σ(from i=1 to n) P(H_i) = 1. (A) Statement-1 is True, Statement-2 is True; Statement-2 is a correct explanation for Statement-1 (B) Statement-1 is True, Statement-2 is True; Statement-2 is NOT a correct explanation for Statement-1 (C) Statement-1 is True, Statement-2 is False (D) Statement-1 is False, Statement-2 is True"
2007_1_Q55,"Tangents are drawn from the point (17, 7) to the circle x² + y² = 169. STATEMENT-1: The tangents are mutually perpendicular. because STATEMENT-2: The locus of the points from which mutually perpendicular tangents can be drawn to the given circle is x² + y² = 338. (A) Statement-1 is True, Statement-2 is True; Statement-2 is a correct explanation for Statement-1 (B) Statement-1 is True, Statement-2 is True; Statement-2 is NOT a correct explanation for Statement-1 (C) Statement-1 is True, Statement-2 is False (D) Statement-1 is False, Statement-2 is True"
2007_1_Q56,"Let the vectors PQ→, QR→, RS→, ST→, TU→ and UP→ represent the sides of a regular hexagon. STATEMENT-1: PQ→ x (RS→ + ST→) ≠ 0. because STATEMENT-2: PQ→ x RS→ = 0 and PQ→ x ST→ ≠ 0. (A) Statement-1 is True, Statement-2 is True; Statement-2 is a correct explanation for Statement-1 (B) Statement-1 is True, Statement-2 is True; Statement-2 is NOT a correct explanation for Statement-1 (C) Statement-1 is True, Statement-2 is False (D) Statement-1 is False, Statement-2 is True"
2007_1_Q57,"Let F(x) be an indefinite integral of sin²x. STATEMENT-1: The function F(x) satisfies F(x + π) = F(x) for all real x. because STATEMENT-2 : sin²(x + π) = sin² x for all real x. (A) Statement-1 is True, Statement-2 is True; Statement-2 is a correct explanation for Statement-1 (B) Statement-1 is True, Statement-2 is True; Statement-2 is NOT a correct explanation for Statement-1 (C) Statement-1 is True, Statement-2 is False (D) Statement-1 is False, Statement-2 is True"
2007_1_Q58,"M58-60: Paragraph for Question Nos. 58 to 60 Let V_r denote the sum of the first r terms of an arithmetic progression (A.P.) whose first term is r and the common difference is (2r-1). Let T_r = V_{r+1} - V_r - 2 and Q_r = T_{r+1} - T_r for r = 1, 2,... The sum V₁ + V₂ + ... + V_n is (A) (1/12)n(n+1)(3n²-n+1) (B) (1/12)n(n+1)(3n²+n+2) (C) (1/2)n(2n²-n+1) (D) (1/3)(2n³-2n+3)"
2007_1_Q59,T_r is always (A) an odd number (C) a prime number (B) an even number (D) a composite number
2007_1_Q60,"Which one of the following is a correct statement? (A) Q₁, Q₂, Q₃,... are in A.P. with common difference 5 (B) Q₁, Q₂, Q₃,... are in A.P. with common difference 6 (C) Q₁, Q₂, Q₃,... are in A.P. with common difference 11 (D) Q₁ = Q₂ = Q₃ =..."
2007_1_Q61,"M61-63: Paragraph for Question Nos. 61 to 63 Consider the circle x² + y² = 9 and the parabola y² = 8x. They intersect at P and Q in the first and the fourth quadrants, respectively. Tangents to the circle at P and Q intersect the x-axis at R and tangents to the parabola at P and Q intersect the x-axis at S. The ratio of the areas of the triangles PQS and PQR is (A) 1:√2 (B) 1:2 (C) 1:4 (D) 1:8"
2007_1_Q62,The radius of the circumcircle of the triangle PRS is (A) 5 (B) 3√3 (C) 3√2 (D) 2√3
2007_1_Q63,The radius of the incircle of the triangle PQR is (A) 4 (B) 3 (C) 8/3 (D) 2
2007_1_Q64,Consider the following linear equations ax + by + cz = 0 bx + cy + az = 0 cx + ay + bz = 0 Match the conditions/expressions in Column I with statements in Column II and indicate your answer by darkening appropriate bubbles in the 4 x 4 matrix given in the ORS. Column I (A) a+b+c ≠ 0 and a² + b²+c² = ab + bc + ca (B) a+b+c = 0 and a² + b²+c² ≠ ab + bc + ca (C) a+b+c ≠ 0 and a² + b²+c² ≠ ab + bc + ca (D) a+b+c = 0 and a² + b²+c² = ab + bc + ca Column II (p) the equations represent planes meeting only at a single point. (q) the equations represent the line x = y = z. (r) the equations represent identical planes. (s) the equations represent the whole of the three dimensional space.
2007_1_Q65,"In the following [x] denotes the greatest integer less than or equal to x. Match the functions in Column I with the properties in Column II and indicate your answer by darkening the appropriate bubbles in the 4 x 4 matrix given in the ORS. Column I (A) x|x| (B) √|x| (C) x+[x] (D) |x-1|+|x+1| Column II (p) continuous in (-1, 1) (q) differentiable in (-1, 1) (r) strictly increasing in (-1, 1) (s) not differentiable at least at one point in (-1, 1)"
2007_1_Q66,Match the integrals in Column I with the values in Column II and indicate your answer by darkening the appropriate bubbles in the 4 x 4 matrix given in the ORS. Column I (A) ∫(from -1 to 1) dx/(1+x²) (B) ∫(from 0 to 1) dx/√(1-x²) (C) ∫(from 0 to 1) dx/(1-x²) (D) ∫(from 1 to 2) dx/(x√(x²-1)) Column II (p) (1/2)log(2/3) (q) 2log(2/3) (r) π/3 (s) π/2
2007_2_Q01,"1. In the experiment to determine the speed of sound using a resonance column,
(A) prongs of the tuning fork are kept in a vertical plane
(B) prongs of the tuning fork are kept in a horizontal plane
(C) in one of the two resonances observed, the length of the resonating air column is
close to the wavelength of sound in air
(D) in one of the two resonances observed, the length of the resonating air column is
close to half of the wavelength of sound in air"
2007_2_Q02,"2. A student performs an experiment to determine the Young's modulus of a wire,
exactly 2 m long, by Searle's method. In a particular reading, the student measures
the extension in the length of the wire to be 0.8 mm with an uncertainty of
±0.05 mm at a load of exactly 1.0 kg. The student also measures the diameter of the
wire to be 0.4 mm with an uncertainty of ±0.01 mm. Take g = 9.8 m/s² (exact). The
Young's modulus obtained from the reading is
(A) (2.0±0.3) × 10¹¹ N/m²
(C) (2.0±0.1) × 10¹¹ N/m²
(B) (2.0±0.2) × 10¹¹ N/m²
(D) (2.0±0.05) × 10¹¹ N/m²"
2007_2_Q03,"3. A particle moves in the X-Y plane under the influence of a force such that its linear
momentum is p(t) = A[i cos(kt) -j sin (kt)], where A and k are constants.
The angle between the force and the momentum is
(A) 0°
(B) 30°
(C) 45°
(D) 90°"
2007_2_Q04,"4. A small object of uniform density rolls up a curved surface with an initial
3v2
velocity v. It reaches up to a maximum height of
with respect to the initial
4g
position. The object is
(A) ring
(B) solid sphere (C) hollow sphere (D) disc"
2007_2_Q05,"5. Water is filled up to a height h in a beaker of radius R as
shown in the figure. The density of water is p, the surface
tension of water is T and the atmospheric pressure is Po.
Consider a vertical section ABCD of the water column
through a diameter of the beaker. The force on water on one
side of this section by water on the other side of this section
has magnitude
(A) 2P Rh+πR² pgh-2RT|
(B) 2P Rh+Rpgh²-2RT|
(C) ΡοπR2+Rpgh²-2RT|
(D) ΡοπR2 + Rpgh² +2RT|"
2007_2_Q06,"6. A spherical portion has been removed from a solid sphere having a charge distributed
uniformly in its volume as shown in the figure. The electric field inside the emptied
space is
(A) zero everywhere
(B) non-zero and uniform
(C) non-uniform
(D) zero only at its center"
2007_2_Q07,"7. Positive and negative point charges of equal magnitude are kept at (0, 0, )
(0,0,%), respectively. The work done by the electric field when another positive
point charge is moved from (-a, 0, 0) to (0, a, 0) is
(A) positive
(B) negative
(C) zero
(D) depends on the path connecting the initial and final positions"
2007_2_Q08,"8. A magnetic field B = Boj exists in the region
a<x<2a and B=-Boj, in the region
2a<x<3a, where Bo is a positive constant.
A positive point charge moving with a velocity
v=voi, where vo is a positive constant,
enters the magnetic field at x=a. The
trajectory of the charge in this region can be
like,
(A) z
(B)
(C)
(D)"
2007_2_Q09,"9. Electrons with de-Broglie wavelength λ fall on the target in an X-ray tube. The
cut-off wavelength of the emitted X-rays is
(A) λο = 2mc λ2
h
(B) λο= 2h
mc
(C) λο = 2m² c² λ³
h2
(D) λο = λ"
2007_2_Q10,"10. STATEMENT-1
If there is no external torque on a body about its center of mass, then the velocity of
the center of mass remains constant.
because
STATEMENT-2
The linear momentum of an isolated system remains constant.
(A) Statement-1 is True, Statement-2 is True; Statement-2 is a correct explanation
for Statement-1
(B) Statement-1 is True, Statement-2 is True; Statement-2 is NOT a correct
explanation for Statement-1
(C) Statement-1 is True, Statement-2 is False
(D) Statement-1 is False, Statement-2 is True"
2007_2_Q11,"11. STATEMENT-1
A cloth covers a table. Some dishes are kept on it. The cloth can be pulled out without
dislodging the dishes from the table.
because
STATEMENT-2
For every action there is an equal and opposite reaction.
(A) Statement-1 is True, Statement-2 is True; Statement-2 is a correct explanation
for Statement-1
(B) Statement-1 is True, Statement-2 is True; Statement-2 is NOT a correct
explanation for Statement-1
(C) Statement-1 is True, Statement-2 is False
(D) Statement-1 is False, Statement-2 is True"
2007_2_Q12,"12. STATEMENT-1
A vertical iron rod has a coil of wire wound over it at the
bottom end. An alternating current flows in the coil. The rod
goes through a conducting ring as shown in the figure. The
ring can float at a certain height above the coil.
because
STATEMENT-2
In the above situation, a current is induced in the ring which
interacts with the horizontal component of the magnetic field
to produce an average force in the upward direction.
(A) Statement-1 is True, Statement-2 is True; Statement-2 is a correct explanation
for Statement-1
(B) Statement-1 is True, Statement-2 is True; Statement-2 is NOT a correct
explanation for Statement-1
(C) Statement-1 is True, Statement-2 is False
(D) Statement-1 is False, Statement-2 is True"
2007_2_Q13,"13. STATEMENT-1
The total translational kinetic energy of all the molecules of a given mass of an ideal
gas is 1.5 times the product of its pressure and its volume.
because
STATEMENT-2
The molecules of a gas collide with each other and the velocities of the molecules
change due to the collision.
(A) Statement-1 is True, Statement-2 is True; Statement-2 is a correct explanation
for Statement-1
(B) Statement-1 is True, Statement-2 is True; Statement-2 is NOT a correct
explanation for Statement-1
(C) Statement-1 is True, Statement-2 is False
(D) Statement-1 is False, Statement-2 is True"
2007_2_Q14,"14. The speed of sound of the whistle is
(A) 340 m/s for passengers in A and 310 m/s for passengers in B
(B) 360 m/s for passengers in A and 310 m/s for passengers in B
(C) 310 m/s for passengers in A and 360 m/s for passengers in B
(D) 340 m/s for passengers in both the trains"
2007_2_Q15,"15. The distribution of the sound intensity of the whistle as observed by the passengers
in train A is best represented by
(A)
(B)
(C)
(D)"
2007_2_Q16,"16. The spread of frequency as observed by the passengers in train B is
(A) 310 Hz
(B) 330 Hz
(C) 350 Hz
(D) 290 Hz"
2007_2_Q17,"17. Light travels as a
(A) parallel beam in each medium
(B) convergent beam in each medium
(C) divergent beam in each medium
(D) divergent beam in one medium and convergent beam in the other medium"
2007_2_Q18,"18. The phases of the light wave at c, d, e and f are c, d, e and of respectively.
It is given that ≠ f.
(A) cannot be equal to d
(B) d can be equal to de
(C) (a r) is equal to (e – p)
(D) (d) is not equal to (– e)"
2007_2_Q19,"19. Speed of light is
(A) the same in medium-1 and medium-2
(B) larger in medium-1 than in medium-2
(C) larger in medium-2 than in medium-1
(D) different at b and d"
2007_2_Q20,"20. Column I describes some situations in which a small object moves. Column II
describes some characteristics of these motions. Match the situations in Column I
with the characteristics in Column II and indicate your answer by darkening
appropriate bubbles in the 4 x 4 matrix given in the ORS.
Column I
(A) The object moves on the x-axis under a
conservative force in such a way that its
""speed"" and ""position"" satisfy v = C1√C2-x²,
where c₁ and c₂ are positive constants.
(B) The object moves on the x-axis in such a way
that its velocity and its displacement from
the origin satisfy v=-kx, where k is a
positive constant.
(C) The object is attached to one end of a
mass-less spring of a given spring constant.
The other end of the spring is attached to the
ceiling of an elevator. Initially everything is
at rest. The elevator starts going upwards
with a constant acceleration a. The motion
of the object is observed from the elevator
during the period it maintains this
acceleration.
(D) The object is projected from the earth's
surface vertically upwards with a speed
2/GM/R, where, M. is the mass of the
earth and R is the radius of the earth.
Neglect forces from objects other than the
earth.
Column II
(p) The object executes a
simple harmonic motion.
(q) The object does not
change its direction.
(r) The kinetic energy of the
object keeps on decreasing.
(s) The object can change its
direction only once."
2007_2_Q21,"21. Two wires each carrying a steady current I are shown in four configurations in
Column I. Some of the resulting effects are described in Column II. Match the
statements in Column I with the statements in Column II and indicate your
answer by darkening appropriate bubbles in the 4×4 matrix given in the ORS.
Column I
(A) Point P is situated
midway between the
wires.
(B) Point P is situated at
the mid-point of the
line joining the centers
of the circular wires,
which have same radii.
(C) Point P is situated at
the mid-point of the
line joining the
centers of the circular
wires, which have
same radii.
(D) Point P is situated at
the common center of
the wires.
Column II
(p) The magnetic fields (B)
at P due to the currents
in the wires are in the
same direction.
(q) The magnetic fields (B)
at P due to the currents
in the wires are in
opposite directions.
(r) There is no magnetic
field at P.
(s) The wires repel each
other."
2007_2_Q22,"22. Column I gives some devices and Column II gives some processes on which the
functioning of these devices depend. Match the devices in Column I with the
processes in Column II and indicate your answer by darkening appropriate bubbles
in the 4 x 4 matrix given in the ORS.
Column I
(A) Bimetallic strip
(B) Steam engine
(C) Incandescent lamp
(D) Electric fuse
Answer A- 's, q' OR 's' alone
Column II
(p) Radiation from a hot body
(q) Energy conversion
(r) Melting
(s) Thermal expansion of solids
B-'q'
C-'p, q' OR 'p' alone
D-'q,r' OR 'r' alone"
2007_2_Q23,"23. Consider a titration of potassium dichromate solution with acidified Mohr's salt
solution using diphenylamine as indicator. The number of moles of Mohr's salt
required per mole of dichromate is
(A) 3
(B) 4
(C) 5
(D) 6"
2007_2_Q24,"24. Among the following metal carbonyls, the C-O bond order is lowest in
(A) [Mn(CO)6]+
(B) [Fe(CO)5]
(C) [Cr(CO)6]
(D) [V(CO)6]"
2007_2_Q25,"25. A solution of a metal ion when treated with KI gives a red precipitate which dissolves
in excess KI to give a colourless solution. Moreover, the solution of metal ion on
treatment with a solution of cobalt (II) thiocyanate gives rise to a deep blue
crystalline precipitate. The metal ion is
(A) Pb²+
(B) Hg²+
(C) Cu²+
(D) Co²+"
2007_2_Q26,"26. Cyclohexene on ozonolysis followed by reaction with zinc dust and water gives
compound E. Compound E on further treatment with aqueous KOH yields
compound F. Compound F is
(A)
CHO
(B)
CHO
(C)
(D)
CO₂H
-COOH
CO₂H"
2007_2_Q27,"27. The number of stereoisomers obtained by bromination of trans-2-butene is
(A) 1
(B) 2
(C) 3
(D) 4"
2007_2_Q28,"28. Among the following, the least stable resonance structure is
(A)
(B)
(C)
(D)"
2007_2_Q29,"29. A positron is emitted from 23 Na. The ratio of the atomic mass and atomic number of
11
the resulting nuclide is
(A) 22/10
(C) 23/10
(B) 22/11
(D) 23/12"
2007_2_Q30,"30. For the process H₂O(l) (1 bar, 373 K) → H₂O(g) (1 bar, 373 K), the correct set of
thermodynamic parameters is
(A) ∆G = 0, ∆S = +ve
(C) ∆G = +ve, ∆S = 0
(B) ∆G = 0, ∆S = -ve
(D) ∆G = -ve, ∆S =+ve"
2007_2_Q31,"31. Consider a reaction aG + bH → Products. When concentration of both the reactants
G and H is doubled, the rate increases by eight times. However, when concentration
of G is doubled keeping the concentration of H fixed, the rate is doubled. The overall
order of the reaction is
(A) 0
(B) 1
(C) 2
(D) 3"
2007_2_Q32,"32. STATEMENT-1: Alkali metals dissolve in liquid ammonia to give blue solutions.
because
STATEMENT-2: Alkali metals in liquid ammonia give solvated species of the type
[M(NH3)x]+ (M = alkali metals).
(A) Statement-1 is True, Statement-2 is True; Statement-2 is a correct explanation
for Statement-1
(B) Statement-1 is True; Statement-2 is True; Statement-2 is NOT a correct
explanation for Statement-1
(C) Statement-1 is True, Statement-2 is False
(D) Statement-1 is False, Statement-2 is True"
2007_2_Q33,"33. STATEMENT-1: Glucose gives a reddish-brown precipitate with Fehling's solution.
because
STATEMENT-2: Reaction of glucose with Fehling's solution gives CuO and
gluconic acid.
(A) Statement-1 is True, Statement-2 is True; Statement-2 is a correct explanation
for Statement-1
(B) Statement-1 is True, Statement-2 is True; Statement-2 is NOT a correct
explanation for Statement-1
(C) Statement-1 is True, Statement-2 is False
(D) Statement-1 is False, Statement-2 is True"
2007_2_Q34,"34. STATEMENT-1: Molecules that are not superimposable on their mirror images are
chiral.
because
STATEMENT-2: All chiral molecules have chiral centres.
(A) Statement-1 is True, Statement-2 is True; Statement-2 is a correct explanation
for Statement-1
(B) Statement-1 is True, Statement-2 is True; Statement-2 is NOT a correct
explanation for Statement-1
(C) Statement-1 is True, Statement-2 is False
(D) Statement-1 is False, Statement-2 is True"
2007_2_Q35,"35. STATEMENT-1: Band gap in germanium is small.
because
STATEMENT-2: The energy spread of each germanium atomic energy level is
infinitesimally small.
(A) Statement-1 is True, Statement-2 is True; Statement-2 is a correct explanation
for Statement-1
(B) Statement-1 is True, Statement-2 is True; Statement-2 is NOT a correct
explanation for Statement-1
(C) Statement-1 is True, Statement-2 is False
(D) Statement-1 is False, Statement-2 is True"
2007_2_Q36,"36. Among the following, identify the correct statement.
(A) Chloride ion is oxidised by O₂
(B) Fe²⁺ is oxidised by iodine
(C) Iodide ion is oxidised by chlorine (D) Mn²⁺ is oxidised by chlorine"
2007_2_Q37,"37. While Fe³⁺ is stable, Mn³⁺ is not stable in acid solution because
(A) O₂ oxidises Mn²⁺ to Mn³⁺
(B) O₂ oxidises both Mn²⁺ to Mn³⁺ and Fe²⁺ to Fe³⁺
(C) Fe³⁺ oxidises H₂O to O₂
(D) Mn³⁺ oxidises H₂O to O₂"
2007_2_Q38,"38. Sodium fusion extract, obtained from aniline, on treatment with iron(II) sulphate
and H₂SO₄ in presence of air gives a Prussian blue precipitate. The blue colour is
due to the formation of
(A) Fe₄[Fe(CN)₆]₃
(C) Fe₄[Fe(CN)₆]₂
(B) Fe₃[Fe(CN)₆]₂
(D) Fe₃[Fe(CN)₆]₃"
2007_2_Q39,"39. Which one of the following reagents is used in the above reaction?
(A) aq. NaOH + CH₃Cl
(C) aq. NaOH + CHCl₃
(B) aq. NaOH + CH₂Cl₂
(D) aq. NaOH + CCl₄"
2007_2_Q40,"40. The electrophile in this reaction is
(A) :CHCI
(B) +CHCl₂
(C) :CCl₂
(D) CCl₃"
2007_2_Q41,"41. The structure of the intermediate I is
(A)
(B)
(C)
(D)"
2007_2_Q42,"42. Match the reactions in Column I with nature of the reactions/type of the products in
Column II. Indicate your answer by darkening the appropriate bubbles of the
4 x 4 matrix given in the ORS.
Column I
(A) O₂ → O₂⁻ + O₂⁻
(B) CrO₄²⁻ + H⁺ →
(C) MnO₄⁻ + NO₂⁻ + H⁺ →
(D) NO₂⁻ + H₂SO₄ + Fe²⁺ →
Column II
(p) redox reaction
(q) one of the products has trigonal
planar structure
(r) dimeric bridged tetrahedral metal ion
(s) disproportionation"
2007_2_Q43,"43. Match the compounds/ions in Column I with their properties/reactions in Column II.
Indicate your answer by darkening the appropriate bubbles of the
4 x 4 matrix given in the ORS.
Column I
(A) CH₃CHO
(B) CH₃C≡CH
(C) CN⁻
(D) I⁻
Column II
(p) gives precipitate with
2,4-dinitrophenylhydrazine
(q) gives precipitate with AgNO₃
(r) is a nucleophile
(s) is involved in cyanohydrin formation"
2007_2_Q44,"44. Match the crystal system/unit cells mentioned in Column I with their characteristic
features mentioned in Column II. Indicate your answer by darkening the
appropriate bubbles of the 4 x 4 matrix given in the ORS.
Column I
(A) simple cubic and face-centred
cubic
(B) cubic and rhombohedral
(C) cubic and tetragonal
(D) hexagonal and monoclinic
Column II
(p) have these cell parameters
a=b=c and α = β = γ
(q) are two crystal systems
(r) have only two crystallographic
angles of 90°
(s) belong to same crystal system"
2007_2_Q45,"45. Let O (0, 0), P(3, 4), Q (6,0) be the vertices of the triangle OPQ. The point R inside
the triangle OPQ is such that the triangles OPR, PQR, OQR are of equal area. The
coordinates of R are
(A) (4/3, 3)
(C) (3, 4/3)
(B) (3, 2/3)
(D) (4/3, 2/3)"
2007_2_Q46,"46. If |z|=1 and z ≠ ±1, then all the values of z/(1-z²) lie on
(A) a line not passing through the origin
(B) |z| = √2
(C) the x-axis
(D) the y-axis"
2007_2_Q47,"47. Let Eᶜ denote the complement of an event E. Let E, F, G be pairwise independent
events with P(G) > 0 and P(Eᶜ ∩ F ∩ G) = 0. Then P (Eᶜ ∩ Fᶜ | G) equals
(A) P(Eᶜ)+P(Fᶜ)
(C) P(Eᶜ)-P(F)
(B) P(Eᶜ)-P(Fᶜ)
(D) P(E)-P(Fᶜ)"
2007_2_Q48,"48. d²x/dy² equals
(A) (d²y/dx²)⁻¹
(B) -(d²y/dx²)⁻¹ (dy/dx)⁻³
(C) (d²y/dx²)(dy/dx)⁻²
(D) -(d²y/dx²)(dy/dx)⁻³"
2007_2_Q49,"49. The differential equation dy/dx = √(1-y²)/y determines a family of circles with
(A) variable radii and a fixed centre at (0, 1)
(B) variable radii and a fixed centre at (0, -1)
(C) fixed radius 1 and variable centres along the x-axis
(D) fixed radius 1 and variable centres along the y-axis"
2007_2_Q50,"50. Let a, b, c be unit vectors such that a + b + c = 0. Which one of the following is
correct?
(A) a × b = b × c = c × a = 0
(B) a × b = b × c = c × a ≠ 0
(C) a × b = b × c = a × c ≠ 0
(D) a × b, b × c, c × a are mutually perpendicular"
2007_2_Q51,"51. Let ABCD be a quadrilateral with area 18, with side AB parallel to the side CD and
AB = 2 CD. Let AD be perpendicular to AB and CD. If a circle is drawn inside the
quadrilateral ABCD touching all the sides, then its radius is
(A) 3
(B) 2
(C) 3/2
(D) 1"
2007_2_Q52,"52. Let f(x) = x/(1+xⁿ)¹/ⁿ for n≥2 and g(x) = (f o f o ... o f) (x). Then ∫xⁿ⁻²g(x)dx
f occurs n times
equals
(A) 1/(n-1)(1+nxⁿ)¹/ⁿ + K
(B) 1/(n-1)(1+nxⁿ)⁻¹⁺¹/ⁿ + K
(C) 1/(n(n+1))(1+nxⁿ)¹/ⁿ + K
(D) 1/(n+1)(1+nxⁿ)⁻¹⁺¹/ⁿ + K"
2007_2_Q53,"53. The letters of the word COCHIN are permuted and all the permutations are
arranged in an alphabetical order as in an English dictionary. The number of words
that appear before the word COCHIN is
(A) 360
(B) 192
(C) 96
(D) 48"
2007_2_Q54,"54. Consider the planes 3x – 6y – 2z = 15 and 2x + y – 2z = 5.
STATEMENT-1: The parametric equations of the line of intersection of the given
planes are x = 3+14t, y = 1+2t, z = 15t.
because
STATEMENT-2: The vector 14i + 2j + 15k is parallel to the line of intersection of
given planes.
(A) Statement-1 is True, Statement-2 is True; Statement-2 is a correct explanation
for Statement-1
(B) Statement-1 is True, Statement-2 is True; Statement-2 is NOT a correct
explanation for Statement-1
(C) Statement-1 is True, Statement-2 is False
(D) Statement-1 is False, Statement-2 is True"
2007_2_Q55,"55. STATEMENT-1: The curve y = -x²/2 + x + 1 is symmetric with respect to the line
x = 1.
because
STATEMENT-2: A parabola is symmetric about its axis.
(A) Statement-1 is True, Statement-2 is True; Statement-2 is a correct explanation
for Statement-1
(B) Statement-1 is True, Statement-2 is True; Statement-2 is NOT a correct
explanation for Statement-1
(C) Statement-1 is True, Statement-2 is False
(D) Statement-1 is False, Statement-2 is True"
2007_2_Q56,"56. Let f(x) = 2 + cos x for all real x.
STATEMENT-1: For each real t, there exists a point c in [t, t + π] such that
f'(c) = 0.
because
STATEMENT-2: f(t) = f(t + 2π) for each real t.
(A) Statement-1 is True, Statement-2 is True; Statement-2 is a correct explanation
for Statement-1
(B) Statement-1 is True, Statement-2 is True; Statement-2 is NOT a correct
explanation for Statement-1
(C) Statement-1 is True, Statement-2 is False
(D) Statement-1 is False, Statement-2 is True"
2007_2_Q57,"57. Lines L₁: y-x=0 and L₂: 2x+y = 0 intersect the line L₃: y+2=0 at P and Q,
respectively. The bisector of the acute angle between L₁ and L₂ intersects L₃ at R.
STATEMENT-1: The ratio PR: RQ equals 2√2:√5.
because
STATEMENT-2: In any triangle, bisector of an angle divides the triangle into two
similar triangles.
(A) Statement-1 is True, Statement-2 is True; Statement-2 is a correct explanation
for Statement-1
(B) Statement-1 is True, Statement-2 is True; Statement-2 is NOT a correct
explanation for Statement-1
(C) Statement-1 is True, Statement-2 is False
(D) Statement-1 is False, Statement-2 is True"
2007_2_Q58,"58. Which one of the following statements is correct?
(A) G₁ > G₂ > G₃ > ...
(B) G₁ < G₂ < G₃ < ...
(C) G₁ = G₂ = G₃ =
...
(D) G₁ < G₃ < G₅ < ... and G₂ > G₄ > G₆ > ..."
2007_2_Q59,"59. Which one of the following statements is correct?
(A) A₁ > A₂ > A₃ > ...
(B) A₁ < A₂ < A₃ < ...
(C) A₁ > A₃ > A₅ > ... and A₂ < A₄ < A₆ < ...
(D) A₁ < A₃ < A₅ < ... and A₂ > A₄ > A₆ > ..."
2007_2_Q60,"60. Which one of the following statements is correct?
(A) H₁ > H₂ > H₃ > ...
(B) H₁ < H₂ < H₃ < ...
(C) H₁ > H₃ > H₅ > ... and H₂ < H₄ < H₆ < ...
(D) H₁ < H₃ < H₅ < ... and H₂ > H₄ > H₆ > ..."
2007_2_Q61,"61. The line y = x meets y = keˣ for k ≤ 0 at
(A) no point
(C) two points
(B) one point
(D) more than two points"
2007_2_Q62,"62. The positive value of k for which keˣ - x = 0 has only one root is
(A) 1/e
(B) 1
(C) e
(D) log₂e"
2007_2_Q63,"63. For k > 0, the set of all values of k for which keˣ - x = 0 has two distinct roots is
(A) (0, 1/e)
(B) (1/e, 1)
(C) (1/e, ∞)
(D) (0, 1)"
2007_2_Q64,"64. Let f(x) = (x²-6x+5)/(x²-5x+6)
Match the expressions/statements in Column I with expressions/statements in
Column II and indicate your answer by darkening the appropriate bubbles in the
4 x 4 matrix given in the ORS.
Column I
(A) If -1 < x < 1, then f(x) satisfies
(B) If 1 < x < 2, then f(x) satisfies
(C) If 3 < x < 5, then f(x) satisfies
(D) If x > 5, then f(x) satisfies
Column II
(p) 0 < f(x) < 1
(q) f(x) < 0
(r) f(x) > 0
(s) f(x) < 1"
2007_2_Q65,"65. Let (x, y) be such that
sin⁻¹(ax) + cos⁻¹(y) + cos⁻¹(bxy) = π/2
Match the statements in Column I with statements in Column II and indicate your
answer by darkening the appropriate bubbles in the 4 x 4 matrix given in
the ORS.
Column I
(A) If a = 1 and b = 0, then (x, y)
(B) If a = 1 and b = 1, then (x, y)
(C) If a = 1 and b = 2, then (x, y)
(D) If a = 2 and b = 2, then (x, y)
Column II
(p) lies on the circle x² + y² = 1
(q) lies on (x²-1)(y²-1) = 0
(r) lies on y = x
(s) lies on (4x²-1)(y²-1) = 0"
2007_2_Q66,"66. Match the statements in Column I with the properties in Column II and indicate
your answer by darkening the appropriate bubbles in the 4 x 4 matrix given in
the ORS.
Column I
(A) Two intersecting circles
(B) Two mutually external circles
(C) Two circles, one strictly inside
the other
(D) Two branches of a hyperbola
Column II
(p) have a common tangent
(q) have a common normal
(r) do not have a common tangent
(s) do not have a common normal"
2008_1_Q01,"Consider the two curves C1: y² = 4 x C2: x² + y² - 6x + 1 = 0 Then, (A) C₁ and C2 touch each other only at one point (B) C₁ and C2 touch each other exactly at two points (C) C₁ and C2 intersect (but do not touch) at exactly two points (D) C₁ and C2 neither intersect nor touch each other"
2008_1_Q02,"If 0<x<1, then √1 + x² [ {x cos (cot⁻¹ x) + sin (cot⁻¹ x)}² -1]² = (A) x/√1+x² (B) x (C) x√1+x² (D) √1+x²"
2008_1_Q03,"The edges of a parallelopiped are of unit length and are parallel to non-coplanar unit vectors a, b, ĉ such that å ⋅ b = b ⋅ c = ĉ ⋅ å = 1/2. Then, the volume of the parallelopiped is (A) 1/√2 (B) 1/(2√2) (C) √3/2 (D) 1/√3"
2008_1_Q04,"Let a and b be non-zero real numbers. Then, the equation (ax²+by+c) (x²-5xy+6y²) = 0 represents (A) four straight lines, when c = 0 and a, b are of the same sign (B) two straight lines and a circle, when a = b, and c is of sign opposite to that of a (C) two straight lines and a hyperbola, when a and b are of the same sign and c is of sign opposite to that of a (D) a circle and an ellipse, when a and b are of the same sign and e is of sign opposite to that of a"
2008_1_Q05,"Let g(x) = (x-1)ⁿ / log cosᵐ (x-1); 0<x<2, m and n are integers, m≠0, n>0, and let p be the left hand derivative of |x-1| at x = 1. If lim_(x→1+) g(x) = p, then (A) n=1, m = 1 (B) n=1, m = -1 (C) n=2, m = 2 (D) n>2, m = n"
2008_1_Q06,"The total number of local maxima and local minima of the function f(x) = {(2+x)³, -3< x ≤-1 ; x^(2/3), -1<x<2} is (A) 0 (B) 1 (C) 2 (D) 3"
2008_1_Q07,"A straight line through the vertex P of a triangle PQR intersects the side QR at the point S and the circumcircle of the triangle PQR at the point T. If S is not the centre of the circumcircle, then (A) 1/PS + 1/ST < 2/√(QS×SR) (B) 1/PS + 1/ST > 2/√(QS×SR) (C) 1/PS + 1/ST < 4/QR (D) 1/PS + 1/ST > 4/QR"
2008_1_Q08,"Let P(x1, y1) and Q(x2, y2), y₁ <0, y₂ <0, be the end points of the latus rectum of the ellipse x² + 4y² = 4. The equations of parabolas with latus rectum PQ are (A) x²+2√3 y = 3+√3 (B) x²-2√3 y = 3+√3 (C) x²+2√3 y = 3-√3 (D) x²-2√3 y = 3-√3"
2008_1_Q09,"Let Sₙ = Σ_(k=1)^n [n / (n²+kn+k²)] and Tₙ = Σ_(k=0)^(n-1) [n / (n²+kn+k²)], for n = 1, 2, 3, .... Then, (A) Sₙ < π/(3√3) (B) Sₙ > π/(3√3) (C) Tₙ < π/(3√3) (D) Tₙ > π/(3√3)"
2008_1_Q10,"Let f(x) be a non-constant twice differentiable function defined on (-∞,∞) such that f(x) = f(1-x) and f'(1/4) = 0. Then, (A) f''(x) vanishes at least twice on [0, 1] (B) f'(1/2) = 0 (C) ∫_(-1/2)^(1/2) (f(x + 1/2) sinx) dx = 0 (D) ∫_0^(1/2) (f(t) e^(sinπt)) dt = ∫_(1/2)^1 (f(1-t) e^(sinπt)) dt"
2008_1_Q11,"Let f and g be real valued functions defined on interval (-1,1) such that g'(x) is continuous, g(0)≠0, g'(0) = 0, g''(0) ≠ 0, and f(x)=g(x)sinx. STATEMENT-1: lim_(x→0) [g(x)cotx-g(0) cosec x] = f''(0). and STATEMENT-2: f'(0)=g(0). (A) STATEMENT-1 is True, STATEMENT-2 is True; STATEMENT-2 is a correct explanation for STATEMENT-1 (B) STATEMENT-1 is True, STATEMENT-2 is True; STATEMENT-2 is NOT a correct explanation for STATEMENT-1 (C) STATEMENT-1 is True, STATEMENT-2 is False (D) STATEMENT-1 is False, STATEMENT-2 is True"
2008_1_Q12,"Consider three planes P₁:x-y+z=1 P₂:x+y-z=-1 P₃:x-3y+3z=2. Let L1, L2, L3 be the lines of intersection of the planes P2 and P3, P3 and P₁, and P₁ and P2, respectively. STATEMENT-1: At least two of the lines L1, L2 and L3 are non-parallel. and STATEMENT-2: The three planes do not have a common point. (A) STATEMENT-1 is True, STATEMENT-2 is True; STATEMENT-2 is a correct explanation for STATEMENT-1 (B) STATEMENT-1 is True, STATEMENT-2 is True; STATEMENT-2 is NOT a correct explanation for STATEMENT-1 (C) STATEMENT-1 is True, STATEMENT-2 is False (D) STATEMENT-1 is False, STATEMENT-2 is True"
2008_1_Q13,"Consider the system of equations x-2y+3z=-1 ; -x+y-2z=k ; x-3y+4z=1. STATEMENT-1: The system of equations has no solution for k≠3. and STATEMENT-2: The determinant [[1, 3, -1], [-1, -2, k], [1, 4, 1]] ≠ 0, for k≠3. (A) STATEMENT-1 is True, STATEMENT-2 is True; STATEMENT-2 is a correct explanation for STATEMENT-1 (B) STATEMENT-1 is True, STATEMENT-2 is True; STATEMENT-2 is NOT a correct explanation for STATEMENT-1 (C) STATEMENT-1 is True, STATEMENT-2 is False (D) STATEMENT-1 is False, STATEMENT-2 is True"
2008_1_Q14,"Consider the system of equations ax+by=0, cx+dy=0, where a, b, c, d ∈ {0, 1}. STATEMENT-1: The probability that the system of equations has a unique solution is 3/8 and STATEMENT-2: The probability that the system of equations has a solution is 1. (A) STATEMENT-1 is True, STATEMENT-2 is True; STATEMENT-2 is a correct explanation for STATEMENT-1 (B) STATEMENT-1 is True, STATEMENT-2 is True; STATEMENT-2 is NOT a correct explanation for STATEMENT-1 (C) STATEMENT-1 is True, STATEMENT-2 is False (D) STATEMENT-1 is False, STATEMENT-2 is True"
2008_1_Q15,"Paragraph for Question Nos. 15 to 17: A circle C of radius 1 is inscribed in an equilateral triangle PQR. The points of contact of C with the sides PQ, QR, RP are D, E, F, respectively. The line PQ is given by the equation √3x+y-6=0 and the point D is (3√3/2, 3/2). Further, it is given that the origin and the centre of C are on the same side of the line PQ. The equation of circle C is (A) (x-2√3)²+(y-1)² = 1 (B) (x-2√3)²+(y+1/2)²=1 (C) (x-3)²+(y+1)² = 1 (D) (x-3)²+(y-1)² = 1"
2008_1_Q16,"Paragraph for Question Nos. 15 to 17: A circle C of radius 1 is inscribed in an equilateral triangle PQR. The points of contact of C with the sides PQ, QR, RP are D, E, F, respectively. The line PQ is given by the equation √3x+y-6=0 and the point D is (3√3/2, 3/2). Further, it is given that the origin and the centre of C are on the same side of the line PQ. Points E and F are given by (A) ((√3)/2, 3/2), (√3,0) (B) (1/2, (√3)/2), (√3,0) (C) ((√3)/2, 3/2), ((√3)/2, 1/2) (D) (3√3/2, 1/2), ((√3)/2, 1/2)"
2008_1_Q17,"Paragraph for Question Nos. 15 to 17: A circle C of radius 1 is inscribed in an equilateral triangle PQR. The points of contact of C with the sides PQ, QR, RP are D, E, F, respectively. The line PQ is given by the equation √3x+y-6=0 and the point D is (3√3/2, 3/2). Further, it is given that the origin and the centre of C are on the same side of the line PQ. Equations of the sides QR, RP are (A) y = (2/√3)x + 1, y = (-2/√3)x - 1 (B) y = (1/√3)x, y = 0 (C) y = (-√3/2)x+1, y = (√3/2)x-1 (D) y = √3x, y = 0"
2008_1_Q18,"Paragraph for Question Nos. 18 to 20: Consider the functions defined implicitly by the equation y³-3y + x = 0 on various intervals in the real line. If x∈ (-∞,-2)U(2,∞), the equation implicitly defines a unique real valued differentiable function y = f(x). If x∈ (-2, 2), the equation implicitly defines a unique real valued differentiable function y = g(x) satisfying g(0) = 0. If f(-10√2)=2√2, then f''(-10√2) = (A) 4√2 / 73³ (B) 4√2 / 73² (C) 4√2 / 73 (D) 4√2 / 73"
2008_1_Q19,"Paragraph for Question Nos. 18 to 20: Consider the functions defined implicitly by the equation y³-3y + x = 0 on various intervals in the real line. If x∈ (-∞,-2)U(2,∞), the equation implicitly defines a unique real valued differentiable function y = f(x). If x∈ (-2, 2), the equation implicitly defines a unique real valued differentiable function y = g(x) satisfying g(0) = 0. The area of the region bounded by the curve y = f(x), the x-axis, and the lines x = a and x = b, where -∞ < a < b < -2, is (A) ∫_a^b (x / (3((f(x))² -1))) dx + bf(b)-af(a) (B) - ∫_a^b (x / (3((f(x))² -1))) dx + bf(b)-af(a) (C) ∫_a^b (x / (3((f(x))² -1))) dx - bf(b)+af(a) (D) - ∫_a^b (x / (3((f(x))² -1))) dx - bf(b)+af(a)"
2008_1_Q20,"Paragraph for Question Nos. 18 to 20: Consider the functions defined implicitly by the equation y³-3y + x = 0 on various intervals in the real line. If x∈ (-∞,-2)U(2,∞), the equation implicitly defines a unique real valued differentiable function y = f(x). If x∈ (-2, 2), the equation implicitly defines a unique real valued differentiable function y = g(x) satisfying g(0) = 0. ∫_(-1)^1 g'(x) dx = (A) 2g(-1) (B) 0 (C) -2g(1) (D) 2g(1)"
2008_1_Q21,"Paragraph for Question Nos. 21 to 23: Let A, B, C be three sets of complex numbers as defined below A={z: Im z≥1} B={z: |z-2-i|=3} C = {z: Re((1-i)z) = √2}. The number of elements in the set A∩B∩C is (A) 0 (B) 1 (C) 2 (D) ∞"
2008_1_Q22,"Paragraph for Question Nos. 21 to 23: Let A, B, C be three sets of complex numbers as defined below A={z: Im z≥1} B={z: |z-2-i|=3} C = {z: Re((1-i)z) = √2}. Let z be any point in A∩B∩C. Then, |z +1-i|² + |z-5-i|² lies between (A) 25 and 29 (B) 30 and 34 (C) 35 and 39 (D) 40 and 44"
2008_1_Q23,"Paragraph for Question Nos. 21 to 23: Let A, B, C be three sets of complex numbers as defined below A={z: Im z≥1} B={z: |z-2-i|=3} C = {z: Re((1-i)z) = √2}. Let z be any point in A∩B∩C and let w be any point satisfying |w-2-i|<3 Then, |z|-|w|+3 lies between (A) -6 and 3 (B) -3 and 6 (C) -6 and 6 (D) -3 and 9"
2008_1_Q24,"Students I, II and III perform an experiment for measuring the acceleration due to gravity (g) using a simple pendulum. They use different lengths of the pendulum and/or record time for different number of oscillations. The observations are shown in the table. Least count for length = 0.1 cm. Least count for time = 0.1 s. Table: Student: I, Length of the pendulum (cm): 64.0, Number of oscillations (n): 8, Total time for (n) oscillations (s): 128.0, Time period (s): 16.0. Student: II, Length of the pendulum (cm): 64.0, Number of oscillations (n): 4, Total time for (n) oscillations (s): 64.0, Time period (s): 16.0. Student: III, Length of the pendulum (cm): 20.0, Number of oscillations (n): 4, Total time for (n) oscillations (s): 36.0, Time period (s): 9.0. If E₁, E₁₁ and E₁₁₁ are the percentage errors in g, i.e., (Δg/g x100) for students I, II and III, respectively, (A) E₁ = 0 (B) E₁ is minimum (C) E₁ = E₁₁ (D) E₁₁ is maximum"
2008_1_Q25,"Figure shows three resistor configurations R1, R2 and R3 connected to 3 V battery. If the power dissipated by the configuration R1, R2 and R3 is P1, P2 and P3, respectively, then (A) P1 > P2 > P3 (B) P1 > P3 > P2 (C) P2 > P1 > P3 (D) P3 > P2 > P1"
2008_1_Q26,Which one of the following statements is WRONG in the context of X-rays generated from a X-ray tube? (A) Wavelength of characteristic X-rays decreases when the atomic number of the target increases (B) Cut-off wavelength of the continuous X-rays depends on the atomic number of the target (C) Intensity of the characteristic X-rays depends on the electrical power given to the X-ray tube (D) Cut-off wavelength of the continuous X-rays depends on the energy of the electrons in the X-ray tube
2008_1_Q27,"Two beams of red and violet colours are made to pass separately through a prism (angle of the prism is 60°). In the position of minimum deviation, the angle of refraction will be (A) 30° for both the colours (B) greater for the violet colour (C) greater for the red colour (D) equal but not 30° for both the colours"
2008_1_Q28,An ideal gas is expanding such that PT² = constant. The coefficient of volume expansion of the gas is (A) 1/T (B) 2/T (C) 3/T (D) 4/T
2008_1_Q29,A spherically symmetric gravitational system of particles has a mass density ρ = {ρ₀ for r≤R} ; {0 for r>R} where ρ₀ is a constant. A test mass can undergo circular motion under the influence of the gravitational field of particles. Its speed V as a function of distance r (0 <r <∞) from the centre of the system is represented by (A) [Graph A] (B) [Graph B] (C) [Graph C] (D) [Graph D]
2008_1_Q30,"Two balls, having linear momenta p₁ = pî and p₂ = -pî, undergo a collision in free space. There is no external force acting on the balls. Let p'₁ and p'₂ be their final momenta. The following option(s) is (are) NOT ALLOWED for any non-zero value of p, a₁, a₂, b₁, b₂, c₁ and c₂. (A) p'₁=a₁î+b₁ĵ+c₁k ; p'₂=a₂î+b₂ĵ (B) p'₁=c₁k ; p'₂=c₂k (C) p'₁=a₁î+b₁ĵ+c₁k ; p'₂=a₂î+b₂ĵ-c₁k (D) p'₁=a₁î+b₁ĵ ; p'₂=a₂î+b₁ĵ"
2008_1_Q31,Assume that the nuclear binding energy per nucleon (B/A) versus mass number (A) is as shown in the figure. Use this plot to choose the correct choice(s) given below. (A) Fusion of two nuclei with mass numbers lying in the range of 1 < A < 50 will release energy (B) Fusion of two nuclei with mass numbers lying in the range of 51 < A < 100 will release energy (C) Fission of a nucleus lying in the mass range of 100 < A < 200 will release energy when broken into two equal fragments (D) Fission of a nucleus lying in the mass range of 200 < A < 260 will release energy when broken into two equal fragments
2008_1_Q32,"A particle of mass m and charge q, moving with velocity V enters Region II normal to the boundary as shown in the figure. Region II has a uniform magnetic field B perpendicular to the plane of the paper. The length of the Region II is ℓ. Choose the correct choice(s). (A) The particle enters Region III only if its velocity V > qℓB/m (B) The particle enters Region III only if its velocity V < qℓB/m (C) Path length of the particle in Region II is maximum when velocity V = qℓB/m (D) Time spent in Region II is same for any velocity V as long as the particle returns to Region I"
2008_1_Q33,"In a Young's double slit experiment, the separation between the two slits is d and the wavelength of the light is λ. The intensity of light falling on slit 1 is four times the intensity of light falling on slit 2. Choose the correct choice(s). (A) If d = λ, the screen will contain only one maximum (B) If λ < d <2λ, at least one more maximum (besides the central maximum) will be observed on the screen (C) If the intensity of light falling on slit 1 is reduced so that it becomes equal to that of slit 2, the intensities of the observed dark and bright fringes will increase (D) If the intensity of light falling on slit 2 is increased so that it becomes equal to that of slit 1, the intensities of the observed dark and bright fringes will increase"
2008_1_Q34,"STATEMENT-1 In a Meter Bridge experiment, null point for an unknown resistance is measured. Now, the unknown resistance is put inside an enclosure maintained at a higher temperature. The null point can be obtained at the same point as before by decreasing the value of the standard resistance. and STATEMENT-2 Resistance of a metal increases with increase in temperature. (A) STATEMENT-1 is True, STATEMENT-2 is True; STATEMENT-2 is a correct explanation for STATEMENT-1 (B) STATEMENT-1 is True, STATEMENT-2 is True; STATEMENT-2 is NOT a correct explanation for STATEMENT-1 (C) STATEMENT-1 is True, STATEMENT-2 is False (D) STATEMENT-1 is False, STATEMENT-2 is True"
2008_1_Q35,"STATEMENT-1 An astronaut in an orbiting space station above the Earth experiences weightlessness. and STATEMENT-2 An object moving around the Earth under the influence of Earth's gravitational force is in a state of 'free-fall'. (A) STATEMENT-1 is True, STATEMENT-2 is True; STATEMENT-2 is a correct explanation for STATEMENT-1 (B) STATEMENT-1 is True, STATEMENT-2 is True; STATEMENT-2 is NOT a correct explanation for STATEMENT-1 (C) STATEMENT-1 is True, STATEMENT-2 is False (D) STATEMENT-1 is False, STATEMENT-2 is True"
2008_1_Q36,"STATEMENT-1 Two cylinders, one hollow (metal) and the other solid (wood) with the same mass and identical dimensions are simultaneously allowed to roll without slipping down an inclined plane from the same height. The hollow cylinder will reach the bottom of the inclined plane first. and STATEMENT-2 By the principle of conservation of energy, the total kinetic energies of both the cylinders are identical when they reach the bottom of the incline. (A) STATEMENT-1 is True, STATEMENT-2 is True; STATEMENT-2 is a correct explanation for STATEMENT-1 (B) STATEMENT-1 is True, STATEMENT-2 is True; STATEMENT-2 is NOT a correct explanation for STATEMENT-1 (C) STATEMENT-1 is True, STATEMENT-2 is False (D) STATEMENT-1 is False, STATEMENT-2 is True"
2008_1_Q37,"STATEMENT-1 The stream of water flowing at high speed from a garden hose pipe tends to spread like a fountain when held vertically up, but tends to narrow down when held vertically down. and STATEMENT-2 In any steady flow of an incompressible fluid, the volume flow rate of the fluid remains constant. (A) STATEMENT-1 is True, STATEMENT-2 is True; STATEMENT-2 is a correct explanation for STATEMENT-1 (B) STATEMENT-1 is True, STATEMENT-2 is True; STATEMENT-2 is NOT a correct explanation for STATEMENT-1 (C) STATEMENT-1 is True, STATEMENT-2 is False (D) STATEMENT-1 is False, STATEMENT-2 is True"
2008_1_Q38,"Paragraph for Question Nos. 38 to 40: A small spherical monoatomic ideal gas bubble (γ = 5/3) is trapped inside a liquid of density ρ (see figure). Assume that the bubble does not exchange any heat with the liquid. The bubble contains n moles of gas. The temperature of the gas when the bubble is at the bottom is T₀, the height of the liquid is H and the atmospheric pressure is P₀ (Neglect surface tension). As the bubble moves upwards, besides the buoyancy force the following forces are acting on it (A) Only the force of gravity (B) The force due to gravity and the force due to the pressure of the liquid (C) The force due to gravity, the force due to the pressure of the liquid and the force due to viscosity of the liquid (D) The force due to gravity and the force due to viscosity of the liquid"
2008_1_Q39,"Paragraph for Question Nos. 38 to 40: A small spherical monoatomic ideal gas bubble (γ = 5/3) is trapped inside a liquid of density ρ (see figure). Assume that the bubble does not exchange any heat with the liquid. The bubble contains n moles of gas. The temperature of the gas when the bubble is at the bottom is T₀, the height of the liquid is H and the atmospheric pressure is P₀ (Neglect surface tension). When the gas bubble is at a height y from the bottom, its temperature is (A) T₀ (P₀+ρgH / P₀+ρgy)^(2/5) (B) T₀ (P₀+ρg(H-y) / P₀+ρgH)^(2/5) (C) T₀ (P₀+ρgH / P₀+ρgy)^(3/5) (D) T₀ (P₀+ρg(H-y) / P₀+ρgH)^(3/5)"
2008_1_Q40,"Paragraph for Question Nos. 38 to 40: A small spherical monoatomic ideal gas bubble (γ = 5/3) is trapped inside a liquid of density ρ (see figure). Assume that the bubble does not exchange any heat with the liquid. The bubble contains n moles of gas. The temperature of the gas when the bubble is at the bottom is T₀, the height of the liquid is H and the atmospheric pressure is P₀ (Neglect surface tension). The buoyancy force acting on the gas bubble is (Assume R is the universal gas constant) (A) ρnRgT₀ (P₀+ρgH)^(2/5) / (P₀+ρgy)^(7/5) (B) ρnRgT₀ / ((P₀+ρgH)^(2/5) [P₀+ρg(H-y)]^(3/5)) (C) ρnRgT₀ (P₀+ρgH)^(3/5) / (P₀+ρgy)^(8/5) (D) ρnRgT₀ / ((P₀+ρgH)^(3/5) [P₀+ρg(H-y)]^(2/5))"
2008_1_Q41,"Paragraph for Question Nos. 41 to 43: In a mixture of H He gas (He+ is singly ionized He atom), H atoms and He+ ions are excited to their respective first excited states. Subsequently, H atoms transfer their total excitation energy to He+ ions (by collisions). Assume that the Bohr model of atom is exactly valid. The quantum number n of the state finally populated in He+ ions is (A) 2 (B) 3 (C) 4 (D) 5"
2008_1_Q42,"Paragraph for Question Nos. 41 to 43: In a mixture of H He gas (He+ is singly ionized He atom), H atoms and He+ ions are excited to their respective first excited states. Subsequently, H atoms transfer their total excitation energy to He+ ions (by collisions). Assume that the Bohr model of atom is exactly valid. The wavelength of light emitted in the visible region by He+ ions after collisions with H atoms is (A) 6.5 × 10⁻⁷ m (B) 5.6 × 10⁻⁷ m (C) 4.8 × 10⁻⁷ m (D) 4.0 × 10⁻⁷ m"
2008_1_Q43,"Paragraph for Question Nos. 41 to 43: In a mixture of H He gas (He+ is singly ionized He atom), H atoms and He+ ions are excited to their respective first excited states. Subsequently, H atoms transfer their total excitation energy to He+ ions (by collisions). Assume that the Bohr model of atom is exactly valid. The ratio of the kinetic energy of the n = 2 electron for the H atom to that of He+ ion is (A) 1/4 (B) 1/2 (C) 1 (D) 2"
2008_1_Q44,"Paragraph for Question Nos. 44 to 46: A small block of mass M moves on a frictionless surface of an inclined plane, as shown in figure. The angle of the incline suddenly changes from 60° to 30° at point B. The block is initially at rest at A. Assume that collisions between the block and the incline are totally inelastic (g = 10 m/s²). The speed of the block at point B immediately after it strikes the second incline is (A) √60 m/s (B) √45 m/s (C) √30 m/s (D) √15 m/s"
2008_1_Q45,"Paragraph for Question Nos. 44 to 46: A small block of mass M moves on a frictionless surface of an inclined plane, as shown in figure. The angle of the incline suddenly changes from 60° to 30° at point B. The block is initially at rest at A. Assume that collisions between the block and the incline are totally inelastic (g = 10 m/s²). The speed of the block at point C, immediately before it leaves the second incline is (A) √120 m/s (B) √105 m/s (C) √90 m/s (D) √75 m/s"
2008_1_Q46,"Paragraph for Question Nos. 44 to 46: A small block of mass M moves on a frictionless surface of an inclined plane, as shown in figure. The angle of the incline suddenly changes from 60° to 30° at point B. The block is initially at rest at A. Assume that collisions between the block and the incline are totally inelastic (g = 10 m/s²). If collision between the block and the incline is completely elastic, then the vertical (upward) component of the velocity of the block at point B, immediately after it strikes the second incline is (A) √30 m/s (B) √15 m/s (C) 0 (D) -√15 m/s"
2008_1_Q47,Hyperconjugation involves overlap of the following orbitals (A) σ-σ (B) σ-p (C) p-p (D) π-π
2008_1_Q48,"The major product of the following reaction is [Benzene ring with Me at top, Br at right, F at left, NO2 at bottom] reacting with PhS⁻Na⁺ in dimethylformamide. (A) [Benzene ring with Me at top, SPh at right, F at left, NO2 at bottom] (B) [Benzene ring with Me at top, F at right, SPh at left, NO2 at bottom] (C) [Benzene ring with Me at top, Br at right, SPh at left, NO2 at bottom] (D) [Benzene ring with Me at top, SPh at right, NO2 at bottom]"
2008_1_Q49,Aqueous solution of Na₂S₂O₃ on reaction with Cl₂ gives (A) Na₂S₄O₆ (B) NaHSO₄ (C) NaCl (D) NaOH
2008_1_Q50,Native silver metal forms a water soluble complex with a dilute aqueous solution of NaCN in the presence of (A) nitrogen (B) oxygen (C) carbon dioxide (D) argon
2008_1_Q51,"Under the same reaction conditions, initial concentration of 1.386 mol dm⁻³ of a substance becomes half in 40 seconds and 20 seconds through first order and zero order kinetics, respectively. Ratio k₁/k₀ of the rate constants for first order (k₁) and zero order (k₀) of the reactions is (A) 0.5 mol⁻¹ dm³ (B) 1.0 mol dm⁻³ (C) 1.5 mol dm⁻³ (D) 2.0 mol⁻¹ dm³"
2008_1_Q52,2.5 mL of 2/5 M weak monoacidic base (K_b = 1 × 10⁻¹² at 25°C) is titrated with 2/15 M HCl in water at 25°C. The concentration of H⁺ at equivalence point is (K_w = 1 x 10⁻¹⁴ at 25 °C) (A) 3.7 × 10⁻¹³ M (B) 3.2 x 10⁻⁷ M (C) 3.2 x 10⁻² M (D) 2.7 x 10⁻² M
2008_1_Q53,"The correct statement(s) about the compound given below is (are) [Fischer projection of a molecule with H3C and Cl on one carbon, H and CH3 on the other, with H and Cl on the central bond] (A) The compound is optically active (B) The compound possesses centre of symmetry (C) The compound possesses plane of symmetry (D) The compound possesses axis of symmetry"
2008_1_Q54,"The correct statement(s) concerning the structures E, F and G is (are) E: H3C-C(=O)-CH3, F: H3C-C(OH)=CH2, G: H3C-C(OH)=CH2 (A) E, F and G are resonance structures (B) E, F and E, G are tautomers (C) F and G are geometrical isomers (D) F and G are diastereomers"
2008_1_Q55,"A solution of colourless salt H on boiling with excess NaOH produces a non-flammable gas. The gas evolution ceases after sometime. Upon addition of Zn dust to the same solution, the gas evolution restarts. The colourless salt(s) H is (are) (A) NH₄NO₃ (B) NH₄NO₂ (C) NH₄Cl (D) (NH₄)₂SO₄"
2008_1_Q56,A gas described by van der Waals equation (A) behaves similar to an ideal gas in the limit of large molar volumes (B) behaves similar to an ideal gas in the limit of large pressures (C) is characterised by van der Waals coefficients that are dependent on the identity of the gas but are independent of the temperature (D) has the pressure that is lower than the pressure exerted by the same gas behaving ideally
2008_1_Q57,"STATEMENT-1: Bromobenzene upon reaction with Br₂/Fe gives 1,4-dibromobenzene as the major product. and STATEMENT-2: In bromobenzene, the inductive effect of the bromo group is more dominant than the mesomeric effect in directing the incoming electrophile. (A) STATEMENT-1 is True, STATEMENT-2 is True; STATEMENT-2 is a correct explanation for STATEMENT-1 (B) STATEMENT-1 is True, STATEMENT-2 is True; STATEMENT-2 is NOT a correct explanation for STATEMENT-1 (C) STATEMENT-1 is True, STATEMENT-2 is False (D) STATEMENT-1 is False, STATEMENT-2 is True"
2008_1_Q58,"STATEMENT-1: Pb⁴⁺ compounds are stronger oxidizing agents than Sn⁴⁺ compounds. and STATEMENT-2: The higher oxidation states for the group 14 elements are more stable for the heavier members of the group due to 'inert pair effect'. (A) STATEMENT-1 is True, STATEMENT-2 is True; STATEMENT-2 is a correct explanation for STATEMENT-1 (B) STATEMENT-1 is True, STATEMENT-2 is True; STATEMENT-2 is NOT a correct explanation for STATEMENT-1 (C) STATEMENT-1 is True, STATEMENT-2 is False (D) STATEMENT-1 is False, STATEMENT-2 is True"
2008_1_Q59,"STATEMENT-1: The plot of atomic number (y-axis) versus number of neutrons (x-axis) for stable nuclei shows a curvature towards x-axis from the line of 45° slope as the atomic number is increased. and STATEMENT-2: Proton-proton electrostatic repulsions begin to overcome attractive forces involving protons and neutrons in heavier nuclides. (A) STATEMENT-1 is True, STATEMENT-2 is True; STATEMENT-2 is a correct explanation for STATEMENT-1 (B) STATEMENT-1 is True, STATEMENT-2 is True; STATEMENT-2 is NOT a correct explanation for STATEMENT-1 (C) STATEMENT-1 is True, STATEMENT-2 is False (D) STATEMENT-1 is False, STATEMENT-2 is True"
2008_1_Q60,"STATEMENT-1: For every chemical reaction at equilibrium, standard Gibbs energy of reaction is zero. and STATEMENT-2: At constant temperature and pressure, chemical reactions are spontaneous in the direction of decreasing Gibbs energy. (A) STATEMENT-1 is True, STATEMENT-2 is True; STATEMENT-2 is a correct explanation for STATEMENT-1 (B) STATEMENT-1 is True, STATEMENT-2 is True; STATEMENT-2 is NOT a correct explanation for STATEMENT-1 (C) STATEMENT-1 is True, STATEMENT-2 is False (D) STATEMENT-1 is False, STATEMENT-2 is True"
2008_1_Q61,"Paragraph for Question Nos. 61 to 63: In the following reaction sequence, products I, J and L are formed. K represents a reagent. Hex-3-ynal --(1. NaBH₄)--> I --(1. Mg/ether; 2. CO₂; 3. H₃O⁺)--> J --(K)--> [Structure: Me-C≡C-CH(Cl)-CHO] --(H₂/Pd/BaSO₄/quinoline)--> L. The structure of the product I is (A) CH₃-CH₂-CH=CH-CH₂-Br (B) CH₃-CH₂-CH₂-CH=CH-CH₂-Br (C) CH₃-CH=CH-CH₂-Br (D) CH₃-C≡C-CH₂-CH₂-Br"
2008_1_Q62,"Paragraph for Question Nos. 61 to 63: In the following reaction sequence, products I, J and L are formed. K represents a reagent. Hex-3-ynal --(1. NaBH₄)--> I --(1. Mg/ether; 2. CO₂; 3. H₃O⁺)--> J --(K)--> [Structure: Me-C≡C-CH(Cl)-CHO] --(H₂/Pd/BaSO₄/quinoline)--> L. The structures of compounds J and K, respectively, are (A) J: CH₃-CH₂-C≡C-CH₂-COOH and K: SOCl₂ (B) J: CH₃-CH₂-C≡C-CH₂-CH₂-OH and K: SO₂Cl₂ (C) J: CH₃-C≡C-CH₂-COOH and K: SOCl₂ (D) J: CH₃-CH₂-C≡C-CH₂-COOH and K: CH₃SO₂Cl"
2008_1_Q63,"Paragraph for Question Nos. 61 to 63: In the following reaction sequence, products I, J and L are formed. K represents a reagent. Hex-3-ynal --(1. NaBH₄)--> I --(1. Mg/ether; 2. CO₂; 3. H₃O⁺)--> J --(K)--> [Structure: Me-C≡C-CH(Cl)-CHO] --(H₂/Pd/BaSO₄/quinoline)--> L. The structure of product L is (A) Me-CH=CH-CHO (B) Me-CH₂-CH=CH-CHO (C) Me-CH₂-CH=CH-CH₂-CHO (D) Me-CH=CH-CH(Cl)-CHO"
2008_1_Q64,"Paragraph for Question Nos. 64 to 66: There are some deposits of nitrates and phosphates in earth's crust. Nitrates are more soluble in water. Nitrates are difficult to reduce under the laboratory conditions but microbes do it easily. Ammonia forms large number of complexes with transition metal ions. Hybridization easily explains the ease of sigma donation capability of NH3 and PH3. Phosphine is a flammable gas and is prepared from white phosphorous. Among the following, the correct statement is (A) Phosphates have no biological significance in humans (B) Between nitrates and phosphates, phosphates are less abundant in earth's crust (C) Between nitrates and phosphates, nitrates are less abundant in earth's crust (D) Oxidation of nitrates is possible in soil"
2008_1_Q65,"Paragraph for Question Nos. 64 to 66: There are some deposits of nitrates and phosphates in earth's crust. Nitrates are more soluble in water. Nitrates are difficult to reduce under the laboratory conditions but microbes do it easily. Ammonia forms large number of complexes with transition metal ions. Hybridization easily explains the ease of sigma donation capability of NH3 and PH3. Phosphine is a flammable gas and is prepared from white phosphorous. Among the following, the correct statement is (A) Between NH3 and PH3, NH3 is a better electron donor because the lone pair of electrons occupies spherical 's' orbital and is less directional (B) Between NH3 and PH3, PH3 is a better electron donor because the lone pair of electrons occupies sp³ orbital and is more directional (C) Between NH3 and PH3, NH3 is a better electron donor because the lone pair of electrons occupies sp³ orbital and is more directional (D) Between NH3 and PH3, PH3 is a better electron donor because the lone pair of electrons occupies spherical 's' orbital and is less directional"
2008_1_Q66,Paragraph for Question Nos. 64 to 66: There are some deposits of nitrates and phosphates in earth's crust. Nitrates are more soluble in water. Nitrates are difficult to reduce under the laboratory conditions but microbes do it easily. Ammonia forms large number of complexes with transition metal ions. Hybridization easily explains the ease of sigma donation capability of NH3 and PH3. Phosphine is a flammable gas and is prepared from white phosphorous. White phosphorus on reaction with NaOH gives PH3 as one of the products. This is a (A) dimerization reaction (B) disproportionation reaction (C) condensation reaction (D) precipitation reaction
2008_1_Q67,"Paragraph for Question Nos. 67 to 69: Properties such as boiling point, freezing point and vapour pressure of a pure solvent change when solute molecules are added to get homogeneous solution. These are called colligative properties. Applications of colligative properties are very useful in day-to-day life. One of its examples is the use of ethylene glycol and water mixture as anti-freezing liquid in the radiator of automobiles. A solution M is prepared by mixing ethanol and water. The mole fraction of ethanol in the mixture is 0.9. Given: Freezing point depression constant of water (K_f^water) = 1.86 K kg mol⁻¹ ; Freezing point depression constant of ethanol (K_f^ethanol) = 2.0 K kg mol⁻¹ ; Boiling point elevation constant of water (K_b^water) = 0.52 K kg mol⁻¹ ; Boiling point elevation constant of ethanol (K_b^ethanol) = 1.2 K kg mol⁻¹ ; Standard freezing point of water = 273 K ; Standard freezing point of ethanol = 155.7 K ; Standard boiling point of water = 373 K ; Standard boiling point of ethanol = 351.5 K ; Vapour pressure of pure water = 32.8 mm Hg ; Vapour pressure of pure ethanol = 40 mm Hg ; Molecular weight of water = 18 g mol⁻¹ ; Molecular weight of ethanol = 46 g mol⁻¹. In answering the following questions, consider the solutions to be ideal dilute solutions and solutes to be non-volatile and non-dissociative. The freezing point of the solution M is (A) 268.7 K (B) 268.5 K (C) 234.2 K (D) 150.9 K"
2008_1_Q68,"Paragraph for Question Nos. 67 to 69: Properties such as boiling point, freezing point and vapour pressure of a pure solvent change when solute molecules are added to get homogeneous solution. These are called colligative properties. Applications of colligative properties are very useful in day-to-day life. One of its examples is the use of ethylene glycol and water mixture as anti-freezing liquid in the radiator of automobiles. A solution M is prepared by mixing ethanol and water. The mole fraction of ethanol in the mixture is 0.9. Given: Freezing point depression constant of water (K_f^water) = 1.86 K kg mol⁻¹ ; Freezing point depression constant of ethanol (K_f^ethanol) = 2.0 K kg mol⁻¹ ; Boiling point elevation constant of water (K_b^water) = 0.52 K kg mol⁻¹ ; Boiling point elevation constant of ethanol (K_b^ethanol) = 1.2 K kg mol⁻¹ ; Standard freezing point of water = 273 K ; Standard freezing point of ethanol = 155.7 K ; Standard boiling point of water = 373 K ; Standard boiling point of ethanol = 351.5 K ; Vapour pressure of pure water = 32.8 mm Hg ; Vapour pressure of pure ethanol = 40 mm Hg ; Molecular weight of water = 18 g mol⁻¹ ; Molecular weight of ethanol = 46 g mol⁻¹. In answering the following questions, consider the solutions to be ideal dilute solutions and solutes to be non-volatile and non-dissociative. The vapour pressure of the solution M is (A) 39.3 mm Hg (B) 36.0 mm Hg (C) 29.5 mm Hg (D) 28.8 mm Hg"
2008_1_Q69,"Paragraph for Question Nos. 67 to 69: Properties such as boiling point, freezing point and vapour pressure of a pure solvent change when solute molecules are added to get homogeneous solution. These are called colligative properties. Applications of colligative properties are very useful in day-to-day life. One of its examples is the use of ethylene glycol and water mixture as anti-freezing liquid in the radiator of automobiles. A solution M is prepared by mixing ethanol and water. The mole fraction of ethanol in the mixture is 0.9. Given: Freezing point depression constant of water (K_f^water) = 1.86 K kg mol⁻¹ ; Freezing point depression constant of ethanol (K_f^ethanol) = 2.0 K kg mol⁻¹ ; Boiling point elevation constant of water (K_b^water) = 0.52 K kg mol⁻¹ ; Boiling point elevation constant of ethanol (K_b^ethanol) = 1.2 K kg mol⁻¹ ; Standard freezing point of water = 273 K ; Standard freezing point of ethanol = 155.7 K ; Standard boiling point of water = 373 K ; Standard boiling point of ethanol = 351.5 K ; Vapour pressure of pure water = 32.8 mm Hg ; Vapour pressure of pure ethanol = 40 mm Hg ; Molecular weight of water = 18 g mol⁻¹ ; Molecular weight of ethanol = 46 g mol⁻¹. In answering the following questions, consider the solutions to be ideal dilute solutions and solutes to be non-volatile and non-dissociative. Water is added to the solution M such that the mole fraction of water in the solution becomes 0.9. The boiling point of this solution is (A) 380.4 K (B) 376.2 K (C) 375.5 K (D) 354.7 K"
2008_2_Q01,"A particle P starts from the point zo=1+2i, where i√-1. It moves first horizontally away from origin by 5 units and then vertically away from origin by 3 units to reach a point z₁. From z₁ the particle moves √2 units in the direction of the vector i + j and then it moves through an angle π/2 in anticlockwise direction on a circle with centre at origin, to reach a point z₂. The point z₂ is given by (A) 6+7i (B) -7+6i (C) 7+6i (D) -6+7i"
2008_2_Q02,"Let the function g: (-∞,∞)→(π/2, π/2) be given by g(u) = 2tan⁻¹(eᵘ). Then, g is (A) even and is strictly increasing in (0,∞) (B) odd and is strictly decreasing in (-∞,∞) (C) odd and is strictly increasing in (-∞,∞) (D) neither even nor odd, but is strictly increasing in (-∞,∞)"
2008_2_Q03,"Consider a branch of the hyperbola x²-2y²-2√2x-4√2y-6=0 with vertex at the point A. Let B be one of the end points of its latus rectum. If C is the focus of the hyperbola nearest to the point A, then the area of the triangle ABC is (A) 1 - (2/√3) (B) (√3/√2) - 1 (C) 1 + (√3/√2) (D) (√3/√2) + 1"
2008_2_Q04,The area of the region between the curves y = (1+sin x)/cos x and y = (1-sin x)/cos x bounded by the lines x = 0 and x = π/4 is (A) integral from 0 to √2-1 of t/((1+t²)√1-t²) dt (B) integral from 0 to √2-1 of 4t/((1+t²)√1-t²) dt (C) integral from 0 to √2+1 of 4t/((1+t²)√1-t²) dt (D) integral from 0 to √2+1 of t/((1+t²)√1-t²) dt
2008_2_Q05,"Consider three points P = (-sin(β-α), cos β), Q = (cos(β-α), sin β) and R = (cos(β-α + θ), sin(β-θ)), where 0 < α, β, θ < π/4. Then, (A) P lies on the line segment RQ (B) Q lies on the line segment PR (C) R lies on the line segment QP (D) P, Q, R are non-collinear"
2008_2_Q06,"An experiment has 10 equally likely outcomes. Let A and B be two non-empty events of the experiment. If A consists of 4 outcomes, the number of outcomes that B must have so that A and B are independent, is (A) 2, 4 or 8 (B) 3, 6 or 9 (C) 4 or 8 (D) 5 or 10"
2008_2_Q07,"Let two non-collinear unit vectors â and ɓ form an acute angle. A point P moves so that at any time t the position vector OP (where O is the origin) is given by â cost+ɓsint. When P is farthest from origin O, let M be the length of OP and û be the unit vector along OP. Then, (A) û = (â+ɓ)/|â+ɓ| and M = (1+â⋅ɓ)^(1/2) (B) û = (â-ɓ)/|â-ɓ| and M = (1+â⋅ɓ)^(1/2) (C) û = (â+ɓ)/|â+ɓ| and M = (1+2â⋅ɓ)^(1/2) (D) û = (â-ɓ)/|â-ɓ| and M = (1+2â⋅ɓ)^(1/2)"
2008_2_Q08,"Let I = integral of eˣ/(e⁴ˣ + e²ˣ + 1) dx, J = integral of e⁻ˣ/(e⁻⁴ˣ + e⁻²ˣ + 1) dx. Then, for an arbitrary constant C, the value of J-I equals (A) (1/2) log |(e⁴ˣ - e²ˣ + 1)/(e⁴ˣ + e²ˣ + 1)| + C (B) (1/2) log |(e²ˣ + eˣ + 1)/(e²ˣ - eˣ + 1)| + C (C) (1/2) log |(e²ˣ - eˣ + 1)/(e²ˣ + eˣ + 1)| + C (D) (1/2) log |(e⁴ˣ + e²ˣ + 1)/(e⁴ˣ - e²ˣ + 1)| + C"
2008_2_Q09,"Let g(x) = log f(x) where f(x) is a twice differentiable positive function on (0,∞) such that f(x+1) = x f(x). Then, for N = 1, 2, 3,..., g''(N + 1/2) - g''(1/2) = (A) -4{1 + 1/9 + 1/25 + ... + 1/(2N-1)²} (B) 4{1 + 1/9 + 1/25 + ... + 1/(2N-1)²} (C) -4{1 + 1/9 + 1/25 + ... + 1/(2N+1)²} (D) 4{1 + 1/9 + 1/25 + ... + 1/(2N+1)²}"
2008_2_Q10,"Suppose four distinct positive numbers a₁, a₂, a₃, a₄ are in G.P. Let b₁ = a₁, b₂=b₁+a₂, b₃ = b₂+a₃ and b₄ = b₃+a₄. STATEMENT-1: The numbers b₁, b₂, b₃, b₄ are neither in A.P. nor in G.P. and STATEMENT-2: The numbers b₁, b₂, b₃, b₄ are in H.P. (A) STATEMENT-1 is True, STATEMENT-2 is True; STATEMENT-2 is a correct explanation for STATEMENT-1 (B) STATEMENT-1 is True, STATEMENT-2 is True; STATEMENT-2 is NOT a correct explanation for STATEMENT-1 (C) STATEMENT-1 is True, STATEMENT-2 is False (D) STATEMENT-1 is False, STATEMENT-2 is True"
2008_2_Q11,"Let a, b, c, p, q be real numbers. Suppose α, β are the roots of the equation x² + 2px+q = 0 and α, 1/β are the roots of the equation ax²+2bx+c=0, where β² ∉ {-1, 0, 1}. STATEMENT-1: (p²-q) (b²-ac) ≥ 0 and STATEMENT-2: b ≠ pa or c ≠ qa (A) STATEMENT-1 is True, STATEMENT-2 is True; STATEMENT-2 is a correct explanation for STATEMENT-1 (B) STATEMENT-1 is True, STATEMENT-2 is True; STATEMENT-2 is NOT a correct explanation for STATEMENT-1 (C) STATEMENT-1 is True, STATEMENT-2 is False (D) STATEMENT-1 is False, STATEMENT-2 is True"
2008_2_Q12,"Consider L₁:2x+3y+p-3=0 L₂: 2x+3y+p+3 = 0, where p is a real number, and C: x²+ y² +6x-10 y + 30 = 0. STATEMENT-1: If line L₁ is a chord of circle C, then line L₂ is not always a diameter of circle C. and STATEMENT-2: If line L₁ is a diameter of circle C, then line L₂ is not a chord of circle C. (A) STATEMENT-1 is True, STATEMENT-2 is True; STATEMENT-2 is a correct explanation for STATEMENT-1 (B) STATEMENT-1 is True, STATEMENT-2 is True; STATEMENT-2 is NOT a correct explanation for STATEMENT-1 (C) STATEMENT-1 is True, STATEMENT-2 is False (D) STATEMENT-1 is False, STATEMENT-2 is True"
2008_2_Q13,"Let a solution y = y(x) of the differential equation x√(x²-1) dy-y√(y²-1) dx = 0 satisfy y(2) = 2/√3. STATEMENT-1: y(x) = sec(sec⁻¹x - π/6) and STATEMENT-2: y(x) is given by y/(2√3) = √(1-1/x²) (A) STATEMENT-1 is True, STATEMENT-2 is True; STATEMENT-2 is a correct explanation for STATEMENT-1 (B) STATEMENT-1 is True, STATEMENT-2 is True; STATEMENT-2 is NOT a correct explanation for STATEMENT-1 (C) STATEMENT-1 is True, STATEMENT-2 is False (D) STATEMENT-1 is False, STATEMENT-2 is True"
2008_2_Q14,"Consider the function f: (-∞,∞) → (-∞,∞) defined by f(x) = (x²-ax+1)/(x²+ax+1), 0 < a < 2. Which of the following is true? (A) (2+a)²f''(1)+(2-a)²f''(-1)=0 (B) (2-a)²f''(1)-(2+a)²f''(-1)=0 (C) f'(1)f'(-1) = (2-a)² (D) f'(1)f'(-1) = -(2+a)²"
2008_2_Q15,"Consider the function f: (-∞,∞) → (-∞,∞) defined by f(x) = (x²-ax+1)/(x²+ax+1), 0 < a < 2. Which of the following is true? (A) f(x) is decreasing on (-1, 1) and has a local minimum at x = 1 (B) f(x) is increasing on (-1, 1) and has a local maximum at x = 1 (C) f(x) is increasing on (-1,1) but has neither a local maximum nor a local minimum at x = 1 (D) f(x) is decreasing on (-1,1) but has neither a local maximum nor a local minimum at x = 1"
2008_2_Q16,"Consider the function f: (-∞,∞) → (-∞,∞) defined by f(x) = (x²-ax+1)/(x²+ax+1), 0 < a < 2. Let g(x) = integral from 0 to x of f'(t)/(1+t²) dt. Which of the following is true? (A) g'(x) is positive on (-∞, 0) and negative on (0,∞) (B) g'(x) is negative on (-∞, 0) and positive on (0,∞) (C) g'(x) changes sign on both (-∞, 0) and (0,∞) (D) g'(x) does not change sign on (-∞,∞)"
2008_2_Q17,Consider the lines L₁: (x+1)/3 = (y+2)/1 = (z+1)/2 L₂: (x-2)/1 = (y+2)/2 = (z-3)/3. The unit vector perpendicular to both L₁ and L₂ is (A) (-i+7j+7k)/√99 (B) (-i-7j+5k)/(5√3) (C) (-i+7j+5k)/(5√3) (D) (7i-7j-k)/√99
2008_2_Q18,Consider the lines L₁: (x+1)/3 = (y+2)/1 = (z+1)/2 L₂: (x-2)/1 = (y+2)/2 = (z-3)/3. The shortest distance between L₁ and L₂ is (A) 0 (B) 17/√3 (C) 41/(5√3) (D) 17/(5√3)
2008_2_Q19,"Consider the lines L₁: (x+1)/3 = (y+2)/1 = (z+1)/2 L₂: (x-2)/1 = (y+2)/2 = (z-3)/3. The distance of the point (1, 1, 1) from the plane passing through the point (-1, -2, -1) and whose normal is perpendicular to both the lines L₁ and L₂ is (A) 2/√75 (B) 7/√75 (C) 13/√75 (D) 23/√75"
2008_2_Q20,"Consider the lines given by L₁:x+3y-5=0 L₂:3x-ky-1=0 L₃:5x+2y-12=0 Match the Statements / Expressions in Column I with the Statements / Expressions in Column II and indicate your answer by darkening the appropriate bubbles in the 4 x 4 matrix given in the ORS. Column I (A) L₁, L₂, L₃ are concurrent, if (B) One of L₁, L₂, L₃ is parallel to at least one of the other two, if (C) L₁, L₂, L₃ form a triangle, if (D) L₁, L₂, L₃ do not form a triangle, if Column II (p) k = -9 (q) k = -6/5 (r) k = 5/6 (s) k = 5"
2008_2_Q21,"Match the Statements / Expressions in Column I with the Statements / Expressions in Column II and indicate your answer by darkening the appropriate bubbles in the 4 x 4 matrix given in the ORS. Column I (A) The minimum value of (x²+2x+4)/(x+2) is (B) Let A and B be 3x3 matrices of real numbers, where A is symmetric, B is skew-symmetric, and (A+B) (A - B) = (A - B) (A + B). If (AB)² =(-1)ᵏ AB, where (AB)ᵀ is the transpose of the matrix AB, then the possible values of k are (C) Let a = log₃ log₃ 2. An integer k satisfying 1 < 2^(-k+3^(-a)) < 2, must be less than (D) If sin θ = cos φ, then the possible values of (1/π)(θ±φ - π/2) are Column II (p) 0 (q) 1 (r) 2 (s) 3"
2008_2_Q22,"Consider all possible permutations of the letters of the word ENDEANOEL. Match the Statements / Expressions in Column I with the Statements / Expressions in Column II and indicate your answer by darkening the appropriate bubbles in the 4 x 4 matrix given in the ORS. Column I (A) The number of permutations containing the word ENDEA is (B) The number of permutations in which the letter E occurs in the first and the last positions is (C) The number of permutations in which none of the letters D, L, N occurs in the last five positions is (D) The number of permutations in which the letters A, E, O occur only in odd positions is Column II (p) 5! (q) 2 × 5! (r) 7×5! (s) 21 x 5!"
2008_2_Q23,"Consider a system of three charges q/3, q/3 and -2q/3 placed at points A, B and C, respectively, as shown in the figure. Take O to be the centre of the circle of radius R and angle CAB = 60°. (A) The electric field at point O is q/(8πε₀R²) directed along the negative x-axis (B) The potential energy of the system is zero (C) The magnitude of the force between the charges at C and B is q²/(54πε₀R²) (D) The potential at point O is q/(12πε₀R)"
2008_2_Q24,"A radioactive sample S1 having an activity of 5µCi has twice the number of nuclei as another sample S2 which has an activity of 10 µCi. The half lives of S1 and S2 can be (A) 20 years and 5 years, respectively (B) 20 years and 10 years, respectively (C) 10 years each (D) 5 years each"
2008_2_Q25,"A transverse sinusoidal wave moves along a string in the positive x-direction at a speed of 10 cm/s. The wavelength of the wave is 0.5 m and its amplitude is 10 cm. At a particular time t, the snap-shot of the wave is shown in figure. The velocity of point P when its displacement is 5 cm is (A) (√3π/50) i m/s (B) (-√3π/50) j m/s (C) (√3π/50) j m/s (D) (-√3π/50) i m/s"
2008_2_Q26,"A block (B) is attached to two unstretched springs S1 and S2 with spring constants k and 4k, respectively (see figure I). The other ends are attached to identical supports M1 and M2 not attached to the walls. The springs and supports have negligible mass. There is no friction anywhere. The block B is displaced towards wall 1 by a small distance x (figure II) and released. The block returns and moves a maximum distance y towards wall 2. Displacements x and y are measured with respect to the equilibrium position of the block B. The ratio y/x is (A) 4 (B) 2 (C) 1/2 (D) 1/4"
2008_2_Q27,"A bob of mass M is suspended by a massless string of length L. The horizontal velocity V at position A is just sufficient to make it reach the point B. The angle θ at which the speed of the bob is half of that at A, satisfies (A) θ = π/4 (B) π/4 < θ < π/2 (C) π/2 < θ < 3π/4 (D) 3π/4 < θ < π"
2008_2_Q28,"A glass tube of uniform internal radius (r) has a valve separating the two identical ends. Initially, the valve is in a tightly closed position. End 1 has a hemispherical soap bubble of radius r. End 2 has sub-hemispherical soap bubble as shown in figure. Just after opening the valve, (A) air from end 1 flows towards end 2. No change in the volume of the soap bubbles (B) air from end 1 flows towards end 2. Volume of the soap bubble at end 1 decreases (C) no change occurs (D) air from end 2 flows towards end 1. Volume of the soap bubble at end 1 increases"
2008_2_Q29,"A vibrating string of certain length l under a tension T resonates with a mode corresponding to the first overtone (third harmonic) of an air column of length 75 cm inside a tube closed at one end. The string also generates 4 beats per second when excited along with a tuning fork of frequency n. Now when the tension of the string is slightly increased the number of beats reduces to 2 per second. Assuming the velocity of sound in air to be 340 m/s, the frequency n of the tuning fork in Hz is (A) 344 (B) 336 (C) 117.3 (D) 109.3"
2008_2_Q30,"A parallel plate capacitor C with plates of unit area and separation d is filled with a liquid of dielectric constant K=2. The level of liquid is d/3 initially. Suppose the liquid level decreases at a constant speed V, the time constant as a function of time t is (A) (6ε₀R)/(5d+3Vt) (B) (15d+9Vt)ε₀R / (2d²-3dVt-9V²t²) (C) (6ε₀R)/(5d-3Vt) (D) (15d-9Vt)ε₀R / (2d²+3dVt-9V²t²)"
2008_2_Q31,"A light beam is traveling from Region I to Region IV (Refer Figure). The refractive index in Regions I, II, III and IV are n₀, n₀/2, n₀/6 and n₀/8, respectively. The angle of incidence θ for which the beam just misses entering Region IV is (A) sin⁻¹(1/3) (B) sin⁻¹(1/4) (C) sin⁻¹(1/3) (D) sin⁻¹(1/3)"
2008_2_Q32,"STATEMENT-1 For an observer looking out through the window of a fast moving train, the nearby objects appear to move in the opposite direction to the train, while the distant objects appear to be stationary. and STATEMENT-2 If the observer and the object are moving at velocities V₁ and V₂ respectively with reference to a laboratory frame, the velocity of the object with respect to the observer is V₂-V₁. (A) STATEMENT-1 is True, STATEMENT-2 is True; STATEMENT-2 is a correct explanation for STATEMENT-1 (B) STATEMENT-1 is True, STATEMENT-2 is True; STATEMENT-2 is NOT a correct explanation for STATEMENT-1 (C) STATEMENT-1 is True, STATEMENT-2 is False (D) STATEMENT-1 is False, STATEMENT-2 is True"
2008_2_Q33,"STATEMENT-1 It is easier to pull a heavy object than to push it on a level ground. and STATEMENT-2 The magnitude of frictional force depends on the nature of the two surfaces in contact. (A) STATEMENT-1 is True, STATEMENT-2 is True; STATEMENT-2 is a correct explanation for STATEMENT-1 (B) STATEMENT-1 is True, STATEMENT-2 is True; STATEMENT-2 is NOT a correct explanation for STATEMENT-1 (C) STATEMENT-1 is True, STATEMENT-2 is False (D) STATEMENT-1 is False, STATEMENT-2 is True"
2008_2_Q34,"STATEMENT-1 For practical purposes, the earth is used as a reference at zero potential in electrical circuits. and STATEMENT-2 The electrical potential of a sphere of radius R with charge Q uniformly distributed on the surface is given by Q/(4πε₀ R). (A) STATEMENT-1 is True, STATEMENT-2 is True; STATEMENT-2 is a correct explanation for STATEMENT-1 (B) STATEMENT-1 is True, STATEMENT-2 is True; STATEMENT-2 is NOT a correct explanation for STATEMENT-1 (C) STATEMENT-1 is True, STATEMENT-2 is False (D) STATEMENT-1 is False, STATEMENT-2 is True"
2008_2_Q35,"STATEMENT-1 The sensitivity of a moving coil galvanometer is increased by placing a suitable magnetic material as a core inside the coil. and STATEMENT-2 Soft iron has a high magnetic permeability and cannot be easily magnetized or demagnetized. (A) STATEMENT-1 is True, STATEMENT-2 is True; STATEMENT-2 is a correct explanation for STATEMENT-1 (B) STATEMENT-1 is True, STATEMENT-2 is True; STATEMENT-2 is NOT a correct explanation for STATEMENT-1 (C) STATEMENT-1 is True, STATEMENT-2 is False (D) STATEMENT-1 is False, STATEMENT-2 is True"
2008_2_Q36,The nuclear charge (Ze) is non-uniformly distributed within a nucleus of radius R. The charge density ρ(r) [charge per unit volume] is dependent only on the radial distance r from the centre of the nucleus as shown in figure. The electric field is only along the radial direction. The electric field at r = R is (A) independent of a (B) directly proportional to a (C) directly proportional to a² (D) inversely proportional to a
2008_2_Q37,"The nuclear charge (Ze) is non-uniformly distributed within a nucleus of radius R. The charge density ρ(r) [charge per unit volume] is dependent only on the radial distance r from the centre of the nucleus as shown in figure. The electric field is only along the radial direction. For a = 0, the value of d (maximum value of ρ as shown in the figure) is (A) 3Ze/(4πR³) (B) 3Ze/(πR³) (C) 4Ze/(3πR³) (D) Ze/(3πR³)"
2008_2_Q38,The nuclear charge (Ze) is non-uniformly distributed within a nucleus of radius R. The charge density ρ(r) [charge per unit volume] is dependent only on the radial distance r from the centre of the nucleus as shown in figure. The electric field is only along the radial direction. The electric field within the nucleus is generally observed to be linearly dependent on r. This implies (A) a = 0 (B) a = R/2 (C) a = R (D) a = 2R/3
2008_2_Q39,A uniform thin cylindrical disk of mass M and radius R is attached to two identical massless springs of spring constant k which are fixed to the wall as shown in the figure. The springs are attached to the axle of the disk symmetrically on either side at a distance d from its centre. The axle is massless and both the springs and the axle are in a horizontal plane. The unstretched length of each spring is L. The disk is initially at its equilibrium position with its centre of mass (CM) at a distance L from the wall. The disk rolls without slipping with velocity V = V₀i. The coefficient of friction is μ. The net external force acting on the disk when its centre of mass is at displacement x with respect to its equilibrium position is (A) -kx (B) -2kx (C) 2kx/3 (D) 4kx/3
2008_2_Q40,A uniform thin cylindrical disk of mass M and radius R is attached to two identical massless springs of spring constant k which are fixed to the wall as shown in the figure. The springs are attached to the axle of the disk symmetrically on either side at a distance d from its centre. The axle is massless and both the springs and the axle are in a horizontal plane. The unstretched length of each spring is L. The disk is initially at its equilibrium position with its centre of mass (CM) at a distance L from the wall. The disk rolls without slipping with velocity V = V₀i. The coefficient of friction is μ. The centre of mass of the disk undergoes simple harmonic motion with angular frequency ω equal to (A) √(k/M) (B) √(2k/M) (C) √(2k/(3M)) (D) √(4k/(3M))
2008_2_Q41,A uniform thin cylindrical disk of mass M and radius R is attached to two identical massless springs of spring constant k which are fixed to the wall as shown in the figure. The springs are attached to the axle of the disk symmetrically on either side at a distance d from its centre. The axle is massless and both the springs and the axle are in a horizontal plane. The unstretched length of each spring is L. The disk is initially at its equilibrium position with its centre of mass (CM) at a distance L from the wall. The disk rolls without slipping with velocity V = V₀i. The coefficient of friction is μ. The maximum value of V₀ for which the disk will roll without slipping is (A) μg√(M/k) (B) μg√(M/(2k)) (C) μg√(3M/k) (D) μg√(5M/(2k))
2008_2_Q42,"Column I gives a list of possible set of parameters measured in some experiments. The variations of the parameters in the form of graphs are shown in Column II. Match the set of parameters given in Column I with the graphs given in Column II. Indicate your answer by darkening the appropriate bubbles of the 4x4 matrix given in the ORS. Column I (A) Potential energy of a simple pendulum (y axis) as a function of displacement (x axis) (B) Displacement (y axis) as a function of time (x axis) for a one dimensional motion at zero or constant acceleration when the body is moving along the positive x-direction (C) Range of a projectile (y axis) as a function of its velocity (x axis) when projected at a fixed angle (D) The square of the time period (y axis) of a simple pendulum as a function of its length (x axis) Column II (p) [Graph: a parabola opening upwards, vertex at origin] (q) [Graph: a straight line passing through origin with a positive slope] (r) [Graph: a straight line passing through origin with a positive slope] (s) [Graph: a curve starting from origin, increasing with increasing slope (concave up), resembling y proportional to x^(3/2)]"
2008_2_Q43,An optical component and an object S placed along its optic axis are given in Column I. The distance between the object and the component can be varied. The properties of images are given in Column II. Match all the properties of images from Column II with the appropriate components given in Column I. Indicate your answer by darkening the appropriate bubbles of the 4 × 4 matrix given in the ORS. Column I (A) [Diagram of concave mirror with object S] (B) [Diagram of convex mirror with object S] (C) [Diagram of convex lens with object S] (D) [Diagram of concave lens with object S] Column II (p) Real image (q) Virtual image (r) Magnified image (s) Image at infinity
2008_2_Q44,"Column I contains a list of processes involving expansion of an ideal gas. Match this with Column II describing the thermodynamic change during this process. Indicate your answer by darkening the appropriate bubbles of the 4 × 4 matrix given in the ORS. Column I (A) An insulated container has two chambers separated by a valve. Chamber I contains an ideal gas and the Chamber II has vacuum. The valve is opened. (B) An ideal monoatomic gas expands to twice its original volume such that its pressure P ∝ 1/V², where V is the volume of the gas (C) An ideal monoatomic gas expands to twice its original volume such that its pressure P∝ 1/V^(4/3), where V is its volume (D) An ideal monoatomic gas expands such that its pressure P and volume V follows the behaviour shown in the graph [P-V graph showing pressure decreasing as volume increases] Column II (p) The temperature of the gas decreases (q) The temperature of the gas increases or remains constant (r) The gas loses heat (s) The gas gains heat"
2008_2_Q45,"The correct stability order for the following species is (I) [Tertiary carbocation (e.g., t-butyl carbocation)] (II) [Secondary carbocation (e.g., isopropyl carbocation)] (III) [Primary carbocation (e.g., ethyl carbocation)] (IV) [Methyl carbocation] (A) (II) > (IV) > (I) > (III) (B) (I) > (II) > (III) > (IV) (C) (II) > (I) > (IV) > (III) (D) (I) > (III) > (II) > (IV)"
2008_2_Q46,Cellulose upon acetylation with excess acetic anhydride/H₂SO₄ (catalytic) gives cellulose triacetate whose structure is (A) [Chemical structure of cellulose derivative] (B) [Chemical structure of cellulose derivative] (C) [Chemical structure of cellulose derivative] (D) [Chemical structure of cellulose derivative]
2008_2_Q47,"In the following reaction sequence, the correct structures of E, F and G are Ph-CH(OH)-*CH3 ->[Heat] E ->[I2, NaOH] [F] + [G] (* implies ¹³C labelled carbon) (A) E = Ph-C(=O)-*CH3 (Acetophenone with methyl carbon labeled), F = Ph-O⁻Na⁺ (Sodium phenoxide), G = CHI₃ (Iodoform) (B) E = Ph-C(=O)-*CH3 (Acetophenone with methyl carbon labeled), F = Ph-COO⁻Na⁺ (Sodium benzoate), G = CHI₃ (Iodoform) (C) E = Ph-CH(OH)-*CH3 (1-phenylethanol with methyl carbon labeled), F = Ph-O⁻Na⁺ (Sodium phenoxide), G = CHI₃ (Iodoform) (D) E = Ph-CH(OH)-*CH3 (1-phenylethanol with methyl carbon labeled), F = Ph-O⁻Na⁺ (Sodium phenoxide), G = CHI₃ (Iodoform)"
2008_2_Q48,"Among the following, the coloured compound is (A) CuCl (B) K₃ [Cu (CN)₄] (C) CuF₂ (D) [Cu(CH₃CN)₄]BF₄"
2008_2_Q49,"Both [Ni(CO)₄] and [Ni(CN)₄]²⁻ are diamagnetic. The hybridisations of nickel in these complexes, respectively, are (A) sp³, sp³ (B) sp³, dsp² (C) dsp², sp³ (D) dsp², dsp²"
2008_2_Q50,The IUPAC name of [Ni(NH₃)₄] [NiCl₄] is (A) Tetrachloronickel (II) - tetraamminenickel (II) (B) Tetraamminenickel (II) - tetrachloronickel (II) (C) Tetraamminenickel (II) - tetrachloronickelate (II) (D) Tetrachloronickel (II) - tetraamminenickelate (0)
2008_2_Q51,Electrolysis of dilute aqueous NaCl solution was carried out by passing 10 milli ampere current. The time required to liberate 0.01 mol of H₂ gas at the cathode is (1 Faraday = 96500 C mol⁻¹) (A) 9.65 x 10⁴ sec (B) 19.3 x 10⁴ sec (C) 28.95 x 10⁴ sec (D) 38.6 × 10⁴ sec
2008_2_Q52,"Among the following, the surfactant that will form micelles in aqueous solution at the lowest molar concentration at ambient conditions is (A) CH₃(CH₂)₁₅ N⁺(CH₃)₃ Br⁻ (B) CH₃(CH₂)₁₁ OSO₃⁻Na⁺ (C) CH₃(CH₂)₁₆ COO⁻ Na⁺ (D) CH₃(CH₂)₁₁ N⁺(CH₃)₃Br⁻"
2008_2_Q53,"Solubility product constants (Ksp) of salts of types MX, MX₂, and M₃X at temperature 'T' are 4.0 × 10⁻⁸, 3.2 x 10⁻¹⁴ and 2.7 x 10⁻¹⁵, respectively. Solubilities (mol dm⁻³) of the salts at temperature ""T"" are in the order (A) MX > MX₂ > M₃X (B) M₃X > MX₂ > MX (C) MX₂ > M₃X > MX (D) MX > M₃X > MX₂"
2008_2_Q54,"STATEMENT-1: Aniline on reaction with NaNO₂/HCl at 0 °C followed by coupling with β-naphthol gives a dark blue coloured precipitate. and STATEMENT-2: The colour of the compound formed in the reaction of aniline with NaNO₂/HCl at 0 °C followed by coupling with β-naphthol is due to the extended conjugation. (A) STATEMENT-1 is True, STATEMENT-2 is True; STATEMENT-2 is a correct explanation for STATEMENT-1 (B) STATEMENT-1 is True, STATEMENT-2 is True; STATEMENT-2 is NOT a correct explanation for STATEMENT-1 (C) STATEMENT-1 is True, STATEMENT-2 is False (D) STATEMENT-1 is False, STATEMENT-2 is True"
2008_2_Q55,"STATEMENT-1: [Fe(H₂O)₅NO]SO₄ is paramagnetic. and STATEMENT-2: The Fe in [Fe(H₂O)₅NO]SO₄ has three unpaired electrons. (A) STATEMENT-1 is True, STATEMENT-2 is True; STATEMENT-2 is a correct explanation for STATEMENT-1 (B) STATEMENT-1 is True, STATEMENT-2 is True; STATEMENT-2 is NOT a correct explanation for STATEMENT-1 (C) STATEMENT-1 is True, STATEMENT-2 is False (D) STATEMENT-1 is False, STATEMENT-2 is True"
2008_2_Q56,"STATEMENT-1: The geometrical isomers of the complex [M(NH₃)₄Cl₂] are optically inactive. and STATEMENT-2: Both geometrical isomers of the complex [M(NH₃)₄Cl₂] possess axis of symmetry. (A) STATEMENT-1 is True, STATEMENT-2 is True; STATEMENT-2 is a correct explanation for STATEMENT-1 (B) STATEMENT-1 is True, STATEMENT-2 is True; STATEMENT-2 is NOT a correct explanation for STATEMENT-1 (C) STATEMENT-1 is True, STATEMENT-2 is False (D) STATEMENT-1 is False, STATEMENT-2 is True"
2008_2_Q57,"STATEMENT-1: There is a natural asymmetry between converting work to heat and converting heat to work. and STATEMENT-2: No process is possible in which the sole result is the absorption of heat from a reservoir and its complete conversion into work. (A) STATEMENT-1 is True, STATEMENT-2 is True; STATEMENT-2 is a correct explanation for STATEMENT-1 (B) STATEMENT-1 is True, STATEMENT-2 is True; STATEMENT-2 is NOT a correct explanation for STATEMENT-1 (C) STATEMENT-1 is True, STATEMENT-2 is False (D) STATEMENT-1 is False, STATEMENT-2 is True"
2008_2_Q58,"A tertiary alcohol H upon acid catalysed dehydration gives a product I. Ozonolysis of I leads to compounds J and K. Compound J upon reaction with KOH gives benzyl alcohol and a compound L, whereas K on reaction with KOH gives only M. M = Ph-CO-Ph (Benzophenone). Compound H is formed by the reaction of (A) [Structure of 1-phenylethanol] + PhMgBr (B) [Structure of ethylbenzene] + PhCH2MgBr (C) [Structure of benzyl alcohol] + PhCH2MgBr (D) [Structure of benzyl alcohol] + PhMgBr"
2008_2_Q59,"A tertiary alcohol H upon acid catalysed dehydration gives a product I. Ozonolysis of I leads to compounds J and K. Compound J upon reaction with KOH gives benzyl alcohol and a compound L, whereas K on reaction with KOH gives only M. M = Ph-CO-Ph (Benzophenone). The structure of compound I is (A) [Structure of 1,2-diphenylpropene] (B) [Structure of 2,3-diphenyl-2-butene] (C) [Structure of 1,2-diphenylpropene with different stereochemistry/position] (D) [Structure of 2-phenyl-2-butene]"
2008_2_Q60,"A tertiary alcohol H upon acid catalysed dehydration gives a product I. Ozonolysis of I leads to compounds J and K. Compound J upon reaction with KOH gives benzyl alcohol and a compound L, whereas K on reaction with KOH gives only M. M = Ph-CO-Ph (Benzophenone). The structures of compounds J, K and L, respectively, are (A) PhCOCH₃, PhCH₂COCH₃ and PhCH₂COO⁻K⁺ (B) PhCHO, PhCH₂CHO and PhCOO⁻K⁺ (C) PhCOCH₃, PhCH₂CHO and CH₃COO⁻K⁺ (D) PhCHO, PhCOCH₃ and PhCOO⁻K⁺"
2008_2_Q61,"In hexagonal systems of crystals, a frequently encountered arrangement of atoms is described as a hexagonal prism. Here, the top and bottom of the cell are regular hexagons and three atoms are sandwiched in between them. A space-filling model of this structure, called hexagonal close-packed (HCP), is constituted of a sphere on a flat surface surrounded in the same plane by six identical spheres as closely as possible. Three spheres are then placed over the first layer so that they touch each other and represent the second layer. Each one of these three spheres touches three spheres of the bottom layer. Finally, the second layer is covered with a third layer that is identical to the bottom layer in relative position. Assume radius of every sphere to be 'r'. The number of atoms in this HCP unit cell is (A) 4 (B) 6 (C) 12 (D) 17"
2008_2_Q62,"In hexagonal systems of crystals, a frequently encountered arrangement of atoms is described as a hexagonal prism. Here, the top and bottom of the cell are regular hexagons and three atoms are sandwiched in between them. A space-filling model of this structure, called hexagonal close-packed (HCP), is constituted of a sphere on a flat surface surrounded in the same plane by six identical spheres as closely as possible. Three spheres are then placed over the first layer so that they touch each other and represent the second layer. Each one of these three spheres touches three spheres of the bottom layer. Finally, the second layer is covered with a third layer that is identical to the bottom layer in relative position. Assume radius of every sphere to be 'r'. The volume of this HCP unit cell is (A) 24√2 r³ (B) 16√2r³ (C) 12√2r³ (D) (64/(3√3))r³"
2008_2_Q63,"In hexagonal systems of crystals, a frequently encountered arrangement of atoms is described as a hexagonal prism. Here, the top and bottom of the cell are regular hexagons and three atoms are sandwiched in between them. A space-filling model of this structure, called hexagonal close-packed (HCP), is constituted of a sphere on a flat surface surrounded in the same plane by six identical spheres as closely as possible. Three spheres are then placed over the first layer so that they touch each other and represent the second layer. Each one of these three spheres touches three spheres of the bottom layer. Finally, the second layer is covered with a third layer that is identical to the bottom layer in relative position. Assume radius of every sphere to be 'r'. The empty space in this HCP unit cell is (A) 74% (B) 47.6% (C) 32% (D) 26%"
2008_2_Q64,"Match the compounds in Column I with their characteristic test(s)/reaction(s) given in Column II. Indicate your answer by darkening the appropriate bubbles of the 4 × 4 matrix given in the ORS. Column I (A) H₂N-NH₃⁺Cl⁻ (Hydrazine hydrochloride) (B) HO-[benzene ring]-NH₃⁺I⁻ (with COOH group also on ring, e.g., Hydroxy-carboxy-anilinium iodide) (C) HO-[benzene ring]-NH₂Ac (e.g., Hydroxyacetanilide) (D) O₂N-[benzene ring]-NH-NH₃⁺Br⁻ (e.g., Nitro-phenyl-hydrazinium bromide) Column II (p) sodium fusion extract of the compound gives Prussian blue colour with FeSO₄ (q) gives positive FeCl₃ test (r) gives white precipitate with AgNO₃ (s) reacts with aldehydes to form the corresponding hydrazone derivative"
2008_2_Q65,Match the conversions in Column I with the type(s) of reaction(s) given in Column II. Indicate your answer by darkening the appropriate bubbles of the 4 × 4 matrix given in the ORS Column I (A) PbS→ PbO (B) CaCO₃ → CaO (C) ZnS → Zn (D) Cu₂S → Cu Column II (p) roasting (q) calcination (r) carbon reduction (s) self reduction
2008_2_Q66,"Match the entries in Column I with the correctly related quantum number(s) in Column II. Indicate your answer by darkening the appropriate bubbles of the 4 × 4 matrix given in the ORS Column I (A) Orbital angular momentum of the electron in a hydrogen-like atomic orbital (B) A hydrogen-like one-electron wave function obeying Pauli principle (C) Shape, size and orientation of hydrogen-like atomic orbitals (D) Probability density of electron at the nucleus in hydrogen-like atom Column II (p) Principal quantum number (q) Azimuthal quantum number (r) Magnetic quantum number (s) Electron spin quantum number"
2009_1_Q01,"Given that the abundances of isotopes 54Fe, 56Fe and 57Fe are 5%, 90% and 5%, respectively, the atomic mass of Fe is (A) 55.85 (B) 55.95 (C) 55.75 (D) 56.05"
2009_1_Q02,The term that corrects for the attractive forces present in a real gas in the van der Waals equation is (A) nb (B) an²/V² (C) an²/V² (D) -nb
2009_1_Q03,"Among the electrolytes Na2SO4, CaCl2, Al2(SO4)3 and NH4Cl, the most effective coagulating agent for Sb2S3 sol is (A) Na2SO4 (B) CaCl2 (C) Al2(SO4)3 (D) NH4Cl"
2009_1_Q04,The Henry's law constant for the solubility of N₂ gas in water at 298 K is 1.0×10⁵ atm. The mole fraction of N₂ in air is 0.8. The number of moles of N₂ from air dissolved in 10 moles of water at 298 K and 5 atm pressure is (A) 4.0×10⁻⁴ (B) 4.0×10⁻⁵ (C) 5.0×10⁻⁴ (D) 4.0×10⁻⁶
2009_1_Q05,The reaction of P₄ with X leads selectively to P₄O₆. The X is (A) Dry O2 (B) A mixture of O2 and N2 (C) Moist O2 (D) O2 in the presence of aqueous NaOH
2009_1_Q06,The correct acidity order of the following is OH OH COOH COOH CI (I) (II) (III) CH3 (IV) (A) (III) > (IV) > (II) > (I) (B) (IV) > (III) > (I) > (II) (C) (III) > (II) > (I) > (IV) (D) (II) > (III) > (IV) > (I)
2009_1_Q07,"Among cellulose, poly(vinyl chloride), nylon and natural rubber, the polymer in which the intermolecular force of attraction is weakest is (A) Nylon (B) Poly(vinyl chloride) (C) Cellulose (D) Natural Rubber"
2009_1_Q08,The IUPAC name of the following compound is OH CN Br (A) 4-Bromo-3-cyanophenol (B) 2-Bromo-5-hydroxybenzonitrile (C) 2-Cyano-4-hydroxybromobenzene (D) 6-Bromo-3-hydroxybenzonitrile
2009_1_Q09,The correct statement(s) regarding defects in solids is(are) (A) Frenkel defect is usually favoured by a very small difference in the sizes of cation and anion (B) Frenkel defect is a dislocation defect (C) Trapping of an electron in the lattice leads to the formation of F-center (D) Schottky defects have no effect on the physical properties of solids
2009_1_Q10,The compound(s) that exhibit(s) geometrical isomerism is(are) (A) [Pt(en)Cl₂] (B) [Pt(en)₂]Cl₂ (C) [Pt(en)₂Cl₂]Cl₂ (D) [Pt(NH₃)₂Cl₂]
2009_1_Q11,The compound(s) formed upon combustion of sodium metal in excess air is(are) (A) Na₂O₂ (B) Na₂O (C) NaO₂ (D) NaOH
2009_1_Q12,"The correct statement(s) about the compound H₃C(HO)HC-CH=CH-CH(OH)CH₃ (X) is(are) (A) The total number of stereoisomers possible for X is 6 (B) The total number of diastereomers possible for X is 3 (C) If the stereochemistry about the double bond in X is trans, the number of enantiomers possible for X is 4 (D) If the stereochemistry about the double bond in X is cis, the number of enantiomers possible for X is 2"
2009_1_Q13,"p-Amino-N,N-dimethylaniline is added to a strongly acidic solution of X. The resulting solution is treated with a few drops of aqueous solution of Y to yield blue coloration due to the formation of methylene blue. Treatment of the aqueous solution of Y with the reagent potassium hexacyanoferrate(II) leads to the formation of an intense blue precipitate. The precipitate dissolves on excess addition of the reagent. Similarly, treatment of the solution of Y with the solution of potassium hexacyanoferrate(III) leads to a brown coloration due to the formation of Z. The compound X is (A) NaNO₃ (B) NaCl (C) Na₂SO₄ (D) Na₂S"
2009_1_Q14,The compound Y is (A) MgCl₂ (B) FeCl₂ (C) FeCl₃ (D) ZnCl₂
2009_1_Q15,The compound Z is (A) Mg₂[Fe(CN)₆] (B) Fe[Fe(CN)₆] (C) Fe₄[Fe(CN)₆]₃ (D) K₂Zn₃[Fe(CN)₆]₂
2009_1_Q16,"A carbonyl compound P, which gives positive iodoform test, undergoes reaction with MeMgBr followed by dehydration to give an olefin Q. Ozonolysis of Q leads to a dicarbonyl compound R, which undergoes intramolecular aldol reaction to give predominantly S. 1. MeMgBr 1. O₃ 1. OH⁻ P → Q → R → S 2. H⁺, H₂O 2. Zn, H₂O 2. Δ 3. H₂SO₄, Δ The structure of the carbonyl compound P is (A) Me (B) Me Me (C) Et (D) Me"
2009_1_Q17,"The structures of the products Q and R, respectively, are (A) Me , H COMe Me Me Me Me (B) H CHO Me , Me Me Me (C) H CHO Me Et , Me Et Me (D) CH₃ CHO , Me Me Et"
2009_1_Q18,The structure of the product S is (A) (B) (C) (D)
2009_1_Q19,Match each of the diatomic molecules in Column I with its property/properties in Column II. Column I Column II (A) B₂ (p) Paramagnetic (B) N₂ (q) Undergoes oxidation (C) O₂ (r) Undergoes reduction (D) O₂ (s) Bond order ≥ 2 (t) Mixing of 's' and 'p' orbitals
2009_1_Q20,Match each of the compounds in Column I with its characteristic reaction(s) in Column II. Column I Column II (A) CH₃CH₂CH₂CN (p) Reduction with Pd-C/H₂ (B) CH₃CH₂OCOCH₃ (q) Reduction with SnCl₂/HCl (C) CH₃-CH=CH-CH₂OH (r) Development of foul smell on treatment with chloroform and alcoholic KOH (D) CH₃CH₂CH₂CH₂NH₂ (s) Reduction with diisobutylaluminium hydride (DIBAL-H) (t) Alkaline hydrolysis
2009_1_Q21,"Let P(3, 2, 6) be a point in space and Q be a point on the line r = (i-j+2k) + μ(−3i+j+5k). Then the value of μ for which the vector PQ is parallel to the plane x-4y+3z =1 is (A) 1/4 (B) 1/4 (C) 1/8 (D) 1/8"
2009_1_Q22,"Tangents drawn from the point P(1, 8) to the circle x²+y²-6x-4y-11=0 touch the circle at the points A and B. The equation of the circumcircle of the triangle PAB is (A) x²+y²+4x-6y+19=0 (B) x²+y²-4x-10y+19=0 (C) x²+y²-2x+6y-29=0 (D) x²+y²-6x-4y+19=0"
2009_1_Q23,"Let f be a non-negative function defined on the interval [0, 1]. If ∫₀ˣ √1-(f'(t))² dt = ∫₀ˣ f(t) dt, 0≤x≤1, and f(0)=0, then (A) f(1/2) < 1/2 and f(1/3) > 1/3 (B) f(1/2) > 1/2 and f(1/3) > 1/3 (C) f(1/2) < 1/2 and f(1/3) < 1/3 (D) f(1/2) > 1/2 and f(1/3) < 1/3"
2009_1_Q24,Let z=x+iy be a complex number where x and y are integers. Then the area of the rectangle whose vertices are the roots of the equation zz̄³+z̄z³ = 350 is (A) 48 (B) 32 (C) 40 (D) 80
2009_1_Q25,"The line passing through the extremity A of the major axis and extremity B of the minor axis of the ellipse x²+9y² = 9 meets its auxiliary circle at the point M. Then the area of the triangle with vertices at A, M and the origin O is (A) 31/10 (B) 29/10 (C) 21/10 (D) 27/10"
2009_1_Q26,"If a, b, c and d are unit vectors such that (a⃗×b⃗)∙(c⃗×d⃗)=1 and a⃗∙c⃗ = 1/2, then (A) a, b, c are non-coplanar (B) b, c, d are non-coplanar (C) b, d are non-parallel (D) a, d are parallel and b, c are parallel"
2009_1_Q27,Let z=cosθ+isinθ. Then the value of ∑_(m=1)^15 Im (z^(2m-1)) at θ=2° is (A) 1/sin 2° (B) 1/(3 sin 2°) (C) 1/(2 sin 2°) (D) 1/(4 sin 2°)
2009_1_Q28,"The number of seven digit integers, with sum of the digits equal to 10 and formed by using the digits 1, 2 and 3 only, is (A) 55 (B) 66 (C) 77 (D) 88"
2009_1_Q29,Area of the region bounded by the curve y=eˣ and lines x=0 and y=e is (A) e-1 (B) ∫₁ᵉ ln(e+1-y)dy (C) e-∫₀ᵉˣ dx (D) ∫₁ᵉ ln y dy
2009_1_Q30,"Let L = lim_(x→0) (α-√(α²-x²-x⁴/4))/x⁴, α>0. If L is finite, then (A) α = 2 (B) α=1 (C) L=1/64 (D) L = 1/32"
2009_1_Q31,"In a triangle ABC with fixed base BC, the vertex A moves such that cos B + cos C = 4 sin²(A/2). If a,b and c denote the lengths of the sides of the triangle opposite to the angles A, B and C, respectively, then (A) b+c= 4a (B) b+c= 2a (C) locus of point A is an ellipse (D) locus of point A is a pair of straight lines"
2009_1_Q32,"If sin⁴x/2 + cos⁴x/3 = 1/5, then (A) tan²x = 2/3 (B) sin⁸x/8 + cos⁸x/27 = 1/125 (C) tan²x = 1/3 (D) sin⁸x/8 + cos⁸x/27 = 1/125"
2009_1_Q33,Let S be the set of all 3×3 symmetric matrices all of whose entries are either 0 or 1. Five of these entries are 1 and four of them are 0. The number of matrices in S is (A) 12 (B) 6 (C) 9 (D) 3
2009_1_Q34,"The number of matrices A in S for which the system of linear equations A [x y z]ᵀ = [1 0 0]ᵀ has a unique solution, is (A) less than 4 (B) at least 4 but less than 7 (C) at least 7 but less than 10 (D) at least 10"
2009_1_Q35,"The number of matrices A in S for which the system of linear equations A [x y z]ᵀ = [1 0 0]ᵀ is inconsistent, is (A) 0 (B) more than 2 (C) 2 (D) 1"
2009_1_Q36,A fair die is tossed repeatedly until a six is obtained. Let X denote the number of tosses required. The probability that X =3 equals (A) 25/216 (B) 25/36 (C) 5/36 (D) 125/216
2009_1_Q37,The probability that X≥3 equals (A) 125/216 (B) 25/36 (C) 5/36 (D) 25/216
2009_1_Q38,The conditional probability that X≥6 given X >3 equals (A) 125/216 (B) 25/216 (C) 5/36 (D) 25/36
2009_1_Q39,"Match the statements/expressions in Column I with the open intervals in Column II. Column I Column II (A) Interval contained in the domain of definition of non-zero solutions of the differential equation (x-3)² y'+y=0 (p) (-π/2, π/2) (B) Interval containing the value of the integral ∫₁⁵ (x-1)(x-2)(x-3)(x-4)(x-5) dx (q) (0, 1) (C) Interval in which at least one of the points of local maximum of cos² x + sin x lies (r) (5π/8, 5π/4) (D) Interval in which tan⁻¹(sin x + cos x) is increasing (s) (0, π/8) (t) (-π, π)"
2009_1_Q40,"Match the conics in Column I with the statements/expressions in Column II. Column I Column II (A) Circle (p) The locus of the point (h, k) for which the line hx+ky=1 touches the circle x² + y² = 4 (B) Parabola (q) Points z in the complex plane satisfying |z+2|-|z-2|=±3 (C) Ellipse (r) Points of the conic have parametric representation x = √3(1-t²)/(1+t²), y = 2t/(1+t²) (D) Hyperbola (s) The eccentricity of the conic lies in the interval 1≤e<∞ (t) Points z in the complex plane satisfying Re(z+1)² = |z|²+1"
2009_1_Q41,"Three concentric metallic spherical shells of radii R, 2R, 3R, are given charges Q₁, Q₂, Q₃, respectively. It is found that the surface charge densities on the outer surfaces of the shells are equal. Then, the ratio of the charges given to the shells, Q₁ : Q₂ : Q₃, is (A) 1:2:3 (B) 1:3:5 (C) 1:4:9 (D) 1:8:18"
2009_1_Q42,"A block of base 10 cm x 10 cm and height 15 cm is kept on an inclined plane. The coefficient of friction between them is √3. The inclination θ of this inclined plane from the horizontal plane is gradually increased from 0°. Then (A) at θ = 30°, the block will start sliding down the plane (B) the block will remain at rest on the plane up to certain θ and then it will topple (C) at θ = 60°, the block will start sliding down the plane and continue to do so at higher angles (D) at θ = 60°, the block will start sliding down the plane and on further increasing θ, it will topple at certain θ"
2009_1_Q43,"A ball is dropped from a height of 20 m above the surface of water in a lake. The refractive index of water is 4/3. A fish inside the lake, in the line of fall of the ball, is looking at the ball. At an instant, when the ball is 12.8 m above the water surface, the fish sees the speed of ball as [Take g = 10 m/s².] (A) 9 m/s (B) 12 m/s (C) 16 m/s (D) 21.33 m/s"
2009_1_Q44,"Look at the drawing given in the figure which has been drawn with ink of uniform line-thickness. The mass of ink used to draw each of the two inner circles, and each of the two line segments is m. The mass of the ink used to draw the outer circle is 6m. The coordinates of the centres of the different parts are: outer circle (0, 0), left inner circle (-a, a), right inner circle (a, a), vertical line (0,0) and horizontal line (0, -a). The y-coordinate of the centre of mass of the ink in this drawing is (A) a/10 (B) a/8 (C) a/12 (D) a/3"
2009_1_Q45,"Two small particles of equal masses start moving in opposite directions from a point A in a horizontal circular orbit. Their tangential velocities are v and 2v, respectively, as shown in the figure. Between collisions, the particles move with constant speeds. After making how many elastic collisions, other than that at A, these two particles will again reach the point A? (A) 4 (B) 3 (C) 2 (D) 1"
2009_1_Q46,"The figure shows certain wire segments joined together to form a coplanar loop. The loop is placed in a perpendicular magnetic field in the direction going into the plane of the figure. The magnitude of the field increases with time. I₁ and I₂ are the currents in the segments ab and cd. Then, (A) I₁ > I₂ (B) I₁ < I₂ (C) I₁ is in the direction ba and I₂ is in the direction cd (D) I₁ is in the direction ab and I₂ is in the direction dc"
2009_1_Q47,"A disk of radius a/4 having a uniformly distributed charge 6C is placed in the x-y plane with its centre at (-a/2, 0, 0). A rod of length a carrying a uniformly distributed charge 8C is placed on the x-axis from x = a/4 to x = 5a/4. Two point charges -7C and 3C are placed at (a/4,-a/4,0) and (-3a/4, 3a/4, 0), respectively. Consider a cubical surface formed by six surfaces x = ±a/2, y = ±a/2, z = ±a/2. The electric flux through this cubical surface is (A) -2C/ε₀ (B) 2C/ε₀ (C) 10C/ε₀ (D) 12C/ε₀"
2009_1_Q48,The x-t graph of a particle undergoing simple harmonic motion is shown below. The acceleration of the particle at t = 4/3 s is (A) -√3π²/32 cm/s² (B) -π²/32 cm/s² (C) π²/32 cm/s² (D) √3π²/32 cm/s²
2009_1_Q49,"If the resultant of all the external forces acting on a system of particles is zero, then from an inertial frame, one can surely say that (A) linear momentum of the system does not change in time (B) kinetic energy of the system does not change in time (C) angular momentum of the system does not change in time (D) potential energy of the system does not change in time"
2009_1_Q50,"A student performed the experiment of determination of focal length of a concave mirror by u-v method using an optical bench of length 1.5 meter. The focal length of the mirror used is 24 cm. The maximum error in the location of the image can be 0.2 cm. The 5 sets of (u, v) values recorded by the student (in cm) are: (42, 56), (48, 48), (60, 40), (66, 33), (78, 39). The data set(s) that cannot come from experiment and is (are) incorrectly recorded, is (are) (A) (42, 56) (B) (48, 48) (C) (66, 33) (D) (78, 39)"
2009_1_Q51,"For the circuit shown in the figure I 2 KΩ R1 24 V 6 KΩ R2 RL 1.5 KΩ (A) the current I through the battery is 7.5 mA (B) the potential difference across R₁ is 18 V (C) ratio of powers dissipated in R₁ and R₂ is 3 (D) if R₁ and R₂ are interchanged, magnitude of the power dissipated in R₁ will decrease by a factor of 9"
2009_1_Q52,"Cᵥ and Cₚ denote the molar specific heat capacities of a gas at constant volume and constant pressure, respectively. Then (A) Cₚ - Cᵥ is larger for a diatomic ideal gas than for a monoatomic ideal gas (B) Cₚ + Cᵥ is larger for a diatomic ideal gas than for a monoatomic ideal gas (C) Cₚ/Cᵥ is larger for a diatomic ideal gas than for a monoatomic ideal gas (D) Cₚ Cᵥ is larger for a diatomic ideal gas than for a monoatomic ideal gas"
2009_1_Q53,"Scientists are working hard to develop nuclear fusion reactor. Nuclei of heavy hydrogen, ²₁H, known as deuteron and denoted by D, can be thought of as a candidate for fusion reactor. The D-D reaction is ²₁H + ²₁H → ³₂He + n + energy. In the core of fusion reactor, a gas of heavy hydrogen is fully ionized into deuteron nuclei and electrons. This collection of ²₁H nuclei and electrons is known as plasma. The nuclei move randomly in the reactor core and occasionally come close enough for nuclear fusion to take place. Usually, the temperatures in the reactor core are too high and no material wall can be used to confine the plasma. Special techniques are used which confine the plasma for a time t₀ before the particles fly away from the core. If n is the density (number/volume) of deuterons, the product nt₀ is called Lawson number. In one of the criteria, a reactor is termed successful if Lawson number is greater than 5×10¹⁴ s/cm³. It may be helpful to use the following: Boltzmann constant k = 8.6×10⁻⁵ eV/K; e²/4πε₀ = 1.44×10⁻⁹ eVm. In the core of nuclear fusion reactor, the gas becomes plasma because of (A) strong nuclear force acting between the deuterons (B) Coulomb force acting between the deuterons (C) Coulomb force acting between deuteron-electron pairs (D) the high temperature maintained inside the reactor core"
2009_1_Q54,"Assume that two deuteron nuclei in the core of fusion reactor at temperature T are moving towards each other, each with kinetic energy 1.5 kT, when the separation between them is large enough to neglect Coulomb potential energy. Also neglect any interaction from other particles in the core. The minimum temperature T required for them to reach a separation of 4×10⁻¹⁵ m is in the range (A) 1.0×10⁹ K < T < 2.0×10⁹ K (B) 2.0×10⁹ K < T < 3.0×10⁹ K (C) 3.0×10⁹ K < T < 4.0×10⁹ K (D) 4.0×10⁹ K < T < 5.0×10⁹ K"
2009_1_Q55,"Results of calculations for four different designs of a fusion reactor using D-D reaction are given below. Which of these is most promising based on Lawson criterion? (A) deuteron density = 2.0×10¹² cm⁻³, confinement time = 5.0×10⁻³ s (B) deuteron density = 8.0×10¹⁴ cm⁻³, confinement time = 9.0×10⁻¹ s (C) deuteron density = 4.0×10²³ cm⁻³, confinement time = 1.0×10⁻¹¹ s (D) deuteron density = 1.0×10²⁴ cm⁻³, confinement time = 4.0×10⁻¹² s"
2009_1_Q56,"When a particle is restricted to move along x-axis between x = 0 and x = a, where a is of nanometer dimension, its energy can take only certain specific values. The allowed energies of the particle moving in such a restricted region, correspond to the formation of standing waves with nodes at its ends x = 0 and x = a. The wavelength of this standing wave is related to the linear momentum p of the particle according to the de Broglie relation. The energy of the particle of mass m is related to its linear momentum as E = p²/2m. Thus, the energy of the particle can be denoted by a quantum number 'n' taking values 1, 2, 3, ... (n = 1, called the ground state) corresponding to the number of loops in the standing wave. Use the model described above to answer the following three questions for a particle moving in the line x = 0 to x = a. Take h = 6.6×10⁻³⁴ Js and e = 1.6×10⁻¹⁹ C. The allowed energy for the particle for a particular value of n is proportional to (A) a⁻² (B) a⁻³/² (C) a⁻¹ (D) a²"
2009_1_Q57,"If the mass of the particle is m = 1.0×10⁻³⁰ kg and a = 6.6 nm, the energy of the particle in its ground state is closest to (A) 0.8 meV (B) 8 meV (C) 80 meV (D) 800 meV"
2009_1_Q58,"The speed of the particle, that can take discrete values, is proportional to (A) n⁻³/² (B) n⁻¹ (C) n¹/² (D) n"
2009_1_Q59,"Six point charges, each of the same magnitude q, are arranged in different manners as shown in Column II. In each case, a point M and a line PQ passing through M are shown. Let E be the electric field and V be the electric potential at M (potential at infinity is zero) due to the given charge distribution when it is at rest. Now, the whole system is set into rotation with a constant angular velocity about the line PQ. Let B be the magnetic field at M and μ be the magnetic moment of the system in this condition. Assume each rotating charge to be equivalent to a steady current. Column I Column II (A) E = 0 (p) Charges are at the corners of a regular hexagon. M is at the centre of the hexagon. PQ is perpendicular to the plane of the hexagon. (B) V≠0 (q) Charges are on a line perpendicular to PQ at equal intervals. M is the mid-point between the two innermost charges. (C) B = 0 (r) Charges are placed on two coplanar insulating rings at equal intervals. M is the common centre of the rings. PQ is perpendicular to the plane of the rings, (D) μ≠ 0 (s) Charges are placed at the corners of a rectangle of sides a and 2a and at the mid points of the longer sides. M is at the centre of the rectangle. PQ is parallel to the longer sides. (t) Charges are placed on two coplanar, identical insulating rings at equal intervals. M is the mid-point between the centres of the rings. PQ is perpendicular to the line joining the centres and coplanar to the rings."
2009_1_Q60,"Column II shows five systems in which two objects are labelled as X and Y. Also in each case a point P is shown. Column I gives some statements about X and/or Y. Match these statements to the appropriate system(s) from Column II. Column I Column II (A) The force exerted by X on Y has a magnitude Mg. (p) Block Y of mass M left on a fixed inclined plane X, slides on it with a constant velocity. (B) The gravitational potential energy of X is continuously increasing. (q) Two ring magnets Y and Z, each of mass M, are kept in frictionless vertical plastic stand so that they repel each other. Y rests on the base X and Z hangs in air in equilibrium. P is the topmost point of the stand on the common axis of the two rings. The whole system is in a lift that is going up with a constant velocity. (C) Mechanical energy of the system X + Y is continuously decreasing. (r) A pulley Y of mass m₀ is fixed to a table through a clamp X. A block of mass M hangs from a string that goes over the pulley and is fixed at point P of the table. The whole system is kept in a lift that is going down with a constant velocity. (D) The torque of the weight of Y about point P is zero. (s) A sphere Y of mass M is put in a nonviscous liquid X kept in a container at rest. The sphere is released and it moves down in the liquid. (t) A sphere Y of mass M is falling with its terminal velocity in a viscous liquid X kept in a container."
2009_2_Q01,"For a first order reaction A→P, the temperature (T) dependent rate constant (k) was found to follow the equation log k = -(2000)/T + 6.0. The pre-exponential factor A and the activation energy Ea, respectively, are (A) 1.0 x 10⁶ s⁻¹ and 9.2 kJ mol⁻¹ (B) 6.0 s⁻¹ and 16.6 kJ mol⁻¹ (C) 1.0 x 10⁶ s⁻¹ and 16.6 kJ mol⁻¹ (D) 1.0 x 10⁶ s⁻¹ and 38.3 kJ mol⁻¹"
2009_2_Q02,The spin only magnetic moment value (in Bohr magneton units) of Cr(CO)₆ is (A) 0 (B) 2.84 (C) 4.90 (D) 5.92
2009_2_Q03,"In the following carbocation, H/CH₃ that is most likely to migrate to the positively charged carbon is H3C-CH(OH)-CH2-C+(H)-CH2-CH3 (A) CH₃ at C-4 (B) H at C-4 (C) CH₃ at C-2 (D) H at C-2"
2009_2_Q04,The correct stability order of the following resonance structures is H₂C⁺-N=N⁻ (I) H₂C=N⁺=N⁻ (II) H₂C⁻-N⁺≡N (III) H₂C=N⁻-N⁺ (IV) (A) (I) > (II) > (IV) > (III) (B) (I) > (III) > (II) > (IV) (C) (II) > (I) > (III) > (IV) (D) (III) > (I) > (IV) > (II)
2009_2_Q05,"For the reduction of NO₃⁻ ion in an an aqueous solution, E° is +0.96 V. Values of E° for some metal ions are given below V²⁺(aq) + 2e⁻ → V E° = -1.19 V Fe³⁺(aq)+3e⁻ → Fe E° = -0.04 V Au³⁺(aq)+3e⁻ → Au E° = +1.40 V Hg²⁺(aq) + 2e⁻ → Hg E° = +0.86 V The pair(s) of metals that is(are) oxidized by NO₃⁻ in aqueous solution is(are) (A) V and Hg (B) Hg and Fe (C) Fe and Au (D) Fe and V"
2009_2_Q06,"Among the following, the state function(s) is (are) (A) Internal energy (B) Irreversible expansion work (C) Reversible expansion work (D) Molar enthalpy"
2009_2_Q07,In the reaction 2X + B₂H₆ → [BH₂(X)₂]⁺ [BH₄]⁻ the amine(s) X is(are) (A) NH₃ (B) CH₃NH₂ (C) (CH₃)₂NH (D) (CH₃)₃N
2009_2_Q08,The nitrogen oxide(s) that contain(s) N-N bond(s) is(are) (A) N₂O (B) N₂O₃ (C) N₂O₄ (D) N₂O₅
2009_2_Q09,"The correct statement(s) about the following sugars X and Y is(are) (A) X is a reducing sugar and Y is a non-reducing sugar (B) X is a non-reducing sugar and Y is a reducing sugar (C) The glucosidic linkages in X and Y are α and β, respectively (D) The glucosidic linkages in X and Y are β and α, respectively"
2009_2_Q10,Match each of the reactions given in Column I with the corresponding product(s) given in Column II. Column I: (A) Cu + dil HNO₃ (B) Cu + conc HNO₃ (C) Zn + dil HNO₃ (D) Zn + conc HNO₃. Column II: (p) NO (q) NO₂ (r) N₂O (s) Cu(NO₃)₂ (t) Zn(NO₃)₂
2009_2_Q11,"Match each of the compounds given in Column I with the reaction(s), that they can undergo, given in Column II. Column I: (A) Bromobenzene (B) Phenol (C) Benzaldehyde (D) p-Bromonitrobenzene. Column II: (p) Nucleophilic substitution (q) Elimination (r) Nucleophilic addition (s) Esterification with acetic anhydride (t) Dehydrogenation"
2009_2_Q12,"In a constant volume calorimeter, 3.5 g of a gas with molecular weight 28 was burnt in excess oxygen at 298.0 K. The temperature of the calorimeter was found to increase from 298.0 K to 298.45 K due to the combustion process. Given that the heat capacity of the calorimeter is 2.5 kJ K⁻¹, the numerical value for the enthalpy of combustion of the gas in kJ mol⁻¹ is"
2009_2_Q13,"At 400 K, the root mean square (rms) speed of a gas X (molecular weight = 40) is equal to the most probable speed of gas Y at 60 K. The molecular weight of the gas Y is"
2009_2_Q14,The dissociation constant of a substituted benzoic acid at 25°C is 1.0 × 10⁻⁴. The pH of a 0.01 M solution of its sodium salt is
2009_2_Q15,The total number of α and β particles emitted in the nuclear reaction ²³⁸₉₂U → ²¹⁴₈₂Pb is
2009_2_Q16,The oxidation number of Mn in the product of alkaline oxidative fusion of MnO₂ is
2009_2_Q17,The number of water molecule(s) directly bonded to the metal centre in CuSO₄.5H₂O is
2009_2_Q18,The coordination number of Al in the crystalline state of AlCl₃ is
2009_2_Q19,The total number of cyclic structural as well as stereo isomers possible for a compound with the molecular formula C₅H₁₀ is
2009_2_Q20,"If the sum of first n terms of an A.P. is cn², then the sum of squares of these n terms is (A) n(4n²-1)c²/6 (B) n(4n²+1)c²/3 (C) n(4n²-1)c²/3 (D) n(4n²+1)c²/6"
2009_2_Q21,"A line with positive direction cosines passes through the point P(2,-1,2) and makes equal angles with the coordinate axes. The line meets the plane 2x + y + z = 9 at point Q. The length of the line segment PQ equals (A) 1 (B) √2 (C) √3 (D) 2"
2009_2_Q22,"The normal at a point P on the ellipse x² + 4y² = 16 meets the x-axis at Q. If M is the mid point of the line segment PQ, then the locus of M intersects the latus rectums of the given ellipse at the points (A) (±3√5/2, ±√19/4) (B) (±3√5/2, ±√19/4) (C) (±2√3, ±1/7) (D) (±2√3, ±4√3/7)"
2009_2_Q23,"The locus of the orthocentre of the triangle formed by the lines (1+p)x - py + p(1 + p) = 0, (1+q)x - qy + q(1 + q) = 0, and y = 0, where p ≠ q, is (A) a hyperbola (B) a parabola (C) an ellipse (D) a straight line"
2009_2_Q24,"If Iₙ = ∫₀^π (sin nx)/(1+πˣ) sinx dx, n=0,1, 2,..., then (A) Iₙ = Iₙ₊₂ (B) Σ_(m=1)^10 I₂m₊₁ = 10π (C) Σ_(m=1)^10 I₂m = 0 (D) Iₙ = Iₙ₊₁"
2009_2_Q25,"An ellipse intersects the hyperbola 2x²-2y² = 1 orthogonally. The eccentricity of the ellipse is reciprocal of that of the hyperbola. If the axes of the ellipse are along the coordinate axes, then (A) Equation of ellipse is x² + 2y² = 2 (B) The foci of ellipse are (±1, 0) (C) Equation of ellipse is x² + 2y² = 4 (D) The foci of ellipse are (±√2, 0)"
2009_2_Q26,"For the function f(x)=x cos(1/x), x≥1, (A) for at least one x in the interval [1, ∞), f(x+2)-f(x)<2 (B) lim_(x→∞) f'(x) = 1 (C) for all x in the interval [1,∞), f(x+2)-f(x)>2 (D) f'(x) is strictly decreasing in the interval (1,∞)"
2009_2_Q27,"The tangent PT and the normal PN to the parabola y² = 4ax at a point P on it meet its axis at points T and N, respectively. The locus of the centroid of the triangle PTN is a parabola whose (A) vertex is (2a/3, 0) (B) directrix is x = 0 (C) latus rectum is 2a/3 (D) focus is (a, 0)"
2009_2_Q28,"For 0<θ<π/2, the solution(s) of Σ_(m=1)^6 cosec(θ + (m-1)π/4) cosec(θ + mπ/4) = 4√2 is(are) (A) π/4 (B) π/6 (C) π/12 (D) 5π/12"
2009_2_Q29,"Match the statements/expressions given in Column I with the values given in Column II. Column I: (A) Root(s) of the equation 2sin²θ + sin² 2θ = 2 (B) Points of discontinuity of the function f(x) = [6x/π] cos([3x/π]) where [y] denotes the largest integer less than or equal to y (C) Volume of the parallelopiped with its edges represented by the vectors i+j, i+2j and i+j+rk (D) Angle between vectors a and b where a, b and c are unit vectors satisfying a+b+√3c = 0. Column II: (p) π/6 (q) π/4 (r) π/3 (s) π/2 (t) π"
2009_2_Q30,"Match the statements/expressions given in Column I with the values given in Column II. Column I: (A) The number of solutions of the equation xe^(sin x) - e^(-cos x) = 0 in the interval (0, π/2) (B) Value(s) of k for which the planes kx+4y+z=0, 4x+ky+2z=0 and 2x+2y+z=0 intersect in a straight line (C) Value(s) of k for which |x-1|+|x-2|+|x+1|+|x+2|=4k has integer solution(s) (D) If y'=y+1 and y(0)=1, then value(s) of y(ln 2). Column II: (p) 1 (q) 2 (r) 3 (s) 4 (t) 5"
2009_2_Q31,The maximum value of the function f(x) = 2x³-15x²+36x-48 on the set A = {x | x² + 20 ≤ 9x} is
2009_2_Q32,"Let (x, y, z) be points with integer coordinates satisfying the system of homogeneous equations: 3x-y-z=0, -3x+z=0, -3x+2y+z=0. Then the number of such points for which x² + y² + z² ≤ 100 is"
2009_2_Q33,"Let ABC and ABC' be two non-congruent triangles with sides AB = 4, AC = AC' = 2√2 and angle B = 30°. The absolute value of the difference between the areas of these triangles is"
2009_2_Q34,"Let p(x) be a polynomial of degree 4 having extremum at x = 1, 2 and lim_(x→0) (1+ p(x)/x²) = 2. Then the value of p(2) is"
2009_2_Q35,Let f: R→R be a continuous function which satisfies f(x) = ∫₀ˣ f(t)dt. Then the value of f(ln 5) is
2009_2_Q36,"The centres of two circles C₁ and C₂ each of unit radius are at a distance of 6 units from each other. Let P be the mid point of the line segment joining the centres of C₁ and C₂ and C be a circle touching circles C₁ and C₂ externally. If a common tangent to C₁ and C passing through P is also a common tangent to C₂ and C, then the radius of the circle C is"
2009_2_Q37,"The smallest value of k, for which both the roots of the equation x²-8kx+16(k²-k+1) = 0 are real, distinct and have values at least 4, is"
2009_2_Q38,"If the function f(x) = x² + eˣ and g(x) = f⁻¹(x), then the value of g'(1) is"
2009_2_Q39,The mass M shown in the figure oscillates in simple harmonic motion with amplitude A. The amplitude of the point P is (A) k₁A/k₂ (B) k₂A/k₁ (C) k₁A/(k₁+k₂) (D) k₂A/(k₁+k₂)
2009_2_Q40,"A piece of wire is bent in the shape of a parabola y = kx² (y-axis vertical) with a bead of mass m on it. The bead can slide on the wire without friction. It stays at the lowest point of the parabola when the wire is at rest. The wire is now accelerated parallel to the x-axis with a constant acceleration a. The distance of the new equilibrium position of the bead, where the bead can stay at rest with respect to the wire, from the y-axis is (A) a/gk (B) a/2gk (C) 2a/gk (D) a/4gk"
2009_2_Q41,"Photoelectric effect experiments are performed using three different metal plates p, q and r having work functions φₚ = 2.0 eV, φ_q = 2.5 eV and φ_r = 3.0 eV, respectively. A light beam containing wavelengths of 550 nm, 450 nm and 350 nm with equal intensities illuminates each of the plates. The correct I-V graph for the experiment is [Take hc=1240 eV nm] (A) Graph with I vs V (B) Graph with I vs V (C) Graph with I vs V (D) Graph with I vs V"
2009_2_Q42,"A uniform rod of length L and mass M is pivoted at the centre. Its two ends are attached to two springs of equal spring constants k. The springs are fixed to rigid supports as shown in the figure, and the rod is free to oscillate in the horizontal plane. The rod is gently pushed through a small angle θ in one direction and released. The frequency of oscillation is (A) (1/2π)√(2k/M) (B) (1/2π)√(k/M) (C) (1/2π)√(6k/M) (D) (1/2π)√(24k/M)"
2009_2_Q43,"Two metallic rings A and B, identical in shape and size but having different resistivities ρA and ρB, are kept on top of two identical solenoids as shown in the figure. When current I is switched on in both the solenoids in identical manner, the rings A and B jump to heights hA and hB, respectively, with hA < hB. The possible relation(s) between their resistivities and their masses MA and mB is(are) (A) ρA > ρB and MA = mB (B) ρA < ρB and MA = mB (C) ρA > ρB and MA > mB (D) ρA < ρB and MA < mB"
2009_2_Q44,"A student performed the experiment to measure the speed of sound in air using resonance air-column method. Two resonances in the air-column were obtained by lowering the water level. The resonance with the shorter air-column is the first resonance and that with the longer air-column is the second resonance. Then, (A) the intensity of the sound heard at the first resonance was more than that at the second resonance (B) the prongs of the tuning fork were kept in a horizontal plane above the resonance tube (C) the amplitude of vibration of the ends of the prongs is typically around 1 cm (D) the length of the air-column at the first resonance was somewhat shorter than 1/4th of the wavelength of the sound in air"
2009_2_Q45,"The figure shows the P-V plot of an ideal gas taken through a cycle ABCDA. The part ABC is a semi-circle and CDA is half of an ellipse. Then, (A) the process during the path A → B is isothermal (B) heat flows out of the gas during the path B→C→D (C) work done during the path A→B→C is zero (D) positive work is done by the gas in the cycle ABCDA"
2009_2_Q46,"Under the influence of the Coulomb field of charge +Q, a charge -q is moving around it in an elliptical orbit. Find out the correct statement(s). (A) The angular momentum of the charge -q is constant (B) The linear momentum of the charge -q is constant (C) The angular velocity of the charge -q is constant (D) The linear speed of the charge -q is constant"
2009_2_Q47,"A sphere is rolling without slipping on a fixed horizontal plane surface. In the figure, A is the point of contact, B is the centre of the sphere and C is its topmost point. Then, (A) VC-VA = 2(VB-VC) (B) VC-VB = VB-VA (C) VC-VA = 2VB-VC (D) VC-VA = 4|VB|"
2009_2_Q48,"Column II gives certain systems undergoing a process. Column I suggests changes in some of the parameters related to the system. Match the statements in Column I to the appropriate process(es) from Column II. Column I: (A) The energy of the system is increased (B) Mechanical energy is provided to the system, which is converted into energy of random motion of its parts (C) Internal energy of the system is converted into its mechanical energy (D) Mass of the system is decreased. Column II: (p) System: A capacitor, initially uncharged Process: It is connected to a battery (q) System: A gas in an adiabatic container fitted with an adiabatic piston Process: The gas is compressed by pushing the piston (r) System: A gas in a rigid container Process: The gas gets cooled due to colder atmosphere surrounding it (s) System: A heavy nucleus, initially at rest Process: The nucleus fissions into two fragments of nearly equal masses and some neutrons are emitted (t) System: A resistive wire loop Process: The loop is placed in a time varying magnetic field perpendicular to its plane"
2009_2_Q49,"Column I shows four situations of standard Young's double slit arrangement with the screen placed far away from the slits S₁ and S₂. In each of these cases S₁Po = S₂Po, S₁P₁-S₂P₁ = λ/4 and S₁P₂-S₂P₂ = λ/3, where λ is the wavelength of the light used. In the cases B, C and D, a transparent sheet of refractive index μ and thickness t is pasted on slit S₂. The thicknesses of the sheets are different in different cases. The phase difference between the light waves reaching a point P on the screen from the two slits is denoted by δ(P) and the intensity by I(P). Match each situation given in Column I with the statement(s) in Column II valid for that situation. Column I: (A) S₁Po = S₂Po, S₁P₁-S₂P₁ = λ/4 and S₁P₂-S₂P₂ = λ/3 (B) (μ-1)t = λ/4 (C) (μ-1)t = λ/2 (D) (μ-1)t = 3λ/4. Column II: (p) δ(Po) = 0 (q) δ(P₁) = 0 (r) I(P₁) = 0 (s) I(Po) > I(P₁) (t) I(P₂) > I(P₁)"
2009_2_Q50,"A metal rod AB of length 10x has its one end A in ice at 0°C and the other end B in water at 100°C. If a point P on the rod is maintained at 400°C, then it is found that equal amounts of water and ice evaporate and melt per unit time. The latent heat of evaporation of water is 540 cal/g and latent heat of melting of ice is 80 cal/g. If the point P is at a distance of λx from the ice end A, find the value of λ. [Neglect any heat loss to the surrounding.]"
2009_2_Q51,"A cylindrical vessel of height 500 mm has an orifice (small hole) at its bottom. The orifice is initially closed and water is filled in it up to height H. Now the top is completely sealed with a cap and the orifice at the bottom is opened. Some water comes out from the orifice and the water level in the vessel becomes steady with height of water column being 200 mm. Find the fall in height (in mm) of water level due to opening of the orifice. [Take atmospheric pressure = 1.0 × 10⁵ N/m², density of water = 1000 kg/m³ and g = 10 m/s². Neglect any effect of surface tension.]"
2009_2_Q52,"Two soap bubbles A and B are kept in a closed chamber where the air is maintained at pressure 8 N/m². The radii of bubbles A and B are 2 cm and 4 cm, respectively. Surface tension of the soap-water used to make bubbles is 0.04 N/m. Find the ratio nB/nA, where nA and nB are the number of moles of air in bubbles A and B, respectively. [Neglect the effect of gravity.]"
2009_2_Q53,"Three objects A, B and C are kept in a straight line on a frictionless horizontal surface. These have masses m, 2m and m, respectively. The object A moves towards B with a speed 9 m/s and makes an elastic collision with it. Thereafter, B makes completely inelastic collision with C. All motions occur on the same straight line. Find the final speed (in m/s) of the object C. m (A) 2m (B) m (C)"
2009_2_Q54,"A steady current I goes through a wire loop PQR having shape of a right angle triangle with PQ = 3x, PR = 4x and QR = 5x. If the magnitude of the magnetic field at P due to this loop is k(μ₀I)/(48πx), find the value of k."
2009_2_Q55,"A light inextensible string that goes over a smooth fixed pulley as shown in the figure connects two blocks of masses 0.36 kg and 0.72 kg. Taking g = 10 m/s², find the work done (in joules) by the string on the block of mass 0.36 kg during the first second after the system is released from rest."
2009_2_Q56,"A solid sphere of radius R has a charge Q distributed in its volume with a charge density ρ = κrᵃ, where κ and α are constants and r is the distance from its centre. If the electric field at r = R/2 is 1/8 times that at r = R, find the value of α."
2009_2_Q57,"A 20 cm long string, having a mass of 1.0 g, is fixed at both the ends. The tension in the string is 0.5 N. The string is set into vibrations using an external vibrator of frequency 100 Hz. Find the separation (in cm) between the successive nodes on the string."
2010_1_Q01,"1. The correct structure of ethylenediaminetetraacetic acid (EDTA) is
(A) HOOC-CH2-N-CH=CH-N-CH2-COOH (B) HOOC-COOH, N-CH2-CH2-N, HOOC-COOH (C) HOOC-CH2-N-CH2-CH2-N-CH2-COOH (D) HOOC-CH2-COOH, N-CH-CH-N, HOOC-CH2-CH2-COOH"
2010_1_Q02,"2. The ionization isomer of [Cr(H₂O)₄Cl(NO₂)]Cl is
(A) [Cr(H₂O)₄(O₂N)]Cl₂ (B) [Cr(H₂O)₄Cl₂](NO₂) (C) [Cr(H₂O)₄Cl(ONO)]Cl (D) [Cr(H₂O)₄Cl₂(NO₂)]·H₂O"
2010_1_Q03,"3. The synthesis of 3-octyne is achieved by adding a bromoalkane into a mixture of sodium amide and an alkyne. The bromoalkane and alkyne respectively are
(A) BrCH₂CH₂CH₂CH₂CH₂ and CH₂CH₂C≡CH (B) BrCH₂CH₂CH₃ and CH₂CH₂CH₂C≡CH (C) BrCH₂CH₂CH₂CH₂CH₃ and CH₃C≡CH (D) BrCH₂CH₂CH₂CH₃ and CH₃CH₂C≡CH"
2010_1_Q04,"4. The correct statement about the following disaccharide is
(A) Ring (a) is pyranose with α-glycosidic link (B) Ring (a) is furanose with α-glycosidic link (C) Ring (b) is furanose with α-glycosidic link (D) Ring (b) is pyranose with β-glycosidic link"
2010_1_Q05,"5. In the reaction [Benzene ring with OCH₃] + HBr → the products are
(A) [Benzene ring with Br] and H₂ (B) [Benzene ring with Br] and CH₃Br (C) [Benzene ring with Br] and CH₃OH (D) [Benzene ring with OH] and CH₃Br"
2010_1_Q06,"6. Plots showing the variation of the rate constant (k) with temperature (T) are given below. The plot that follows Arrhenius equation is
(A) Graph showing k increasing non-linearly with T (B) Graph showing k increasing linearly with T (C) Graph showing k decreasing non-linearly with T (D) Graph showing k decreasing linearly with T"
2010_1_Q07,"7. The species which by definition has ZERO standard molar enthalpy of formation at 298 K is
(A) Br₂ (g) (B) Cl₂ (g) (C) H₂O (g) (D) CH₄ (g)"
2010_1_Q08,"8. The bond energy (in kcal mol⁻¹) of a C-C single bond is approximately
(A) 1 (B) 10 (C) 100 (D) 1000"
2010_1_Q09,"9. The reagent(s) used for softening the temporary hardness of water is (are)
(A) Ca₃(PO₄)₂ (B) Ca(OH)₂ (C) Na₂CO₃ (D) NaOCl"
2010_1_Q10,"10. In the reaction [Phenol with Br at para position] + NaOH(aq)/Br₂ → the intermediate(s) is (are)
(A) [Benzene ring with O⁻ and Br at ortho position] (B) [Benzene ring with O and Br at ortho position] (C) [Benzene ring with O⁻ and Br at para position] (D) [Benzene ring with O and Br at para position]"
2010_1_Q11,"11. In the Newman projection for 2,2-dimethylbutane [H3C, CH3, H and H, Y around front carbon, X around back carbon], X and Y can respectively be
(A) H and H (B) H and C₂H₅ (C) C₂H₅ and H (D) CH₃ and CH₃"
2010_1_Q12,"12. Among the following, the intensive property is (properties are)
(A) molar conductivity (B) electromotive force (C) resistance (D) heat capacity"
2010_1_Q13,"13. Aqueous solutions of HNO₃, KOH, CH₃COOH, and CH₃COONa of identical concentrations are provided. The pair(s) of solutions which form a buffer upon mixing is(are)
(A) HNO₃ and CH₃COOH (B) KOH and CH₃COONa (C) HNO₃ and CH₃COONa (D) CH₃COOH and CH₃COONa"
2010_1_Q14,"14. Partial roasting of chalcopyrite produces
(A) Cu₂S and FeO (B) Cu₂O and FeO (C) CuS and Fe₂O₃ (D) Cu₂O and Fe₂O₃"
2010_1_Q15,"15. Iron is removed from chalcopyrite as
(A) FeO (B) FeS (C) Fe₂O₃ (D) FeSiO₃"
2010_1_Q16,"16. In self-reduction, the reducing species is
(A) S (B) O²⁻ (C) S²⁻ (D) SO₂"
2010_1_Q17,"17. For the above cell [a text paragraph describing a concentration cell M|M⁺(aq: 0.05 molar)||M⁺(aq: 1 molar)|M(s)],
(A) E_cell < 0; ΔG > 0 (B) E_cell > 0; ΔG < 0 (C) E_cell < 0; ΔG⁰ > 0 (D) E_cell > 0; ΔG⁰ < 0"
2010_1_Q18,"18. If the 0.05 molar solution of M⁺ is replaced by a 0.0025 molar M⁺ solution, then the magnitude of the cell potential would be
(A) 35 mV (B) 70 mV (C) 140 mV (D) 700 mV"
2010_1_Q19,19. The total number of basic groups in the following form of lysine is [H₂N-CH₂-CH₂-CH₂-CH₂-CH(NH₂)-C(=O)O⁻]
2010_1_Q20,20. The total number of cyclic isomers possible for a hydrocarbon with the molecular formula C₆H₆ is
2010_1_Q21,"21. In the reaction [Image of a reaction scheme starting with an unknown reactant, reacting with 1. O₃ and 2. Zn, H₂O to form a product, and then reacting with 1. NaOH(aq) and 2. heat to form 'Y' which is the product of aldol condensation]. The product of intramolecular aldol condensation is"
2010_1_Q22,"22. Amongst the following, the total number of compounds soluble in aqueous NaOH is [Images of 8 different organic compounds: H3C-N-CH3 with benzene ring, COOH with benzene ring, OCH2CH3 with benzene ring and CH2OH, OH with benzene ring, OH with benzene ring, NO2 with benzene ring, CH2CH3 with benzene ring and CH2CH3, COOH with benzene ring]"
2010_1_Q23,"23. Amongst the following, the total number of compounds whose aqueous solution turns red litmus paper blue is KCN, K₂SO₄, FeCl₃, K₂CO₃, (NH₄)₂C₂O₄, NH₄NO₃, NaCl, LiCN, Zn(NO₃)₂"
2010_1_Q24,"24. Based on VSEPR theory, the number of 90 degree F-Br-F angles in BrF₅ is"
2010_1_Q25,25. The value of n in the molecular formula Be₃Al₂Si₆O₁₈ is
2010_1_Q26,"26. A student performs a titration with different burettes and finds titre values of 25.2 mL, 25.25 mL, and 25.0 mL. The number of significant figures in the average titre value is"
2010_1_Q27,"27. The concentration of R in the reaction R → P was measured as a function of time and the following data is obtained:
[R] (molar) | 1.0 | 0.75 | 0.40 | 0.10
t(min.) | 0.0 | 0.05 | 0.12 | 0.18
The order of the reaction is"
2010_1_Q28,28. The number of neutrons emitted when ²³⁵U undergoes controlled nuclear fission to ¹⁴²₅₄Xe and ⁹²₃⁸Sr is
2010_1_Q29,"29. If the angles A, B and C of a triangle are in an arithmetic progression and if a, b and c denote the lengths of the sides opposite to A, B and C respectively, then the value of the expression (a/c)sin2C + (c/a)sin2A is
(A) 1/2 (B) √3/2 (C) 1 (D) √3"
2010_1_Q30,"30. Equation of the plane containing the straight line x/3 = y/4 = z/2 and perpendicular to the plane containing the straight lines x/2 = y/3 = z/4 and x/4 = y/2 = z/3 is
(A) x + 2y - 2z = 0 (B) 3x + 2y - 2z = 0 (C) x - 2y + z = 0 (D) 5x + 2y - 4z = 0"
2010_1_Q31,"31. Let ω be a complex cube root of unity with ω≠1. A fair die is thrown three times. If r₁, r₂, and r₃ are the numbers obtained on the die, then the probability that ωʳ¹ + ωʳ² + ωʳ³ = 0 is
(A) 1/18 (B) 1/9 (C) 2/9 (D) 1/36"
2010_1_Q32,"32. Let P, Q, R and S be the points on the plane with position vectors -2i – j, 4i, 3i+3j and -3i+2j respectively. The quadrilateral PQRS must be a
(A) parallelogram, which is neither a rhombus nor a rectangle (B) square (C) rectangle, but not a square (D) rhombus, but not not a square"
2010_1_Q33,"33. The number of 3x3 matrices A whose entries are either 0 or 1 and for which the system A[x y z]ᵀ = [1 0 0]ᵀ has exactly two distinct solutions, is
(A) 0 (B) 2⁹ - 1 (C) 168 (D) 2"
2010_1_Q34,"34. The value of limₓ→₀ (1/x³) ∫₀ˣ (t ln(1+t))/(t⁴+4) dt is
(A) 0 (B) 1/12 (C) 1/24 (D) 1/64"
2010_1_Q35,"35. Let p and q be real numbers such that p≠0, p³≠q and p³≠-q. If α and β are nonzero complex numbers satisfying α + β = -p and α³ + β³ = q, then a quadratic equation having α/β and β/α as its roots is
(A) (p³ + q) x² - (p³ + 2q)x + (p³ +q) = 0 (B) (p³ + q) x² - (p³ -2q)x + (p³ + q) = 0 (C) (p³-q) x² - (5p³ -2q)x + (p³ - q) = 0 (D) (p³ - q) x² - (5p³ +2q) x + (p³ - q) = 0"
2010_1_Q36,"36. Let f, g and h be real-valued functions defined on the interval [0, 1] by f(x) = eˣ² + e⁻ˣ², g(x) = xeˣ² + e⁻ˣ² and h(x) = x²eˣ² + e⁻ˣ². If a, b and c denote, respectively, the absolute maximum of f, g and h on [0, 1], then
(A) a = b and c ≠ b (B) a = c and a ≠ b (C) a ≠ b and c ≠ b (D) a = b = c"
2010_1_Q37,"37. Let A and B be two distinct points on the parabola y² = 4x. If the axis of the parabola touches a circle of radius r having AB as its diameter, then the slope of the line joining A and B can be
(A) -1/r (B) 1/r (C) 2/r (D) -2/r"
2010_1_Q38,"38. Let ABC be a triangle such that ∠ACB = π/6 and let a, b and c denote the lengths of the sides opposite to A, B and C respectively. The value(s) of x for which a = x² + x + 1, b = x²-1 and c = 2x + 1 is (are)
(A) −(2+√3) (B) 1+√3 (C) 2+√3 (D) 4√3"
2010_1_Q39,"39. Let z₁ and z₂ be two distinct complex numbers and let z = (1-t) z₁ + tz₂ for some real number t with 0 < t < 1. If Arg(w) denotes the principal argument of a nonzero complex number w, then
(A) |z-z₁| + |z-z₂| = |z₁-z₂| (B) Arg (z - z₁) = Arg (z - z₂) (C) (z-z₁)/(z₂-z₁) - (z̅-z̅₁)/(z̅₂-z̅₁) = 0 (D) Arg (z - z₁) = Arg(z₂ - z₁)"
2010_1_Q40,"40. Let f be a real-valued function defined on the interval (0, ∞) by f(x) = ln x+ ∫₀ˣ √(1+sint) dt. Then which of the following statement(s) is (are) true ?
(A) f''(x) exists for all x∈ (0,∞) (B) f'(x) exists for all x∈ (0,∞) and f' is continuous on (0,∞), but not differentiable on (0, ∞) (C) there exists α > 1 such that |f''(x)|<|f'(x)| for all x∈ (α, ∞) (D) there exists β > 0 such that |f(x)|+|f'(x)|≤ β for all x∈ (0,∞)"
2010_1_Q41,"41. The value(s) of ∫₀¹ x⁴(1-x)⁴/(1+x²) dx is (are)
(A) 22/7 - π (B) 2/105 (C) 0 (D) 71/15 - 3π/2"
2010_1_Q42,"42. The number of A in T_p such that A is either symmetric or skew-symmetric or both, and det (A) divisible by p is
(A) (p-1)² (B) 2 (p-1) (C) (p-1)² + 1 (D) 2p - 1"
2010_1_Q43,"43. The number of A in T_p, such that the trace of A is not divisible by p but det (A) is divisible by p is [Note: The trace of a matrix is the sum of its diagonal entries.]
(A) (p-1) (p² - p + 1) (B) p³ - (p - 1)² (C) (p-1)² (D) (p-1) (p² - 2)"
2010_1_Q44,"44. The number of A in T_p such that det (A) is not divisible by p is
(A) 2p² (B) p³ - 5p (C) p³ - 3p (D) p³ - p²"
2010_1_Q45,"45. Equation of a common tangent with positive slope to the circle x² + y² - 8x = 0 as well as to the hyperbola x²/9 - y²/4 = 1 is
(A) 2x-√5y-20=0 (B) 2x-√5y+4 = 0 (C) 3x-4y + 8 = 0 (D) 4x - 3y + 4 = 0"
2010_1_Q46,"46. Equation of the circle with AB as its diameter is
(A) x² + y² - 12x + 24 = 0 (B) x² + y² + 12x + 24 = 0 (C) x² + y² + 24x - 12 = 0 (D) x² + y² - 24x - 12 = 0"
2010_1_Q47,"47. The number of values of θ in the interval (-π/2, π/2) such that θ ≠ nπ/5 for n = 0, ±1, ±2 and tanθ = cot 5θ as well as sin 2θ = cos 4θ is"
2010_1_Q48,48. The maximum value of the expression 1/(sin² θ + 3 sin θ cos θ + 5 cos² θ) is
2010_1_Q49,"49. If a⃗ and b⃗ are vectors in space given by a⃗ = (i⃗-2j⃗)/√5 and b⃗ = (2i⃗+j⃗+3k⃗)/√14, then the value of (2a⃗+b⃗) ⋅ ((a⃗×b⃗)×(a⃗-2b⃗)) is"
2010_1_Q50,"50. The line 2x + y = 1 is tangent to the hyperbola x²/a² - y²/b² = 1. If this line passes through the point of intersection of the nearest directrix and the x-axis, then the eccentricity of the hyperbola is"
2010_1_Q51,"51. If the distance between the plane Ax - 2y + z = d and the plane containing the lines (x-1)/2 = (y-2)/3 = (z-3)/4 and (x-2)/3 = (y-3)/4 = (z-4)/5 is √6, then |d| is"
2010_1_Q52,"52. For any real number x, let [x] denote the largest integer less than or equal to x. Let f be a real valued function defined on the interval [-10, 10] by f(x) = { x-[x] if [x] is odd, 1+[x]-x if [x] is even. Then the value of (π²/10) ∫₋₁₀¹⁰ f(x) cos πx dx is"
2010_1_Q53,53. Let ω be the complex number cos (2π/3) + i sin (2π/3). Then the number of distinct complex numbers z satisfying |z+1 ω ω²| |1 z+ω² 1| |ω² 1 z+ω| = 0 is equal to
2010_1_Q54,"54. Let S_k, k = 1, 2, ..., 100, denote the sum of the infinite geometric series whose first term is (k-1)/k! and the common ratio is 1/k. Then the value of (100²)/100! + Σ_{k=1}^{100} (k² - 3k+1) S_k is"
2010_1_Q55,"55. The number of all possible values of θ, where 0<θ<π, for which the system of equations
(y + z) cos 3θ = (xyz) sin 3θ
x sin 3θ = (2 cos 3θ)/y + (2 sin 3θ)/z
(xyz) sin 3θ = (y + 2z) cos 3θ + y sin 3θ
have a solution (x₀, y₀, z₀) with y₀z₀ ≠ 0, is"
2010_1_Q56,"56. Let f be a real-valued differentiable function on R (the set of all real numbers) such that f(1) = 1. If the y-intercept of the tangent at any point P(x, y) on the curve y = f(x) is equal to the cube of the abscissa of P, then the value of f(-3) is equal to"
2010_1_Q57,"57. Consider a thin square sheet of side L and thickness t, made of a material of resistivity ρ. The resistance between two opposite faces, shown by the shaded areas in the figure is
(A) directly proportional to L (B) directly proportional to t (C) independent of L (D) independent of t"
2010_1_Q58,"58. A real gas behaves like an ideal gas if its
(A) pressure and temperature are both high (B) pressure and temperature are both low (C) pressure is high and temperature is low (D) pressure is low and temperature is high"
2010_1_Q59,"59. Incandescent bulbs are designed by keeping in mind that the resistance of their filament increases with the increase in temperature. If at room temperature, 100 W, 60 W and 40 W bulbs have filament resistances R₁₀₀, R₆₀ and R₄₀, respectively, the relation between these resistances is
(A) 1/R₁₀₀ = 1/R₄₀ + 1/R₆₀ (B) R₁₀₀ = R₄₀ + R₆₀ (C) R₁₀₀ > R₆₀ > R₄₀ (D) 1/R₁₀₀ > 1/R₆₀ > 1/R₄₀"
2010_1_Q60,"60. To verify Ohm's law, a student is provided with a test resistor R_T, a high resistance R₁, a small resistance R₂, two identical galvanometers G₁ and G₂, and a variable voltage source V. The correct circuit to carry out the experiment is
(A) Series circuit with G1, R1, R_T, G2, R2 and V (B) Series circuit with G1, R1, R_T, G2, R2 and V, with R1 and R_T swapped compared to A (C) Circuit with R_T in series with V, and G1-R1-G2-R2 in parallel (D) Circuit with R_T in series with V, and G1-R1 in series with G2-R2, both connected across R_T"
2010_1_Q61,"61. An AC voltage source of variable angular frequency ω and fixed amplitude V₀ is connected in series with a capacitance C and an electric bulb of resistance R (inductance zero). When ω is increased
(A) the bulb glows dimmer (B) the bulb glows brighter (C) total impedance of the circuit is unchanged (D) total impedance of the circuit increases"
2010_1_Q62,"62. A thin flexible wire of length L is connected to two adjacent fixed points and carries a current I in the clockwise direction, as shown in the figure. When the system is put in a uniform magnetic field of strength B going into the plane of the paper, the wire takes the shape of a circle. The tension in the wire is
(A) IBL (B) IBL/π (C) IBL/(2π) (D) IBL/(4π)"
2010_1_Q63,"63. A block of mass m is on an inclined plane of angle θ. The coefficient of friction between the block and the plane is μ and tanθ >μ. The block is held stationary by applying a force P parallel to the plane. The direction of force pointing up the plane is taken to be positive. As P is varied from P₁= mg(sinθ - μ cosθ) to P₂= mg(sinθ + μ cosθ), the frictional force f versus P graph will look like
(A) Graph showing f constant then decreasing linearly (B) Graph showing f constant, then decreasing, then constant (C) Graph showing f increasing linearly, then decreasing (D) Graph showing f decreasing linearly, then increasing"
2010_1_Q64,"64. A thin uniform annular disc (see figure) of mass M has outer radius 4R and inner radius 3R. The work required to take a unit mass from point P on its axis to infinity is
(A) (2GM/7R) (4√2-5) (B) -(2GM/7R) (4√2-5) (C) GM/(4R) (D) (2GM/5R) (√2-1)"
2010_1_Q65,"65. A few electric field lines for a system of two charges q₁ and q₂ fixed at two different points on the x-axis are shown in the figure. These lines suggest that
(A) |q₁| > |q₂| (B) |q₁| < |q₂| (C) at a finite distance to the left of q₁, the electric field is zero (D) at a finite distance to the right of q₂, the electric field is zero"
2010_1_Q66,"66. A student uses a simple pendulum of exactly 1m length to determine g, the acceleration due to gravity. He uses a stop watch with the least count of 1 sec for this and records 40 seconds for 20 oscillations. For this observation, which of the following statement(s) is (are) true ?
(A) Error ΔT in measuring T, the time period, is 0.05 seconds (B) Error ΔT in measuring T, the time period, is 1 second (C) Percentage error in the determination of g is 5% (D) Percentage error in the determination of g is 2.5%"
2010_1_Q67,"67. A point mass of 1 kg collides elastically with a stationary point mass of 5 kg. After their collision, the 1 kg mass reverses its direction and moves with a speed of 2 ms⁻¹. Which of the following statement(s) is (are) correct for the system of these two masses ?
(A) Total momentum of the system is 3 kg ms⁻¹ (B) Momentum of 5 kg mass after collision is 4 kg ms⁻¹ (C) Kinetic energy of the centre of mass is 0.75 J (D) Total kinetic energy of the system is 4 J"
2010_1_Q68,"68. A ray OP of monochromatic light is incident on the face AB of prism ABCD near vertex B at an incident angle of 60° (see figure). If the refractive index of the material of the prism is √3, which of the following is (are) correct ?
(A) The ray gets totally internally reflected at face CD (B) The ray comes out through face AD (C) The angle between the incident ray and the emergent ray is 90° (D) The angle between the incident ray and the emergent ray is 120°"
2010_1_Q69,"69. One mole of an ideal gas in initial state A undergoes a cyclic process ABCA, as shown in the figure (V-T diagram). Its pressure at A is P₀. Choose the correct option(s) from the following
(A) Internal energies at A and B are the same (B) Work done by the gas in process AB is P₀V₀ ln 4 (C) Pressure at C is P₀/4 (D) Temperature at C is T₀/4"
2010_1_Q70,"70. If the total energy of the particle is E, it will perform periodic motion only if
(A) E < 0 (B) E > 0 (C) V₀ > E > 0 (D) E > V₀"
2010_1_Q71,"71. For periodic motion of small amplitude A, the time period T of this particle is proportional to
(A) A√(m/α) (B) (1/A)√(m/α) (C) A√(α/m) (D) (1/A)√(α/m)"
2010_1_Q72,"72. The acceleration of this particle for |x|>X₀ is
(A) proportional to V₀ (B) proportional to V₀/(mX₀) (C) proportional to √(V₀/(mX₀)) (D) zero"
2010_1_Q73,"73. In the graphs below, the resistance R of a superconductor is shown as a function of its temperature T for two different magnetic fields B₁ (solid line) and B₂ (dashed line). If B₂ is larger than B₁, which of the following graphs shows the correct variation of R with T in these fields ?
(A) Graph showing R dropping to zero at lower T for B2 than for B1 (B) Graph showing R dropping to zero at higher T for B2 than for B1 (C) Graph showing R dropping to zero at same T for B1 and B2 (D) Graph showing R dropping to zero for B1 but not for B2"
2010_1_Q74,"74. A superconductor has T_c(0) = 100 K. When a magnetic field of 7.5 Tesla is applied, its T_c decreases to 75 K. For this material one can definitely say that when
(A) B = 5 Tesla, T_c(B) = 80 K (B) B = 5 Tesla, 75 K < T_c(B) < 100 K (C) B = 10 Tesla, 75 K < T_c(B) < 100 K (D) B = 10 Tesla, T_c(B) = 70 K"
2010_1_Q75,"75. The focal length of a thin biconvex lens is 20cm. When an object is moved from a distance of 25cm in front of it to 50cm, the magnification of its image changes from m₂₅ to m₅₀. The ratio m₂₅/m₅₀ is"
2010_1_Q76,"76. An α-particle and a proton are accelerated from rest by a potential difference of 100V. After this, their de Broglie wavelengths are λ_α and λ_p respectively. The ratio λ_p/λ_α to the nearest integer, is"
2010_1_Q77,"77. When two identical batteries of internal resistance 1Ω each are connected in series across a resistor R, the rate of heat produced in R is J₁. When the same batteries are connected in parallel across R, the rate is J₂. If J₁ = 2.25 J₂, then the value of R in Ω is"
2010_1_Q78,"78. Two spherical bodies A (radius 6 cm) and B (radius 18 cm) are at temperatures T₁ and T₂, respectively. The maximum intensity in the emission spectrum of A is at 500 nm and in that of B is at 1500 nm. Considering them to be black bodies, what will be the ratio of the rate of total energy radiated by A to that of B?"
2010_1_Q79,"79. When two progressive waves y₁ = 4 sin(2x - 6t) and y₂ = 3 sin (2x-6t - π/2) are superimposed, the amplitude of the resultant wave is"
2010_1_Q80,"80. A 0.1 kg mass is suspended from a wire of negligible mass. The length of the wire is 1m and its cross-sectional area is 4.9×10⁻⁷m². If the mass is pulled a little in the vertically downward direction and released, it performs simple harmonic motion of angular frequency 140 rad s⁻¹. If the Young's modulus of the material of the wire is n×10⁹ Nm⁻², the value of n is"
2010_1_Q81,"81. A binary star consists of two stars A (mass 2.2M₀) and B (mass 11M₀), where M₀ is the mass of the sun. They are separated by distance d and are rotating about their centre of mass, which is stationary. The ratio of the total angular momentum of the binary star to the angular momentum of star B about the centre of mass is"
2010_1_Q82,"82. Gravitational acceleration on the surface of a planet is (√6/11)g, where g is the gravitational acceleration on the surface of the earth. The average mass density of the planet is 2/3 times that of the earth. If the escape speed on the surface of the earth is taken to be 11 kms⁻¹, the escape speed on the surface of the planet in kms⁻¹ will be"
2010_1_Q83,"83. A piece of ice (heat capacity = 2100 J kg⁻¹ °C⁻¹ and latent heat = 3.36 × 10⁵ J kg⁻¹) of mass m grams is at -5°C at atmospheric pressure. It is given 420 J of heat so that the ice starts melting. Finally when the ice-water mixture is in equilibrium, it is found that 1 gm of ice has melted. Assuming there is no other heat exchange in the process, the value of m is"
2010_1_Q84,"84. A stationary source is emitting sound at a fixed frequency f₀, which is reflected by two cars approaching the source. The difference between the frequencies of sound reflected from the cars is 1.2% of f₀. What is the difference in the speeds of the cars (in km per hour) to the nearest integer ? The cars are moving at constant speeds much smaller than the speed of sound which is 330 ms⁻¹."
2010_2_Q01,1. The complex showing a spin-only magnetic moment of 2.82 B.M. is (A) Ni(CO)4 (B) [NiCl4]2- (C) Ni(PPh3)4 (D) [Ni(CN)4]2-
2010_2_Q02,2. The species having pyramidal shape is (A) SO3 (B) BrF3 (C) SiO32- (D) OSF2
2010_2_Q03,3. In the reaction H3C- (Image of benzene ring with CH3 and NH2) (1) NaOH/Br2 (2) CI Product T is (A) Image of chemical structure. (B) Image of chemical structure. (C) Image of chemical structure. (D) Image of chemical structure.
2010_2_Q04,"4. The compounds P, Q and S (Images of chemical structures for P, Q, S) were separately subjected to nitration using HNO3/H2SO4 mixture. The major product formed in each case respectively, is (A) Image of chemical structures. (B) Image of chemical structures. (C) Image of chemical structures. (D) Image of chemical structures."
2010_2_Q05,5. The packing efficiency of the two-dimensional square unit cell shown below is (Image of packing efficiency diagram) (A) 39.27% (B) 68.02% (C) 74.05% (D) 78.54%
2010_2_Q06,"6. Assuming that Hund's rule is violated, the bond order and magnetic nature of the diatomic molecule B2 is (A) 1 and diamagnetic (C) 1 and paramagnetic (B) 0 and diamagnetic (D) 0 and paramagnetic"
2010_2_Q07,7. The total number of diprotic acids among the following is H3PO4 H2SO4 H3PO3 H2CO3 H2CrO4 H2SO3 H3BO3 H3PO2 H2S2O7
2010_2_Q08,8. Total number of geometrical isomers for the complex [RhCl(CO)(PPh3)(NH3)] is
2010_2_Q09,"9. Among the following, the number of elements showing only one non-zero oxidation state is O, Cl, F, N, P, Sn, Tl, Na, Ti"
2010_2_Q10,10. Silver (atomic weight = 108 g mol-1) has a density of 10.5 g cm-3. The number of silver atoms on a surface of area 10-12 m2 can be expressed in scientific notation as y x 10x. The value of x is
2010_2_Q11,"11. One mole of an ideal gas is taken from a to b along two paths denoted by the solid and the dashed lines as shown in the graph below. If the work done along the solid line path is ws and that along the dotted line path is wd, then the integer closest to the ratio wd/ws is (Graph showing P-V diagram with paths 'a' to 'b')"
2010_2_Q12,"Paragraph for Questions 12 to 14. Two aliphatic aldehydes P and Q react in the presence of aqueous K2CO3 to give compound R, which upon treatment with HCN provides compound S. On acidification and heating, S gives the product shown below : (Image of chemical structure: H3C-CH(OH)-CH2-C(=O)CH3) 12. The compounds P and Q respectively are (A) Image of chemical structures. (B) Image of chemical structures. (C) Image of chemical structures. (D) Image of chemical structures."
2010_2_Q13,13. The compound R is (A) Image of chemical structure. (B) Image of chemical structure. (C) Image of chemical structure. (D) Image of chemical structure.
2010_2_Q14,14. The compound S is (A) Image of chemical structure. (B) Image of chemical structure. (C) Image of chemical structure. (D) Image of chemical structure.
2010_2_Q15,Paragraph for Questions 15 to 17. The hydrogen-like species Li2+ is in a spherically symmetric state S1 with one radial node. Upon absorbing light the ion undergoes transition to a state S2. The state S2 has one radial node and its energy is equal to the ground state energy of the hydrogen atom. 15. The state S1 is (A) 1s (B) 2s (C) 2p (D) 3s
2010_2_Q16,16. Energy of the state S1 in units of the hydrogen atom ground state energy is (A) 0.75 (B) 1.50 (C) 2.25 (D) 4.50
2010_2_Q17,17. The orbital angular momentum quantum number of the state S2 is (A) 0 (B) 1 (C) 2 (D) 3
2010_2_Q18,18. Match the reactions in Column I with appropriate options in Column II. Column I (A) Image of chemical reaction. (B) Image of chemical reaction. (C) Image of chemical reaction. (D) Image of chemical reaction. Column II p) Racemic mixture q) Addition reaction r) Substitution reaction s) Coupling reaction t) Carbocation intermediate (A) r and s (B) t (C) p and q (D) r
2010_2_Q19,19. All the compounds listed in Column I react with water. Match the result of the respective reactions with the appropriate options listed in Column II. Column I (A) (CH3)2SiCl2 (B) XeF4 (C) Cl2 (D) VCl5 Column II p) Hydrogen halide formation q) Redox reaction r) Reacts with glass s) Polymerization t) O2 formation (A) p and s (B) p and q and r and t (C) p and q (D) p
2010_2_Q20,"20. For r = 0, 1, ..., 10, let Ar, Br and Cr denote, respectively, the coefficient of x^r in the expansions of (1+x)^10, (1+x)^20 and (1+x)^30. Then Sum_{r=1}^{10} Ar (B10Br - C10Ar) is equal to (A) B10-C10 (B) A10(B10-C10) (C) 0 (D) C10-B10"
2010_2_Q21,"21. Let S = {1, 2, 3, 4}. The total number of unordered pairs of disjoint subsets of S is equal to (A) 25 (B) 34 (C) 42 (D) 41"
2010_2_Q22,"22. Let f be a real-valued function defined on the interval (-1, 1) such that e^-x f(x) = 2 + integral from 0 to x of sqrt(t^2 + 1) dt, for all x in (-1,1), and let f^-1 be the inverse function of f. Then (f^-1)' (2) is equal to (A) 1 (B) 1/3 (C) 1/2 (D) 1/e"
2010_2_Q23,"23. If the distance of the point P(1, -2, 1) from the plane x + 2y - 2z = a, where a > 0, is 5, then the foot of the perpendicular from P to the plane is (A) (8/3, 4/3, 7/3) (B) (4/3, 4/3, 1/3) (C) (1/3, 2/3, 10/3) (D) (2/3, 1/3, 5/2)"
2010_2_Q24,"24. Two adjacent sides of a parallelogram ABCD are given by AB=2i+10j+11k and AD =-i+2j+2k The side AD is rotated by an acute angle alpha in the plane of the parallelogram so that AD' becomes AD'. If AD' makes a right angle with the side AB, then the cosine of the angle alpha is given by (A) 8/9 (B) sqrt(17)/9 (C) 1/9 (D) 4*sqrt(5)/9"
2010_2_Q25,"25. A signal which can be green or red with probability 4/5 and 1/5 respectively, is received by station A and then transmitted to station B. The probability of each station receiving the signal correctly is 3/4. If the signal received at station B is green, then the probability that the original signal was green is (A) 3/5 (B) 6/7 (C) 20/23 (D) 9/20"
2010_2_Q26,"26. Two parallel chords of a circle of radius 2 are at a distance sqrt(3)+1 apart. If the chords subtend at the center, angles of pi/k and 2pi/k where k > 0, then the value of [k] is [Note: [k] denotes the largest integer less than or equal to k]"
2010_2_Q27,"27. Consider a triangle ABC and let a, b and c denote the lengths of the sides opposite to vertices A, B and C respectively. Suppose a = 6, b = 10 and the area of the triangle is 15*sqrt(3). If angle ACB is obtuse and if r denotes the radius of the incircle of the triangle, then r^2 is equal to"
2010_2_Q28,"28. Let f be a function defined on R (the set of all real numbers) such that f'(x)=2010(x-2009)(x-2010)^2(x-2011)^4(x-2012)^5, for all x in R. If g is a function defined on R with values in the interval (0, infinity) such that f(x) = ln (g (x)), for all x in R, then the number of points in R at which g has a local maximum is"
2010_2_Q29,"29. Let a1, a2, a3, ..., a11 be real numbers satisfying a1 = 15, 27- 2a2 > 0 and ak = 2ak-1-ak-2 for k = 3, 4, ..., 11. If (a1^2 + a2^2 + ... + a11^2)/11 = 90, then the value of (a1+a2+...+a11)/11 is equal to"
2010_2_Q30,"30. Let k be a positive real number and let A = [[2k-1, 2k, 2sqrt(k)], [2sqrt(k), 1, -2k], [-2sqrt(k), 2k, -1]] and B = [[0, 2k-1, sqrt(k)], [1-2k, 0, 2sqrt(k)], [-sqrt(k), -2sqrt(k), 0]]. If det (adj A) + det(adj B) =10^6, then [k] is equal to [Note: adj M denotes the adjoint of a square matrix M and [k] denotes the largest integer less than or equal to k]."
2010_2_Q31,"Paragraph for questions 31 to 33. Consider the polynomial f(x)=1+ 2x + 3x^2 + 4x^3. Let s be the sum of all distinct real roots of f(x) and let t = |s|. 31. The real number s lies in the interval (A) (-1/4, 0) (B) (-11/4, -3/4) (C) (-3/4, -1/2) (D) (0, 1/4)"
2010_2_Q32,"32. The area bounded by the curve y = f(x) and the lines x = 0, y = 0 and x = t, lies in the interval (A) (3/4, 3) (B) (21/64, 11/16) (C) (9,10) (D) (0, 21/64)"
2010_2_Q33,"33. The function f'(x) is (A) increasing in (-t, -1/4) and decreasing in (-1/4, t) (B) decreasing in (-t, -1/4) and increasing in (-1/4, t) (C) increasing in (-t, t) (D) decreasing in (-t, t)"
2010_2_Q34,"Paragraph for Questions 34 to 36. Tangents are drawn from the point P(3, 4) to the ellipse x^2/9 + y^2/4 = 1 touching the ellipse at points A and B. 34. The coordinates of A and B are (A) (3,0) and (0, 2) (B) (8/5, 2*sqrt(161)/15) and (9/5, 8/5) (C) (8/5, 2*sqrt(161)/15) and (0, 2) (D) (3, 0) and (9/5, -8/5)"
2010_2_Q35,"35. The orthocenter of the triangle PAB is (A) (8/5, 5/7) (B) (7/5, 25/8) (C) (11/5, 8/5) (D) (8/25, 7/5)"
2010_2_Q36,"36. The equation of the locus of the point whose distances from the point P and the line AB are equal, is (A) 9x^2 + y^2 - 6xy - 54x - 62y + 241 = 0 (B) x^2 + 9y^2 + 6xy - 54x + 62y - 241 = 0 (C) 9x^2 + 9y^2 - 6xy - 54x - 62y - 241 = 0 (D) x^2 + y^2 - 2xy + 27x + 31y - 120 = 0"
2010_2_Q37,"37. Match the statements in Column-I with those in Column-II. [Note: Here z takes values in the complex plane and Im z and Re z denote, respectively, the imaginary part and the real part of z.] Column I (A) The set of points z satisfying |z-i|z|=|z+i|z| is contained in or equal to (B) The set of points z satisfying |z+4|+|z-4| = 10 is contained in or equal to (C) If |w| = 2, then the set of points z=w-1/w is contained in or equal to (D) If |w| = 1, then the set of points z=w+1/w is contained in or equal to Column II p) an ellipse with eccentricity 4/5 q) the set of points z satisfying Im z = 0 r) the set of points z satisfying |Im z|<=1 s) the set of points z satisfying |Re z|<=2 t) the set of points z satisfying |z|<=3 (A) q and r (B) p (C) p and s and t (D) q and r and s and t"
2010_2_Q38,"38. Match the statements in Column-I with the values in Column-II. Column I (A) A line from the origin meets the lines (x-2)/1 = (y-1)/(-2) = (z+1)/1 and (x-3)/2 = (y+3)/(-1) = (z-1)/1 at P and Q respectively. If length PQ = d, then d^2 is (B) The values of x satisfying tan^-1 (x + 3) - tan^-1 (x - 3) = sin^-1 (3/5) are (C) Non-zero vectors a, b and c satisfy a.b=0, (b-a).(b+c)=0 and 2|b+c|=|b-a|. If a = mu*b+4c, then the possible values of mu are (D) Let f be the function on [-pi,pi] given by f(0) = 9 and f(x) = sin(9x/2)/sin(x/2) for x!=0. The value of (2/pi) * integral from -pi to pi of f(x) dx is Column II p) -4 q) 0 r) 4 s) 5 t) 6 (A) t (B) p and r (C) either q or (q and s) (D) r"
2010_2_Q39,"39. A Vernier calipers has 1 mm marks on the main scale. It has 20 equal divisions on the Vernier scale which match with 16 main scale divisions. For this Vernier calipers, the least count is (A) 0.02 mm (B) 0.05 mm (C) 0.1 mm (D) 0.2 mm"
2010_2_Q40,"40. A hollow pipe of length 0.8 m is closed at one end. At its open end a 0.5 m long uniform string is vibrating in its second harmonic and it resonates with the fundamental frequency of the pipe. If the tension in the wire is 50 N and the speed of sound is 320 ms-1, the mass of the string is (A) 5 grams (B) 10 grams (C) 20 grams (D) 40 grams"
2010_2_Q41,41. A biconvex lens of focal length 15 cm is in front of a plane mirror. The distance between the lens and the mirror is 10 cm. A small object is kept at a distance of 30 cm from the lens. The final image is (A) virtual and at a distance of 16 cm from the mirror (B) real and at a distance of 16 cm from the mirror (C) virtual and at a distance of 20 cm from the mirror (D) real and at a distance of 20 cm from the mirror
2010_2_Q42,42. A block of mass 2 kg is free to move along the x-axis. It is at rest and from t = 0 onwards it is subjected to a time-dependent force F(t) in the x direction. The force F(t) varies with t as shown in the figure. The kinetic energy of the block after 4.5 seconds is (Image of F-t graph) (A) 4.50 J (B) 7.50 J (C) 5.06 J (D) 14.06 J
2010_2_Q43,"43. A tiny spherical oil drop carrying a net charge q is balanced in still air with a vertical uniform electric field of strength (81pi/7) * 10^5 Vm-1. When the field is switched off, the drop is observed to fall with terminal velocity 2 x 10^-3 m s-1. Given g = 9.8 m s-2, viscosity of the air = 1.8 x 10^-5 Ns m-2 and the density of oil = 900 kg m-3, the magnitude of q is (A) 1.6 x 10-19 C (B) 3.2 x 10-19 C (C) 4.8 x 10-19 C (D) 8.0 x 10-19 C"
2010_2_Q44,"44. A uniformly charged thin spherical shell of radius R carries uniform surface charge density of sigma per unit area. It is made of two hemispherical shells, held together by pressing them with force F (see figure). F is proportional to (Image of two hemispheres pressed together) (A) (1/epsilon0) * sigma^2 * R^2 (B) (1/epsilon0) * sigma^2 * R (C) (1/epsilon0) * sigma^2 / R (D) (1/epsilon0) * sigma^2 / R^2"
2010_2_Q45,"45. A diatomic ideal gas is compressed adiabatically to 1/32 of its initial volume. In the initial temperature of the gas is Ti (in Kelvin) and the final temperature is aTi, the value of a is"
2010_2_Q46,"46. At time t = 0, a battery of 10 V is connected across points A and B in the given circuit. If the capacitors have no charge initially, at what time (in seconds) does the voltage across them become 4 V? [Take : ln 5 = 1.6, ln 3 = 1.1] (Image of RC circuit with capacitors and resistors)"
2010_2_Q47,47. Image of an object approaching a convex mirror of radius of curvature 20 m along its optical axis is observed to move from 25/3 m to 50/7 m in 30 seconds. What is the speed of the object in km per hour ?
2010_2_Q48,48. A large glass slab (mu = 5/3) of thickness 8 cm is placed over a point source of light on a plane surface. It is seen that light emerges out of the top surface of the slab from a circular area of radius R cm. What is the value of R?
2010_2_Q49,"49. To determine the half life of a radioactive element, a student plots a graph of dN(t)/dt versus t. Here dN(t)/dt is the rate of radioactive decay at time t. If the number of radioactive nuclei of this element decreases by a factor of p after 4.16 years, the value of p is (Image of graph: ln(dN/dt) vs t)"
2010_2_Q50,"Paragraph for questions 50 to 52. When liquid medicine of density rho is to be put in the eye, it is done with the help of a dropper. As the bulb on the top of the dropper is pressed, a drop forms at the opening of the dropper. We wish to estimate the size of the drop. We first assume that the drop formed at the opening is spherical because that requires a minimum increase in its surface energy. To determine the size, we calculate the net vertical force due to the surface tension T when the radius of the drop is R. When this force becomes smaller than the weight of the drop, the drop gets detached from the dropper. 50. If the radius of the opening of the dropper is r, the vertical force due to the surface tension on the drop of radius R (assuming r <<R) is (A) 2*pi*r*T (B) 2*pi*R*T (C) 2*pi*r^2*T/R (D) 2*pi*R^2*T/r"
2010_2_Q51,"51. If r=5x10^-4m, rho=10^3 kgm^-3, g=10 ms^-2, T=0.11 Nm^-1, the radius of the drop when it detaches from the dropper is approximately (A) 1.4x10^-3 m (B) 3.3x10^-3 m (C) 2.0x10^-3m (D) 4.1x10^-3m"
2010_2_Q52,"52. After the drop detaches, its surface energy is (A) 1.4x10^-6J (B) 2.7x10^-6J (C) 5.4x10^-6J (D) 8.1x10^-6J"
2010_2_Q53,Paragraph for Questions 53 to 55. The key feature of Bohr's theory of spectrum of hydrogen atom is the quantization of angular momentum when an electron is revolving around a proton. We will extend this to a general rotational motion to find quantized rotational energy of a diatomic molecule assuming it to be rigid. The rule to be applied is Bohr's quantization condition. 53. A diatomic molecule has moment of inertia I. By Bohr's quantization condition its rotational energy in the n^th level (n = 0 is not allowed) is (A) (1/n^2) * (h^2 / (8*pi^2*I)) (B) (1/n) * (h^2 / (8*pi^2*I)) (C) n^2 * (h^2 / (8*pi^2*I)) (D) n * (h^2 / (8*pi^2*I))
2010_2_Q54,54. It is found that the excitation frequency from ground to the first excited state of rotation for the CO molecule is close to (4/pi) * 10^11 Hz. Then the moment of inertia of CO molecule about its center of mass is close to (Take h = 2*pi*10^-34 J s) (A) 2.76x10^-46 kg m^2 (B) 1.87x10^-46 kg m^2 (C) 4.67x10^-47 kg m^2 (D) 1.17x10^-47 kg m^2
2010_2_Q55,"55. In a CO molecule, the distance between C (mass = 12 a.m.u.) and O (mass = 16 a.m.u.), where 1 a.m.u. = (5/3) * 10^-27 kg, is close to (A) 2.4x10^-10 m (B) 1.9x10^-10 m (C) 1.3x10^-10 m (D) 4.4x10^-11 m"
2010_2_Q56,"56. Two transparent media of refractive indices mu1 and mu3 have a solid lens shaped transparent material of refractive index mu2 between them as shown in figures in Column II. A ray traversing these media is also shown in the figures. In Column I different relationship between mu1, mu2 and mu3 are given. Match them to the ray diagrams shown in Column II. Column I (A) mu1 < mu2 (B) mu1 > mu2 (C) mu2 = mu3 (D) mu2 > mu3 Column II p) Image of ray diagram. q) Image of ray diagram. r) Image of ray diagram. s) Image of ray diagram. t) Image of ray diagram. (A) p and r (B) q and s and t (C) p and r and t (D) q and s"
2010_2_Q57,"57. You are given many resistances, capacitors and inductors. These are connected to variable DC voltage source (the first two circuits) or an AC voltage source of 50 Hz frequency (the next three circuits) in different ways as shown in Column II. When a current (steady state for DC or rms for AC) flows through the circuit, the corresponding voltage V1 and V2 (indicated in circuits) are related as shown in column I. Match the two Column I (A) I!=0,V1 is proportional to I (B) I != 0,V2 > V1 (C) V1 =0,V2 =V (D) I != 0, V2 is proportional to I Column II p) Image of circuit diagram. q) Image of circuit diagram. r) Image of circuit diagram. s) Image of circuit diagram. t) Image of circuit diagram. (A) r and s and t (B) q and r and s and t (C) p and q (D) q and r and s and t"
2011_1_Q01,"Extra pure N₂ can be obtained by heating
(A) NH3 with CuO
(B) NH4NO3
(C) (NH4)2Cr2O7
(D) Ba(N3)2"
2011_1_Q02,"Geometrical shapes of the complexes formed by the reaction of Ni²⁺ with Cl⁻, CN⁻ and H₂O, respectively, are
(A) octahedral, tetrahedral and square planar
(B) tetrahedral, square planar and octahedral
(C) square planar, tetrahedral and octahedral
(D) octahedral, square planar and octahedral"
2011_1_Q03,"Bombardment of aluminum by α-particle leads to its artificial disintegration in two ways, (i) and (ii) as shown. Products X, Y and Z respectively are,
(i) A reaction where 27Al transforms into 30P and particle Y.
(ii) A reaction where 27Al transforms into 30Si and particle X, followed by 30Si and particle Z.
(A) proton, neutron, positron
(B) neutron, positron, proton
(C) proton, positron, neutron
(D) positron, proton, neutron"
2011_1_Q04,"Dissolving 120 g of urea (mol. wt. 60) in 1000 g of water gave a solution of density 1.15 g/mL. The molarity of the solution is
(A) 1.78 M
(B) 2.00 M
(C) 2.05 M
(D) 2.22 M"
2011_1_Q05,"AgNO₃ (aq.) was added to an aqueous KCl solution gradually and the conductivity of the solution was measured. The plot of conductance (Λ) versus the volume of AgNO₃ is
(A) (P) A graph showing conductance decreasing linearly to a minimum, then increasing linearly with a steeper slope.
(B) (Q) A graph showing conductance decreasing non-linearly to a minimum, then increasing non-linearly.
(C) (R) A graph showing conductance decreasing linearly to a minimum, then increasing linearly with a less steep slope.
(D) (S) A graph showing conductance initially decreasing, then flattening out, then increasing."
2011_1_Q06,"Among the following compounds, the most acidic is
(A) p-nitrophenol
(B) p-hydroxybenzoic acid
(C) o-hydroxybenzoic acid
(D) p-toluic acid"
2011_1_Q07,"The major product of the following reaction is
(Reaction: N-phthalimide reacts with (i) KOH and (ii) BrCH₂Cl)
(A) A phthalimide structure where the nitrogen atom is bonded to a -CH₂Br group.
(B) A phthalimide structure where the nitrogen atom is bonded to a -CH₂Cl group.
(C) A phthalimide structure where a carbonyl oxygen is replaced by -O-CH₂-C₆H₄-Br (para).
(D) A phthalimide structure where a carbonyl oxygen is replaced by -O-CH₂-C₆H₄-Cl (para)."
2011_1_Q08,"Extraction of metal from the ore cassiterite involves
(A) carbon reduction of an oxide ore
(B) self-reduction of a sulphide ore
(C) removal of copper impurity
(D) removal of iron impurity"
2011_1_Q09,"The correct statement(s) pertaining to the adsorption of a gas on a solid surface is (are)
(A) Adsorption is always exothermic.
(B) Physisorption may transform into chemisorption at high temperature.
(C) Physisorption increases with increasing temperature but chemisorption decreases with increasing temperature.
(D) Chemisorption is more exothermic than physisorption, however it is very slow due to higher energy of activation."
2011_1_Q10,"According to kinetic theory of gases
(A) collisions are always elastic.
(B) heavier molecules transfer more momentum to the wall of the container.
(C) only a small number of molecules have very high velocity.
(D) between collisions, the molecules move in straight lines with constant velocities."
2011_1_Q11,"Amongst the given options, the compound(s) in which all the atoms are in one plane in all the possible conformations (if any), is (are)
(A) Structure of 1,3-butadiene (H₂C=C(H)-C(H)=CH₂)
(B) Structure of but-1-en-3-yne (H-C≡C-C(H)=CH₂)
(C) Structure of ketene (H₂C=C=O)
(D) Structure of allene (H₂C=C=CH₂)"
2011_1_Q12,"The metal rod M is
(A) Fe
(B) Cu
(C) Ni
(D) Co"
2011_1_Q13,"The compound N is
(A) AgNO₃
(B) Zn(NO₃)₂
(C) Al(NO₃)₃
(D) Pb(NO₃)₂"
2011_1_Q14,"The final solution contains
(A) [Pb(NH₃)₄]²⁺ and [CoCl₄]²⁻
(B) [Al(NH₃)₄]³⁺ and [Cu(NH₃)₄]²⁺
(C) [Ag(NH₃)₂]⁺ and [Cu(NH₃)₄]²⁺
(D) [Ag(NH₃)₂]⁺ and [Ni(NH₃)₆]²⁺"
2011_1_Q15,"An acyclic hydrocarbon P, having molecular formula C₆H₁₀, gave acetone as the only organic product through the following sequence of reactions, in which Q is an intermediate organic compound.
(Reaction scheme: P (C₆H₁₀) reacts with (i) dil. H₂SO₄/HgSO₄ to give Q. P (C₆H₁₀) also reacts with (ii) NaBH₄/ethanol (iii) dil. acid to give Q. Q then reacts with (i) conc. H₂SO₄ (catalytic amount) (-H₂O) to give 2 moles of acetone. Q also reacts with (ii) O₃ (iii) Zn/H₂O to give 2 moles of acetone.)
The structure of compound P is
(A) CH₃CH₂CH₂CH₂-C≡C-H
(B) CH₃CH₂-C(CH₃)C≡C-CH₂CH₃
(C) (CH₃)₂CH-C≡C-H
(D) (CH₃)₃C-C≡C-H"
2011_1_Q16,"The structure of the compound Q is
(A) H₃C-C(H)(OH)-C(CH₃)(H)-CH₂CH₃
(B) H₃C-C(CH₃)(OH)-C(CH₃)(H)-CH₃
(C) H₃C-C(CH₃)(H)-CH₂-CH(OH)-CH₃
(D) CH₃CH₂CH₂CH(OH)CH₂CH₃"
2011_1_Q17,The difference in the oxidation numbers of the two types of sulphur atoms in Na₂S₄O₆ is
2011_1_Q18,Reaction of Br₂ with Na₂CO₃ in aqueous solution gives sodium bromide and sodium bromate with evolution of CO₂ gas. The number of sodium bromide molecules involved in the balanced chemical equation is
2011_1_Q19,"The maximum number of electrons that can have principal quantum number, n = 3, and spin quantum number, mₛ = -1/2, is"
2011_1_Q20,"The work function (Φ) of some metals is listed below. The number of metals which will show photoelectric effect when light of 300 nm wavelength falls on the metal is
Metal | Φ (eV)
-----|--------
Li | 2.4
Na | 2.3
K | 2.2
Mg | 3.7
Cu | 4.8
Ag | 4.3
Fe | 4.7
Pt | 6.3
W | 4.75"
2011_1_Q21,"To an evacuated vessel with movable piston under external pressure of 1 atm., 0.1 mol of He and 1.0 mol of an unknown compound (vapour pressure 0.68 atm. at 0 °C) are introduced. Considering the ideal gas behaviour, the total volume (in litre) of the gases at 0 °C is close to"
2011_1_Q22,The total number of alkenes possible by dehydrobromination of 3-bromo-3-cyclopentylhexane using alcoholic KOH is
2011_1_Q23,"A decapeptide (Mol. Wt. 796) on complete hydrolysis gives glycine (Mol. Wt. 75), alanine and phenylalanine. Glycine contributes 47.0% to the total weight of the hydrolysed products. The number of glycine units present in the decapeptide is"
2011_1_Q24,"A police car with a siren of frequency 8 kHz is moving with uniform velocity 36 km/hr towards a tall building which reflects the sound waves. The speed of sound in air is 320 m/s. The frequency of the siren heard by the car driver is
(A) 8.50 kHz
(B) 8.25 kHz
(C) 7.75 kHz
(D) 7.50 kHz"
2011_1_Q25,"5.6 liter of helium gas at STP is adiabatically compressed to 0.7 liter. Taking the initial temperature to be T₁, the work done in the process is
(A) (9/8)RT₁
(B) (3/2)RT₁
(C) (15/8)RT₁
(D) (9/2)RT₁"
2011_1_Q26,"Consider an electric field E = E₀ î, where E₀ is a constant. The flux through the shaded area (as shown in the figure) due to this field is
(A diagram of a cube with one face shaded. The cube vertices are at (0,0,0) to (a,a,a). The shaded face is the one at x=a, with vertices (a,0,0), (a,a,0), (a,a,a), (a,0,a).)
(A) 2E₀a²
(B) √2E₀a²
(C) E₀a²
(D) E₀a²/√2"
2011_1_Q27,"The wavelength of the first spectral line in the Balmer series of hydrogen atom is 6561 Å. The wavelength of the second spectral line in the Balmer series of singly-ionized helium atom is
(A) 1215 Å
(B) 1640 Å
(C) 2430 Å
(D) 4687 Å"
2011_1_Q28,"A ball of mass (m) 0.5 kg is attached to the end of a string having length (L) 0.5 m. The ball is rotated on a horizontal circular path about vertical axis. The maximum tension that the string can bear is 324 N. The maximum possible value of angular velocity of ball (in radian/s) is
(A) 9
(B) 18
(C) 27
(D) 36"
2011_1_Q29,"A meter bridge is set-up as shown, to determine an unknown resistance 'X' using a standard 10 ohm resistor. The galvanometer shows null point when tapping-key is at 52 cm mark. The end-corrections are 1 cm and 2 cm respectively for the ends A and B. The determined value of 'X' is
(A) 10.2 ohm
(B) 10.6 ohm
(C) 10.8 ohm
(D) 11.1 ohm"
2011_1_Q30,"A 2 µF capacitor is charged as shown in figure. The percentage of its stored energy dissipated after the switch S is turned to position 2 is
(A) 0%
(B) 20%
(C) 75%
(D) 80%"
2011_1_Q31,"A spherical metal shell A of radius R_A and a solid metal sphere B of radius R_B (< R_A) are kept far apart and each is given charge '+Q'. Now they are connected by a thin metal wire. Then
(A) E_A^(inside) = 0
(B) Q_A > Q_B
(C) σ_A / σ_B = R_B / R_A
(D) E_A^(on surface) < E_B^(on surface)"
2011_1_Q32,"An electron and a proton are moving on straight parallel paths with same velocity. They enter a semi-infinite region of uniform magnetic field perpendicular to the velocity. Which of the following statement(s) is/are true?
(A) They will never come out of the magnetic field region.
(B) They will come out travelling along parallel paths.
(C) They will come out at the same time.
(D) They will come out at different times."
2011_1_Q33,"A composite block is made of slabs A, B, C, D and E of different thermal conductivities (given in terms of a constant K) and sizes (given in terms of length, L) as shown in the figure. All slabs are of same width. Heat 'Q' flows only from left to right through the blocks. Then in steady state
(A diagram shows a composite block with sections A, B, C, D, E. Section A is at the top-left (1L x 1L). Sections B, C, D are stacked vertically in the middle section (4L long, 1L high each), with conductivities 3K, 4K, 5K respectively. Section E is at the right (1L wide, 4L high). Heat flow is from left to right.)
(A) heat flow through A and E slabs are same.
(B) heat flow through slab E is maximum.
(C) temperature difference across slab E is smallest.
(D) heat flow through C = heat flow through B + heat flow through D."
2011_1_Q34,"A metal rod of length 'L' and mass 'm' is pivoted at one end. A thin disk of mass 'M' and radius 'R' (< L) is attached at its center to the free end of the rod. Consider two ways the disc is attached: (case A) The disc is not free to rotate about its center and (case B) the disc is free to rotate about its center. The rod-disc system performs SHM in vertical plane after being released from the same displaced position. Which of the following statement(s) is (are) true?
(A) Restoring torque in case A = Restoring torque in case B
(B) Restoring torque in case A < Restoring torque in case B
(C) Angular frequency for case A > Angular frequency for case B.
(D) Angular frequency for case A < Angular frequency for case B."
2011_1_Q35,"Phase space diagrams are useful tools in analyzing all kinds of dynamical problems. They are especially useful in studying the changes in motion as initial position and momentum are changed. Here we consider some simple dynamical systems in one-dimension. For such systems, phase space is a plane in which position is plotted along horizontal axis and momentum is plotted along vertical axis. The phase space diagram is x(t) vs. p(t) curve in this plane. The arrow on the curve indicates the time flow. For example, the phase space diagram for a particle moving with constant velocity is a straight line as shown in the figure. We use the sign convention in which position or momentum upwards (or to right) is positive and downwards (or to left) is negative.
The phase space diagram for a ball thrown vertically up from ground is
(A) A semi-elliptical curve starting at (Position=0, Momentum=Max_Positive), moving to (Position=Max_Positive, Momentum=0), then to (Position=0, Momentum=Max_Negative), and then back towards the start.
(B) A semi-elliptical curve starting at (Position=0, Momentum=Max_Positive), moving to (Position=Max_Positive, Momentum=0), then to (Position=0, Momentum=Max_Negative), and then back towards the start (different direction of traversal).
(C) A semi-elliptical curve starting at (Position=0, Momentum=Max_Negative), moving to (Position=Max_Negative, Momentum=0), then to (Position=0, Momentum=Max_Positive), and then back towards the start.
(D) A semi-elliptical curve starting at (Position=0, Momentum=Max_Positive), moving to (Position=Max_Positive, Momentum=0), then to (Position=0, Momentum=Max_Negative), and then back towards the start (Clockwise traversal from max positive momentum)."
2011_1_Q36,"The phase space diagram for simple harmonic motion is a circle centered at the origin. In the figure, the two circles represent the same oscillator but for different initial conditions, and E₁ and E₂ are the total mechanical energies respectively. Then
(A) E₁ = √2 E₂
(B) E₁ = 2 E₂
(C) E₁ = 4 E₂
(D) E₁ = 16 E₂"
2011_1_Q37,"Consider the spring-mass system, with the mass submerged in water, as shown in the figure. The phase space diagram for one cycle of this system is
(A) A closed elliptical path.
(B) An inward spiral towards the origin.
(C) An outward spiral from the origin.
(D) A closed elliptical path, but different size/orientation than (A)."
2011_1_Q38,"A dense collection of equal number of electrons and positive ions is called neutral plasma. Certain solids containing fixed positive ions surrounded by free electrons can be treated as neutral plasma. Let 'N' be the number density of free electrons, each of mass 'm'. When the electrons are subjected to an electric field, they are displaced relatively away from the heavy positive ions. If the electric field becomes zero, the electrons begin to oscillate about the positive ions with a natural angular frequency 'ωp', which is called the plasma frequency. To sustain the oscillations, a time varying electric field needs to be applied that has an angular frequency ω, where a part of the energy is absorbed and a part of it is reflected. As ω approaches ωp, all the free electrons are set to resonance together and all the energy is reflected. This is the explanation of high reflectivity of metals.
Taking the electronic charge as 'e' and the permittivity as 'ε₀', use dimensional analysis to determine the correct expression for ωp.
(A) √(Ne / mε₀)
(B) √(mε₀ / Ne)
(C) √(Ne² / mε₀)
(D) √(mε₀ / Ne²)"
2011_1_Q39,"Estimate the wavelength at which plasma reflection will occur for a metal having the density of electrons N = 4 × 10²⁷ m⁻³. Take ε₀ ≈ 10⁻¹¹ and m ≈ 10⁻³⁰, where these quantities are in proper SI units.
(A) 800 nm
(B) 600 nm
(C) 300 nm
(D) 200 nm"
2011_1_Q40,A boy is pushing a ring of mass 2 kg and radius 0.5 m with a stick as shown in the figure. The stick applies a force of 2 N on the ring and rolls it without slipping with an acceleration of 0.3 m/s². The coefficient of friction between the ground and the ring is large enough that rolling always occurs and the coefficient of friction between the stick and the ring is (P/10). The value of P is
2011_1_Q41,"A block is moving on an inclined plane making an angle 45° with the horizontal and the coefficient of friction is µ. The force required to just push it up the inclined plane is 3 times the force required to just prevent it from sliding down. If we define N = 10 µ, then N is"
2011_1_Q42,"Four point charges, each of +q, are rigidly fixed at the four corners of a square planar soap film of side 'a'. The surface tension of the soap film is γ. The system of charges and planar film are in equilibrium, and a = k [q² / γ]^(1/N), where 'k' is a constant. Then N is"
2011_1_Q43,"Steel wire of length 'L' at 40°C is suspended from the ceiling and then a mass 'm' is hung from its free end. The wire is cooled down from 40°C to 30°C to regain its original length 'L'. The coefficient of linear thermal expansion of the steel is 10⁻⁵ / °C, Young's modulus of steel is 10¹¹ N/m² and radius of the wire is 1 mm. Assume that L >> diameter of the wire. Then the value of 'm' in kg is nearly"
2011_1_Q44,"The activity of a freshly prepared radioactive sample is 10¹⁰ disintegrations per second, whose mean life is 10⁹ s. The mass of an atom of this radioisotope is 10⁻²⁵ kg. The mass (in mg) of the radioactive sample is"
2011_1_Q45,"A long circular tube of length 10 m and radius 0.3 m carries a current I along its curved surface as shown. A wire-loop of resistance 0.005 ohm and of radius 0.1 m is placed inside the tube with its axis coinciding with the axis of the tube. The current varies as I = I₀ cos (300 t) where I₀ is constant. If the magnetic moment of the loop is N µ₀ I₀ sin (300 t), then 'N' is"
2011_1_Q46,"Four solid spheres each of diameter √5 cm and mass 0.5 kg are placed with their centers at the corners of a square of side 4 cm. The moment of inertia of the system about the diagonal of the square is N × 10⁻⁴ kg-m², then N is"
2011_1_Q47,"Let (x₀, y₀) be the solution of the following equations
(2x)^(ln2) = (3y)^(ln3)
3^(lnx) = 2^(lny).
Then x₀ is
(A) 1/6
(B) 1/3
(C) 1/2
(D) 6"
2011_1_Q48,"The value of ∫^(√ln3)_(√ln2) (x sin x²) / (sin x² + sin (ln 6 - x²)) dx is
(A) (1/4) ln(3/2)
(B) -(1/2) ln(3/2)
(C) (1/3) ln(3/2)
(D) -(1/6) ln(3/2)"
2011_1_Q49,"Let a = î+ĵ+k̂, b = î-ĵ+k̂ and c = î-ĵ-k̂ be three vectors. A vector v in the plane of a and b, whose projection on c is 1/√3, is given by
(A) î-3ĵ+3k̂
(B) -3î-3ĵ-k̂
(C) 3î-ĵ+3k̂
(D) î+3ĵ-3k̂"
2011_1_Q50,"Let P={θ: sinθ-cosθ = √2 cosθ} and Q = {θ: sinθ+cosθ = √2 sinθ} be two sets. Then
(A) P ⊂ Q and Q-P ≠ Ø
(B) Q ⊂ P
(C) P ≠ Q
(D) P = Q"
2011_1_Q51,"Let the straight line x=b divide the area enclosed by y=(1-x)², y=0, and x=0 into two parts R₁ (0≤x≤b) and R₂ (b≤x≤1) such that R₁-R₂ = 1/4. Then b equals
(A) 3/4
(B) 1/2
(C) 1/3
(D) 1/4"
2011_1_Q52,"Let α and β be the roots of x²-6x-2=0, with α > β. If a_n = αⁿ – βⁿ for n≥1, then the value of (a₁₀-2a₉)/(2a₉) is
(A) 1
(B) 2
(C) 3
(D) 4"
2011_1_Q53,"A straight line L through the point (3,-2) is inclined at an angle 60° to the line √3x+y=1. If L also intersects the x-axis, then the equation of L is
(A) y+√3x+2-3√3=0
(B) y-√3x+2+3√3=0
(C) √3y-x+3+2√3=0
(D) √3y+x-3+2√3=0"
2011_1_Q54,"The vector(s) which is/are coplanar with vectors î+ĵ+2k̂ and î+2ĵ+k̂, and perpendicular to the vector î+ĵ+k̂ is/are
(A) ĵ-k̂
(B) -î+ĵ
(C) -î-ĵ
(D) -ĵ+k̂"
2011_1_Q55,"Let M and N be two 3x3 non-singular skew-symmetric matrices such that MN = NM. If Pᵀ denotes the transpose of P, then M²N²(MN)⁻¹(MN⁻¹) is equal to
(A) M²
(B) -N²
(C) -M²
(D) MN"
2011_1_Q56,"Let the eccentricity of the hyperbola x²/a² - y²/b² = 1 be reciprocal to that of the ellipse x² + 4y² = 4. If the hyperbola passes through a focus of the ellipse, then
(A) the equation of the hyperbola is x²/3 - y²/2 = 1
(B) a focus of the hyperbola is (2, 0)
(C) the eccentricity of the hyperbola is √5/3
(D) the equation of the hyperbola is x²-3y² = 3"
2011_1_Q57,"Let f: R→R be a function such that f(x + y) = f(x) + f (y), ∀x, y ∈R. If f(x) is differentiable at x = 0, then
(A) f(x) is differentiable only in a finite interval containing zero
(B) f(x) is continuous ∀x∈ R
(C) f'(x) is constant ∀x∈ R
(D) f(x) is differentiable except at finitely many points"
2011_1_Q58,"Let a, b and c be three real numbers satisfying the determinant of the matrix [[1,9,7],[a,b,c],[7,3,7]] = 0.
If the point P(a, b, c), with reference to (E), lies on the plane 2x + y + z = 1, then the value of 7a+b+c is
(A) 0
(B) 12
(C) 7
(D) 6"
2011_1_Q59,"Let ω be a solution of x³-1=0 with Im(ω) > 0. If a = 2 with b and c satisfying (E), then the value of (3/ωᵃ) + (1/ωᵇ) + (3/ωᶜ) is equal to
(A) -2
(B) 2
(C) 3
(D) -3"
2011_1_Q60,"Let b = 6, with a and c satisfying (E). If α and β are the roots of the quadratic equation ax² + bx + c = 0, then ∑⁸_(n=0) (1/αⁿ + 1/βⁿ) is
(A) 6
(B) 7
(C) 6/7
(D) ∞"
2011_1_Q61,"Let U₁ and U₂ be two urns such that U₁ contains 3 white and 2 red balls, and U₂ contains only 1 white ball. A fair coin is tossed. If head appears then 1 ball is drawn at random from U₁ and put into U₂. However, if tail appears then 2 balls are drawn at random from U₁ and put into U₂. Now 1 ball is drawn at random from U₂.
The probability of the drawn ball from U₂ being white is
(A) 13/30
(B) 23/30
(C) 19/30
(D) 11/30"
2011_1_Q62,"Given that the drawn ball from U₂ is white, the probability that head appeared on the coin is
(A) 17/23
(B) 11/23
(C) 15/23
(D) 12/23"
2011_1_Q63,"Consider the parabola y² = 8x. Let Δ₁ be the area of the triangle formed by the end points of its latus rectum and the point P(1/2, 2) on the parabola, and Δ₂ be the area of the triangle formed by drawing tangents at P and at the end points of the latus rectum. Then Δ₁/Δ₂ is"
2011_1_Q64,"Let a₁, a₂, a₃, ..., a₁₀₀ be an arithmetic progression with a₁ = 3 and S_p = ∑ᵖ_(i=1) aᵢ, 1≤p≤100. For any integer n with 1≤ n ≤20, let m = 5n. If S_m / S_n does not depend on n, then a₂ is"
2011_1_Q65,The positive integer value of n > 3 satisfying the equation 1/(sin(π/n)) = 1/(sin(2π/n)) + 1/(sin(3π/n)) is
2011_1_Q66,"Let f : [1, ∞) → [2, ∞) be a differentiable function such that f (1) = 2. If ∫ˣ₁ 6t f(t) dt = 3x f(x) – x³ for all x≥1, then the value of f (2) is"
2011_1_Q67,"If z is any complex number satisfying |z-3-2i|≤2, then the minimum value of |2z-6+5i| is"
2011_1_Q68,"The minimum value of the sum of real numbers a⁻³, a⁻⁵, 3a⁻³, 1, a⁴ and a¹⁰ with a>0 is"
2011_1_Q69,"Let f(θ) = sin(tan⁻¹((sinθ)/√(cos 2θ))) , where -π/4 < θ < π/4. Then the value of d/d(tan θ) (f(θ)) is"
2011_2_Q01,"1. Oxidation states of the metal in the minerals haematite and magnetite, respectively, are
(A) II, III in haematite and III in magnetite
(B) II, III in haematite and II in magnetite
(C) II in haematite and II, III in magnetite
(D) III in haematite and II, III in magnetite"
2011_2_Q02,"2. Among the following complexes (K-P),
K₃[Fe(CN)₆] (K), [Co(NH₃)₆]Cl₃ (L), Na₃[Co(oxalate)₃] (M), [Ni(H₂O)₆]Cl₂ (N),
K₂[Pt(CN)₄] (O) and [Zn(H₂O)₆](NO₃)₂ (P)
the diamagnetic complexes are
(A) K, L, M, N (B) K, M, O, P
(C) L, M, O, P
(D) L, M, N, O"
2011_2_Q03,"3. Passing H₂S gas into a mixture of Mn²⁺, Ni²⁺, Cu²⁺ and Hg²⁺ ions in an acidified aqueous solution precipitates
(A) CuS and HgS
(B) MnS and CuS
(C) MnS and NiS
(D) NiS and HgS"
2011_2_Q04,"4. Consider the following cell reaction:
2Fe(s) + O₂(g) + 4H⁺(aq) → 2Fe²⁺(aq) + 2H₂O(l) E⁰ = 1.67 V
At [Fe²⁺] = 10⁻³ M, P(O₂) = 0.1 atm and pH = 3, the cell potential at 25 °C is
(A) 1.47 V
(B) 1.77 V
(C) 1.87 V
(D) 1.57 V"
2011_2_Q05,"5. The freezing point (in °C) of a solution containing 0.1 g of K₃[Fe(CN)₆] (Mol. Wt. 329) in 100 g of water (K_f = 1.86 K kg mol⁻¹) is
(A) -2.3 × 10⁻²
(B) -5.7 × 10⁻² (C) -5.7 × 10⁻³
(D) -1.2 × 10⁻²"
2011_2_Q06,"6. Amongst the compounds given, the one that would form a brilliant colored dye on treatment with NaNO₂ in dil. HCl followed by addition to an alkaline solution of β-naphthol is
(A) N(CH₃)₂ (dimethylaniline)
(B) NHCH₃ (N-methylaniline)
(C) NH₂ (aniline)
(D) CH₂NH₂ (benzylamine)"
2011_2_Q07,"7. The major product of the following reaction is
RCH₂OH
H⁺ (anhydrous)
(A) a hemiacetal
(B) an acetal
(C) an ether
(D) an ester"
2011_2_Q08,"8. The following carbohydrate is
(A) a ketohexose
(B) an aldohexose
(C) an α-furanose
(D) an α-pyranose"
2011_2_Q09,"9. Reduction of the metal centre in aqueous permanganate ion involves
(A) 3 electrons in neutral medium
(B) 5 electrons in neutral medium
(C) 3 electrons in alkaline medium
(D) 5 electrons in acidic medium"
2011_2_Q10,"10. The equilibrium
2 Cu⁺ ⇌ Cu⁰ + Cu²⁺
in aqueous medium at 25 °C shifts towards the left in the presence of
(A) NO₃⁻
(B) Cl⁻
(C) SCN⁻
(D) CN⁻"
2011_2_Q11,"11. For the first order reaction
2N₂O(g) → 4NO₂(g) + O₂(g)
(A) the concentration of the reactant decreases exponentially with time.
(B) the half-life of the reaction decreases with increasing temperature.
(C) the half-life of the reaction depends on the initial concentration of the reactant.
(D) the reaction proceeds to 99.6% completion in eight half-life duration."
2011_2_Q12,"12. The correct functional group X and the reagent/reaction conditions Y in the following scheme are
X—(CH₂)₄—X (i) Y condensation polymer
(ii) HO-C(=O)-(CH₂)₄-C(=O)-OH heat
(A) X = COOCH₃, Y = H₂/Ni/heat
(B) X = CONH₂, Y = H₂/Ni/heat
(C) X = CONH₂, Y = Br₂/NaOH
(D) X = CN, Y = H₂/Ni/heat"
2011_2_Q13,"13. Among the following, the number of compounds that can react with PCl₅ to give POCl₃ is
O₂, CO₂, SO₂, H₂O, H₂SO₄, P₄O₁₀"
2011_2_Q14,"14. The volume (in mL) of 0.1 M AgNO₃ required for complete precipitation of chloride ions present in 30 mL of 0.01 M solution of [Cr(H₂O)₅Cl]Cl₂, as silver chloride is close to"
2011_2_Q15,"15. In 1 L saturated solution of AgCl [Ksp (AgCl) = 1.6 × 10⁻¹⁰], 0.1 mol of CuCl
[Ksp(CuCl) = 1.0 × 10⁻⁶] is added. The resultant concentration of Ag⁺ in the solution is 1.6 x 10⁻ˣ. The value of ""x"" is"
2011_2_Q16,16. The number of hexagonal faces that are present in a truncated octahedron is
2011_2_Q17,"17. The maximum number of isomers (including stereoisomers) that are possible on monochlorination of the following compound, is
CH₃CH₂-CH(CH₃)-CH₂CH₃"
2011_2_Q18,"18. The total number of contributing structures showing hyperconjugation (involving C-H bonds) for the following carbocation is
CH₃-C⁺H-CH₂CH₃"
2011_2_Q19,"19. Match the transformations in column I with appropriate options in column II
Column I
(A) CO₂(s) → CO₂(g)
(B) CaCO₃(s) → CaO(s) + CO₂(g)
(C) 2 H• → H₂(g)
(D) P(white, solid) → P(red, solid)
Column II
(p) phase transition
(q) allotropic change
(r) ΔH is positive
(s) ΔS is positive
(t) ΔS is negative"
2011_2_Q20,"20. Match the reactions in column I with appropriate types of steps/reactive intermediate involved in these reactions as given in column II
Column I
(A) (Reaction diagram showing a 1,3-diketone reacting with aq NaOH to form a cyclic product)
(B) (Reaction diagram showing Ph-C(=O)-CH₂-CH₂-CH₂-Cl reacting with CH₃MgI to form a cyclic product with a methyl group)
(C) (Reaction diagram showing Ph-CH₂-CH₂-CH₂-CH₂-OH reacting with H₂SO₄ to form a cyclic ether with an ¹⁸O label)
(D) (Reaction diagram showing Ph-CH₂-CH₂-CH₂-C(CH₃)₂-OH reacting with H₂SO₄ to form a cyclic product with a methyl group and another CH₃ attached to the ring)
Column II
(p) Nucleophilic substitution
(q) Electrophilic substitution
(r) Dehydration
(s) Nucleophilic addition
(t) Carbanion"
2011_2_Q21,"21. A light ray traveling in glass medium is incident on glass-air interface at an angle of incidence θ. The reflected (R) and transmitted (T) intensities, both as function of θ, are plotted. The correct sketch is
(A) (graph)
(B) (graph)
(C) (graph)
(D) (graph)"
2011_2_Q22,"22. A satellite is moving with a constant speed 'V' in a circular orbit about the earth. An object of mass 'm' is ejected from the satellite such that it just escapes from the gravitational pull of the earth. At the time of its ejection, the kinetic energy of the object is
(A) ½mV²
(B) mV²
(C) ¾mV²
(D) 2mV²"
2011_2_Q23,"23. A long insulated copper wire is closely wound as a spiral of 'N' turns. The spiral has inner radius 'a' and outer radius 'b'. The spiral lies in the X-Y plane and a steady current 'I' flows through the wire. The Z-component of the magnetic field at the center of the spiral is
(A) (μ₀NI / (2(b-a))) ln(b/a)
(B) (μ₀NI / (2(b-a))) ln((b+a)/(b-a))
(C) (μ₀NI / 2b) ln(b/a)
(D) (μ₀NI / 2b) ln((b+a)/(b-a))"
2011_2_Q24,"24. A point mass is subjected to two simultaneous sinusoidal displacements in x-direction,
x₁(t) = A sin(ωt) and x₂(t) = A sin(ωt + 2π/3).
Adding a third sinusoidal displacement x₃(t) = B sin(ωt + φ) brings the mass to a complete rest. The values of B and φ are
(A) √2A, 3π/4
(B) A, 4π/3
(C) √3A, 5π/6
(D) A, π/3"
2011_2_Q25,"25. Which of the field patterns given below is valid for electric field as well as for magnetic field?
(A) (diagram)
(B) (diagram)
(C) (diagram)
(D) (diagram)"
2011_2_Q26,"26. A ball of mass 0.2 kg rests on a vertical post of height 5 m. A bullet of mass 0.01 kg, traveling with a velocity V m/s in a horizontal direction, hits the centre of the ball. After the collision, the ball and bullet travel independently. The ball hits the ground at a distance of 20 m and the bullet at a distance of 100 m from the foot of the post. The initial velocity V of the bullet is
(A) 250 m/s
(B) 250√2 m/s
(C) 400 m/s
(D) 500 m/s"
2011_2_Q27,"27. The density of a solid ball is to be determined in an experiment. The diameter of the ball is measured with a screw gauge, whose pitch is 0.5 mm and there are 50 divisions on the circular scale. The reading on the main scale is 2.5 mm and that on the circular scale is 20 divisions. If the measured mass of the ball has a relative error of 2%, the relative percentage error in the density is
(A) 0.9%
(B) 2.4%
(C) 3.1%
(D) 4.2%"
2011_2_Q28,"28. A wooden block performs SHM on a frictionless surface with frequency, v₀. The block carries a charge +Q on its surface. If now a uniform electric field E⃗ is switched-on as shown, then the SHM of the block will be
(A) of the same frequency and with shifted mean position.
(B) of the same frequency and with the same mean position.
(C) of changed frequency and with shifted mean position.
(D) of changed frequency and with the same mean position."
2011_2_Q29,"29. Two solid spheres A and B of equal volumes but of different densities d_A and d_B are connected by a string. They are fully immersed in a fluid of density d_F. They get arranged into an equilibrium state as shown in the figure with a tension in the string. The arrangement is possible only if
(A) d_A < d_F
(B) d_B > d_F
(C) d_A > d_F
(D) d_A + d_B = 2 d_F"
2011_2_Q30,"30. A series R-C circuit is connected to AC voltage source. Consider two cases; (A) when C is without a dielectric medium and (B) when C is filled with dielectric of constant 4. The current I_R through the resistor and voltage V_C across the capacitor are compared in the two cases. Which of the following is/are true?
(A) I_R^A > I_R^B
(B) I_R^A < I_R^B
(C) V_C^A > V_C^B
(D) V_C^A < V_C^B"
2011_2_Q31,"31. Which of the following statement(s) is/are correct?
(A) If the electric field due to a point charge varies as r⁻²·⁵ instead of r⁻², then the Gauss law will still be valid.
(B) The Gauss law can be used to calculate the field distribution around an electric dipole.
(C) If the electric field between two point charges is zero somewhere, then the sign of the two charges is the same.
(D) The work done by the external force in moving a unit positive charge from point A at potential V_A to point B at potential V_B is (V_B - V_A)."
2011_2_Q32,"32. A thin ring of mass 2 kg and radius 0.5 m is rolling without slipping on a horizontal plane with velocity 1 m/s. A small ball of mass 0.1 kg, moving with velocity 20 m/s in the opposite direction, hits the ring at a height of 0.75 m and goes vertically up with velocity 10 m/s. Immediately after the collision
(A) the ring has pure rotation about its stationary CM.
(B) the ring comes to a complete stop.
(C) friction between the ring and the ground is to the left.
(D) there is no friction between the ring and the ground."
2011_2_Q33,"33. A train is moving along a straight line with a constant acceleration 'a'. A boy standing in the train throws a ball forward with a speed of 10 m/s, at an angle of 60° to the horizontal. The boy has to move forward by 1.15 m inside the train to catch the ball back at the initial height. The acceleration of the train, in m/s², is"
2011_2_Q34,34. A block of mass 0.18 kg is attached to a spring of force-constant 2 N/m. The coefficient of friction between the block and the floor is 0.1. Initially the block is at rest and the spring is un-stretched. An impulse is given to the block as shown in the figure. The block slides a distance of 0.06 m and comes to rest for the first time. The initial velocity of the block in m/s is V = N/10. Then N is
2011_2_Q35,35. Two batteries of different emfs and different internal resistances are connected as shown. The voltage across AB in volts is
2011_2_Q36,36. Water (with refractive index = 4/3) in a tank is 18 cm deep. Oil of refractive index 7/4 lies on water making a convex surface of radius of curvature 'R = 6 cm' as shown. Consider oil to act as a thin lens. An object 'S' is placed 24 cm above water surface. The location of its image is at 'x' cm above the bottom of the tank. Then 'x' is
2011_2_Q37,"37. A series R-C combination is connected to an AC voltage of angular frequency ω = 500 radian/s. If the impedance of the R-C circuit is R√1.25, the time constant (in millisecond) of the circuit is"
2011_2_Q38,"38. A silver sphere of radius 1 cm and work function 4.7 eV is suspended from an insulating thread in free-space. It is under continuous illumination of 200 nm wavelength light. As photoelectrons are emitted, the sphere gets charged and acquires a potential. The maximum number of photoelectrons emitted from the sphere is A × 10ᶻ (where 1 < A < 10). The value of 'Z' is"
2011_2_Q39,"39. One mole of a monatomic ideal gas is taken through a cycle ABCDA as shown in the P-V diagram. Column II gives the characteristics involved in the cycle. Match them with each of the processes given in Column I.
Column I
(A) Process A → B
(B) Process B → C
(C) Process C → D
(D) Process D → A
Column II
(p) Internal energy decreases.
(q) Internal energy increases.
(r) Heat is lost.
(s) Heat is gained.
(t) Work is done on the gas."
2011_2_Q40,"40. Column I shows four systems, each of the same length L, for producing standing waves. The lowest possible natural frequency of a system is called its fundamental frequency, whose wavelength is denoted as λ_f. Match each system with statements given in Column II describing the nature and wavelength of the standing waves.
Column I
(A) Pipe closed at one end
(B) Pipe open at both ends
(C) Stretched wire clamped at both ends
(D) Stretched wire clamped at both ends and at mid-point
Column II
(p) Longitudinal waves
(q) Transverse waves
(r) λ_f = L
(s) λ_f = 2L
(t) λ_f = 4L"
2011_2_Q41,"41. Let P(6,3) be a point on the hyperbola x²/a² - y²/b² = 1. If the normal at the point P intersects the x-axis at (9,0), then the eccentricity of the hyperbola is
(A) √(5/2)
(B) √(3/2)
(C) √2
(D) √3"
2011_2_Q42,"42. A value of b for which the equations
x²+bx-1=0
x²+x+b = 0,
have one root in common is
(A) -√2
(B) -i√3
(C) i√5
(D) √2"
2011_2_Q43,"43. Let ω≠1 be a cube root of unity and S be the set of all non-singular matrices of the form
[[1, a, b],
[ω, 1, c],
[ω², ω, 1]]
where each of a, b, and c is either ω or ω². Then the number of distinct matrices in the set S is
(A) 2
(B) 6
(C) 4
(D) 8"
2011_2_Q44,"44. The circle passing through the point (-1,0) and touching the y-axis at (0, 2) also passes through the point
(A) (-3/2, 0)
(B) (-5/2, 2)
(C) (3/2, 5/2)
(D) (-4,0)"
2011_2_Q45,"45. If lim(x→0) [1+xln(1+b²)]^(1/x) = 2bsin²θ, b>0 and θ∈(−π, π],
then the value of θ is
(A) ±π/4
(B) ±π/3
(C) ±π/6
(D) ±π/2"
2011_2_Q46,"46. Let f: [-1,2]→[0,∞) be a continuous function such that f(x) = f(1-x) for all x∈ [-1,2].
Let R₁ = ∫[-1 to 2] x f(x)dx, and R₂ be the area of the region bounded by y = f(x), x=−1, x=2, and the x-axis. Then
(A) R₁ = 2R₂
(B) R₁ = 3R₂
(C) 2R₁ = R₂
(D) 3R₁ = R₂"
2011_2_Q47,"47. Let f(x) = x² and g(x) = sinx for all x∈ R. Then the set of all x satisfying (f◦g◦g◦f)(x) = (g◦g◦f)(x), where (f◦g)(x) = f(g(x)), is
(A) ±√nπ, n∈ {0, 1, 2,...}
(B) ±√nπ, n∈ {1, 2,...}
(C) π/2 + 2nπ, n∈ {..., -2, -1, 0, 1, 2, ...}
(D) 2nπ, n∈ {..., -2, -1, 0, 1, 2, ...}"
2011_2_Q48,"48. Let (x, y) be any point on the parabola y² = 4x. Let P be the point that divides the line segment from (0, 0) to (x, y) in the ratio 1:3. Then the locus of P is
(A) x² = y
(B) y² = 2x
(C) y² = x
(D) x² = 2y"
2011_2_Q49,"49. If
f(x) = {
-x - π/2, x ≤ -π/2
-cos x, -π/2 < x < 0
x-1, 0 < x < 1
ln x, x > 1
},
then
(A) f(x) is continuous at x = -π/2
(B) f(x) is not differentiable at x = 0
(C) f(x) is differentiable at x = 1
(D) f(x) is differentiable at x = -3/2"
2011_2_Q50,"50. Let E and F be two independent events. The probability that exactly one of them occurs is 11/25 and the probability of none of them occurring is 2/25. If P(T) denotes the probability of occurrence of the event T, then
(A) P(E) = 4/5, P(F) = 3/5
(B) P(E) = 2/5, P(F) = 1/2
(C) P(E) = 1/5, P(F) = 1/2
(D) P(E) = 3/5, P(F) = 4/5"
2011_2_Q51,"51. Let L be a normal to the parabola y² = 4x. If L passes through the point (9, 6), then L is given by
(A) y-x+3=0
(B) y+3x-33=0
(C) y+x-15=0
(D) y-2x+12 = 0"
2011_2_Q52,"52. Let f: (0,1) → R be defined by
f(x) = (b-x)/(1-bx),
where b is a constant such that 0<b<1. Then
(A) f is not invertible on (0,1)
(B) f ≠ f⁻¹ on (0,1) and f'(b) = -1/f'(0)
(C) f = f⁻¹ on (0, 1) and f'(b) = 1/f'(0)
(D) f⁻¹ is differentiable on (0, 1)"
2011_2_Q53,"53. Let ω=e^(i2π/3), and a, b, c, x, y, z be non-zero complex numbers such that
a+b+c = x
a+bω+cω² = y
a+bω² + cω = z.
Then the value of (|x|² + |y|² + |z|²) / (|a|² + |b|² + |c|²) is"
2011_2_Q54,54. The number of distinct real roots of x⁴ −4x³ +12x² +x−1=0 is
2011_2_Q55,"55. Let y'(x) + y(x)g'(x) = g(x)g'(x), y(0) = 0, x∈ R, where f'(x) denotes df(x)/dx and g(x) is a given non-constant differentiable function on R with g(0) = g(2) = 0. Then the value of y(2) is"
2011_2_Q56,"56. Let M be a 3×3 matrix satisfying
M [[0], [1], [3]] = [[-1], [2], [3]], M [[-1], [1], [1]] = [[1], [-1], [1]], and M [[1], [0], [1]] = [[0], [0], [12]].
Then the sum of the diagonal entries of M is"
2011_2_Q57,"57. Let a⃗ = -î-k̂, b⃗ = -î+ĵ and c⃗ = î+2ĵ+3k̂ be three given vectors. If r⃗ is a vector such that r⃗ × b⃗ = c⃗ × b⃗ and r⃗ ⋅ a⃗ = 0, then the value of r⃗ ⋅ b⃗ is"
2011_2_Q58,"58. The straight line 2x-3y = 1 divides the circular region x² + y² ≤6 into two parts. If
S = { (2, 3/4), (5, 3/4), (1, 1/4), (1, 1) },
then the number of point(s) in S lying inside the smaller part is"
2011_2_Q59,"59. Match the statements given in Column I with the values given in Column II
Column I
(A) If a⃗ = ĵ+√3k̂, b⃗ = -ĵ+√3k̂ and c⃗ = 2√3k̂ form a triangle, then the internal angle of the triangle between a⃗ and b⃗ is
(B) If ∫[0 to π/6] (f(x)-3x)dx = a²-b², then the value of f(π/6) is
(C) The value of ∫[π/6 to π/3] (π²/ln3) sec(x)dx is
(D) The maximum value of |Arg(1/(1-z))| for |z|=1, z≠1 is given by
Column II
(p) π/6
(q) 2π/3
(r) π/3
(s) π
(t) π/2"
2011_2_Q60,"60. Match the statements given in Column I with the intervals/union of intervals given in Column II
Column I
(A) The set {Re(2iz/(1-z²)) : z is a complex number, |z|=1, z≠±1} is
(B) The domain of the function f(x) = sin⁻¹(8(3)ˣ⁻²/(1-3²(ˣ⁻¹))) is
(C) If f(θ) = [[-tanθ, tanθ], [-1, 1]] and f(θ) = [[1, tanθ], [-tanθ, 1]], then the set f(θ): 0≤θ<π/2 is
(D) If f(x) = x³(3x-10), x≥0, then f(x) is increasing in
Column II
(p) (-∞, -1)∪(1, ∞)
(q) (-∞, 0)∪(0, ∞)
(r) [2,∞)
(s) (-∞, -1]∪[1, ∞)
(t) (-∞, 0]∪[2, ∞)"
2012_1_Q01,"1. A thin uniform rod, pivoted at O, is rotating in the horizontal plane with constant angular speed ω, as shown in the figure. At time t = 0, a small insect starts from O and moves with constant speed v with respect to the rod towards the other end. It reaches the end of the rod at t = T and stops. The angular speed of the system remains ω throughout. The magnitude of the torque (τ) on the system about O, as a function of time is best represented by which plot ? (A) (B) (C) (D)"
2012_1_Q02,2. Three very large plates of same area are kept parallel and close to each other. They are considered as ideal black surfaces and have very high thermal conductivity. The first and third plates are maintained at temperatures 2T and 3T respectively. The temperature of the middle (i.e. second) plate under steady state condition is (A) (65/2)^(1/4) T (B) (97/4)^(1/4) T (C) (97/2)^(1/4) T (D) (97)^(1/4) T
2012_1_Q03,"3. Consider a thin spherical shell of radius R with its centre at the origin, carrying uniform positive surface charge density. The variation of the magnitude of the electric field |E(r)| and the electric potential V(r) with the distance r from the centre, is best represented by which graph? (A) (B) (C) (D)"
2012_1_Q04,"4. In the determination of Young's modulus Y = (4MLg)/(πld²) by using Searle's method, a wire of length L = 2 m and diameter d = 0.5 mm is used. For a load M=2.5 kg, an extension l=0.25 mm in the length of the wire is observed. Quantities d and l are measured using a screw gauge and a micrometer, respectively. They have the same pitch of 0.5 mm. The number of divisions on their circular scale is 100. The contributions to the maximum probable error of the Y measurement (A) due to the errors in the measurements of d and l are the same. (B) due to the error in the measurement of d is twice that due to the error in the measurement of l. (C) due to the error in the measurement of l is twice that due to the error in the measurement of d. (D) due to the error in the measurement of d is four times that due to the error in the measurement of l."
2012_1_Q05,"5. A small block is connected to one end of a massless spring of un-stretched length 4.9 m. The other end of the spring (see the figure) is fixed. The system lies on a horizontal frictionless surface. The block is stretched by 0.2 m and released from rest at t = 0. It then executes simple harmonic motion with angular frequency ω = π/3 rad/s. Simultaneously at t = 0, a small pebble is projected with speed v from point P at an angle of 45° as shown in the figure. Point P is at a horizontal distance of 10 m from O. If the pebble hits the block at t = 1 s, the value of v is (take g = 10 m/s²) (A) √50 m/s (B) √51 m/s (C) √52 m/s (D) √53 m/s"
2012_1_Q06,"6. Young's double slit experiment is carried out by using green, red and blue light, one color at a time. The fringe widths recorded are βG, βR and βB, respectively. Then, (A) βG > βB > βR (B) βB > βG > βR (C) βR > βB > βG (D) βR > βG > βB"
2012_1_Q07,"7. A small mass m is attached to a massless string whose other end is fixed at P as shown in the figure. The mass is undergoing circular motion in the x-y plane with centre at O and constant angular speed ω. If the angular momentum of the system, calculated about O and P are denoted by L₀ and Lₚ, respectively, then (A) L₀ and Lₚ do not vary with time. (B) L₀ varies with time while Lₚ remains constant. (C) L₀ remains constant while Lₚ varies with time. (D) L₀ and Lₚ both vary with time."
2012_1_Q08,8. A mixture of 2 moles of helium gas (atomic mass = 4 amu) and 1 mole of argon gas (atomic mass = 40 amu) is kept at 300 K in a container. The ratio of the rms speeds v_rms (helium) / v_rms (argon) is (A) 0.32 (B) 0.45 (C) 2.24 (D) 3.16
2012_1_Q09,9. Two large vertical and parallel metal plates having a separation of 1 cm are connected to a DC voltage source of potential difference X. A proton is released at rest midway between the two plates. It is found to move at 45° to the vertical JUST after release. Then X is nearly (A) 1 × 10⁻⁵ V (B) 1 × 10⁻⁷ V (C) 1 × 10⁻⁹ V (D) 1 × 10⁻¹⁰ V
2012_1_Q10,"10. A bi-convex lens is formed with two thin plano-convex lenses as shown in the figure. Refractive index n of the first lens is 1.5 and that of the second lens is 1.2. Both the curved surfaces are of the same radius of curvature R = 14 cm. For this bi-convex lens, for an object distance of 40 cm, the image distance will be (A) - 280.0 cm. (B) 40.0 cm. (C) 21.5 cm. (D) 13.3 cm."
2012_1_Q11,"11. A cubical region of side a has its centre at the origin. It encloses three fixed point charges, -q at (0, -a/4,0), +3q at (0,0,0) and -q at (0,+a/4,0). Choose the correct option(s). (A) The net electric flux crossing the plane x = +a/2 is equal to the net electric flux crossing the plane x = -a/2. (B) The net electric flux crossing the plane y = +a/2 is more than the net electric flux crossing the plane y = -a/2. (C) The net electric flux crossing the entire region is q/ε₀. (D) The net electric flux crossing the plane z = +a/2 is equal to the net electric flux crossing the plane x = +a/2."
2012_1_Q12,"12. For the resistance network shown in the figure, choose the correct option(s). (A) The current through PQ is zero. (B) I₁ = 3 A. (C) The potential at S is less than that at Q. (D) I₂ = 2 A."
2012_1_Q13,13. A small block of mass of 0.1 kg lies on a fixed inclined plane PQ which makes an angle θ with the horizontal. A horizontal force of 1 N acts on the block through its center of mass as shown in the figure. The block remains stationary if (take g = 10 m/s²) (A) θ = 45° (B) θ > 45° and a frictional force acts on the block towards P. (C) θ > 45° and a frictional force acts on the block towards Q. (D) θ < 45° and a frictional force acts on the block towards Q.
2012_1_Q14,"14. Consider the motion of a positive point charge in a region where there are simultaneous uniform electric and magnetic fields E = E₀ĵ and B = B₀ĵ. At time t = 0, this charge has velocity ṽ in the x-y plane, making an angle θ with the x-axis. Which of the following option(s) is(are) correct for time t > 0 ? (A) If θ = 0°, the charge moves in a circular path in the x-z plane. (B) If θ = 0°, the charge undergoes helical motion with constant pitch along the y-axis. (C) If θ = 10°, the charge undergoes helical motion with its pitch increasing with time, along the y-axis. (D) If θ = 90°, the charge undergoes linear but accelerated motion along the y-axis."
2012_1_Q15,"15. A person blows into open-end of a long pipe. As a result, a high-pressure pulse of air travels down the pipe. When this pulse reaches the other end of the pipe, (A) a high-pressure pulse starts traveling up the pipe, if the other end of the pipe is open. (B) a low-pressure pulse starts traveling up the pipe, if the other end of the pipe is open. (C) a low-pressure pulse starts traveling up the pipe, if the other end of the pipe is closed. (D) a high-pressure pulse starts traveling up the pipe, if the other end of the pipe is closed."
2012_1_Q16,"16. An infinitely long solid cylinder of radius R has a uniform volume charge density ρ. It has a spherical cavity of radius R/2 with its centre on the axis of the cylinder, as shown in the figure. The magnitude of the electric field at the point P, which is at a distance 2R from the axis of the cylinder, is given by the expression 23ρR / (16kε₀). The value of k is"
2012_1_Q17,"17. A cylindrical cavity of diameter a exists inside a cylinder of diameter 2a as shown in the figure. Both the cylinder and the cavity are infinitely long. A uniform current density J flows along the length. If the magnitude of the magnetic field at the point P is given by (N/12)μ₀aJ, then the value of N is"
2012_1_Q18,"18. A lamina is made by removing a small disc of diameter 2R from a bigger disc of uniform mass density and radius 2R, as shown in the figure. The moment of inertia of this lamina about axes passing through O and P is I₀ and Iₚ, respectively. Both these axes are perpendicular to the plane of the lamina. The ratio Iₚ/I₀ to the nearest integer is"
2012_1_Q19,"19. A circular wire loop of radius R is placed in the x-y plane centered at the origin O. A square loop of side a (a << R) having two turns is placed with its center at z = √3 R along the axis of the circular wire loop, as shown in figure. The plane of the square loop makes an angle of 45° with respect to the z-axis. If the mutual inductance between the loops is given by μ₀a² / (2p√2 R), then the value of p is"
2012_1_Q20,"20. A proton is fired from very far away towards a nucleus with charge Q = 120 e, where e is the electronic charge. It makes a closest approach of 10 fm to the nucleus. The de Broglie wavelength (in units of fm) of the proton at its start is: (take the proton mass, mₚ = (5/3) × 10⁻²⁷ kg; h/e = 4.2 × 10⁻¹⁵ J.s/C; 1/(4πε₀) = 9 × 10⁹ m/F; 1 fm = 10⁻¹⁵ m)"
2012_1_Q21,"21. In allene (C₃H₄), the type(s) of hybridisation of the carbon atoms is (are) (A) sp and sp³ (B) sp and sp² (C) only sp² (D) sp² and sp³"
2012_1_Q22,"22. For one mole of a van der Waals gas when b = 0 and T = 300 K, the PV vs. 1/V plot is shown below. The value of the van der Waals constant a (atm.liter² mol⁻²) is (A) 1.0 (B) 4.5 (C) 1.5 (D) 3.0"
2012_1_Q23,23. The number of optically active products obtained from the complete ozonolysis of the given compound is CH₃-CH=CH-C(CH₃)-CH=CH-C(CH₃)-CH=CH-CH₃ (A) 0 (B) 1 (C) 2 (D) 4
2012_1_Q24,"24. A compound MₚX_q has cubic close packing (ccp) arrangement of X. Its unit cell structure is shown below. The empirical formula of the compound is M = □, X = ○ (A) MX (B) MX₂ (C) M₂X (D) M₅X₁₄"
2012_1_Q25,25. The number of aldol reaction(s) that occurs in the given transformation is CH₃CHO + 4HCHO --(conc. aq. NaOH)--> OH-CH₂-CH(OH)-CH₂-CH(OH) (A) 1 (B) 2 (C) 3 (D) 4
2012_1_Q26,26. The colour of light absorbed by an aqueous solution of CuSO₄ is (A) orange-red (B) blue-green (C) yellow (D) violet
2012_1_Q27,27. The carboxyl functional group (-COOH) is present in (A) picric acid (B) barbituric acid (C) ascorbic acid (D) aspirin
2012_1_Q28,28. The kinetic energy of an electron in the second Bohr orbit of a hydrogen atom is [a₀ is Bohr radius] (A) h²/(4π²ma₀²) (B) h²/(16π²ma₀²) (C) h²/(32π²ma₀²) (D) h²/(64π²ma₀²)
2012_1_Q29,"29. Which ordering of compounds is according to the decreasing order of the oxidation state of nitrogen? (A) HNO₃, NO, NH₄Cl, N₂ (B) HNO₃, NO, N₂, NH₄Cl (C) HNO₃, NH₄Cl, NO, N₂ (D) NO, HNO₃, NH₄Cl, N₂"
2012_1_Q30,"30. As per IUPAC nomenclature, the name of the complex [Co(H₂O)₄(NH₃)₂]Cl₃ is (A) Tetraaquadiaminecobalt (III) chloride (B) Tetraaquadiamminecobalt (III) chloride (C) Diaminetetraaquacobalt (III) chloride (D) Diamminetetraaquacobalt (III) chloride"
2012_1_Q31,"31. Identify the binary mixture(s) that can be separated into individual compounds, by differential extraction, as shown in the given scheme. (A) C₆H₅OH and C₆H₅COOH (B) C₆H₅COOH and C₆H₅CH₂OH (C) C₆H₅CH₂OH and C₆H₅OH (D) C₆H₅CH₂OH and C₆H₅CH₂COOH"
2012_1_Q32,32. Choose the correct reason(s) for the stability of the lyophobic colloidal particles. (A) Preferential adsorption of ions on their surface from the solution (B) Preferential adsorption of solvent on their surface from the solution (C) Attraction between different particles having opposite charges on their surface (D) Potential difference between the fixed layer and the diffused layer of opposite charges around the colloidal particles
2012_1_Q33,"33. Which of the following molecules, in pure form, is (are) unstable at room temperature? (A) (B) (C) (D)"
2012_1_Q34,34. Which of the following hydrogen halides react(s) with AgNO₃(aq) to give a precipitate that dissolves in Na₂S₂O₃(aq)? (A) HCl (B) HF (C) HBr (D) HI
2012_1_Q35,"35. For an ideal gas, consider only P-V work in going from an initial state X to the final state Z. The final state Z can be reached by either of the two paths shown in the figure. Which of the following choice(s) is (are) correct? [take ΔS as change in entropy and w as work done] (A) ΔSₓz = ΔSₓy + ΔSyz (B) Wₓz = Wₓy + Wyz (C) Wₓyz = Wₓy (D) ΔSₓyz = ΔSₓy"
2012_1_Q36,"36. The substituents R₁ and R₂ for nine peptides are listed in the table given below. How many of these peptides are positively charged at pH = 7.0 ? Structure: H₂N-CH(R₁)-CO-NH-CH(R₂)-CO-NH-CH-CO-NH-CH-COO⁻. Table: Peptide I: R₁=H, R₂=H; Peptide II: R₁=H, R₂=CH₃; Peptide III: R₁=CH₂COOH, R₂=H; Peptide IV: R₁=CH₂CONH₂, R₂=(CH₂)₂NH₂; Peptide V: R₁=CH₂CONH₂, R₂=CH₂CONH₂; Peptide VI: R₁=(CH₂)₄NH₂, R₂=(CH₂)₂NH₂; Peptide VII: R₁=CH₂COOH, R₂=CH₂CONH₂; Peptide VIII: R₁=CH₂OH, R₂=(CH₂)₂NH₂; Peptide IX: R₁=(CH₂)₃NH₂, R₂=CH₃."
2012_1_Q37,"37. The periodic table consists of 18 groups. An isotope of copper, on bombardment with protons, undergoes a nuclear reaction yielding element X as shown below. To which group, element X belongs in the periodic table ? ⁶³₂₉Cu + ¹₁H → ⁶⁰n + α + ²₁H + X"
2012_1_Q38,"38. When the following aldohexose exists in its D-configuration, the total number of stereoisomers in its pyranose form is CHO-CH₂-CHOH-CHOH-CHOH-CH₂OH"
2012_1_Q39,39. 29.2% (w/w) HCl stock solution has a density of 1.25 g mL⁻¹. The molecular weight of HCl is 36.5 g mol⁻¹. The volume (mL) of stock solution required to prepare a 200 mL solution of 0.4 M HCl is
2012_1_Q40,40. An organic compound undergoes first-order decomposition. The time taken for its decomposition to 1/8 and 1/10 of its initial concentration are t₁/₈ and t₁/₁₀ respectively. What is the value of [t₁/₈]/[t₁/₁₀] × 10? (take log₁₀2 = 0.3)
2012_1_Q41,41. The total number of ways in which 5 balls of different colours can be distributed among 3 persons so that each person gets at least one ball is (A) 75 (B) 150 (C) 210 (D) 243
2012_1_Q42,"42. Let f(x) = { x²cos(π/x) , x ≠ 0 ; 0 , x = 0 }, x ∈ ℝ, then f is (A) differentiable both at x = 0 and at x = 2 (B) differentiable at x = 0 but not differentiable at x = 2 (C) not differentiable at x = 0 but differentiable at x = 2 (D) differentiable neither at x = 0 nor at x = 2"
2012_1_Q43,"43. The function f: [0, 3] → [1, 29], defined by f(x) = 2x³ – 15x² + 36x + 1, is (A) one-one and onto. (B) onto but not one-one. (C) one-one but not onto. (D) neither one-one nor onto."
2012_1_Q44,"44. If lim(x→∞) [ (x²+x+1)/(x+1) - ax - b ] = 4, then (A) a = 1, b = 4 (B) a = 1, b = – 4 (C) a = 2, b = – 3 (D) a = 2, b = 3"
2012_1_Q45,45. Let z be a complex number such that the imaginary part of z is nonzero and a = z² + z + 1 is real. Then a cannot take the value (A) - 1 (B) 1/3 (C) 1/2 (D) 3/4
2012_1_Q46,"46. The ellipse E₁ : x²/9 + y²/4 = 1 is inscribed in a rectangle R whose sides are parallel to the coordinate axes. Another ellipse E₂ passing through the point (0, 4) circumscribes the rectangle R. The eccentricity of the ellipse E₂ is (A) √2/2 (B) √3/2 (C) 1/2 (D) 3/4"
2012_1_Q47,"47. Let P = [aᵢⱼ] be a 3x3 matrix and let Q = [bᵢⱼ], where bᵢⱼ = 2^(i+j)aᵢⱼ for 1 ≤ i, j ≤ 3. If the determinant of P is 2, then the determinant of the matrix Q is (A) 2¹⁰ (B) 2¹¹ (C) 2¹² (D) 2¹³"
2012_1_Q48,48. The integral ∫ sec²x / (sec x + tan x)^(3/2) dx equals (for some arbitrary constant K) (A) - [1/(sec x + tan x)^(1/2)] * [1/11 - (1/7)(sec x + tan x)²] + K (B) [1/(sec x + tan x)^(1/2)] * [1/11 - (1/7)(sec x + tan x)²] + K (C) - [1/(sec x + tan x)^(1/2)] * [1/11 + (1/7)(sec x + tan x)²] + K (D) [1/(sec x + tan x)^(1/2)] * [1/11 + (1/7)(sec x + tan x)²] + K
2012_1_Q49,"49. The point P is the intersection of the straight line joining the points Q(2,3,5) and R(1, -1, 4) with the plane 5x – 4y - z = 1. If S is the foot of the perpendicular drawn from the point T(2, 1, 4) to QR, then the length of the line segment PS is (A) 1/√2 (B) √2 (C) 2 (D) 2√2"
2012_1_Q50,50. The locus of the mid-point of the chord of contact of tangents drawn from points lying on the straight line 4x – 5y = 20 to the circle x² + y² = 9 is (A) 20(x² + y²) – 36x + 45y = 0 (B) 20(x² + y²) + 36x – 45y = 0 (C) 36(x² + y²) – 20x + 45y = 0 (D) 36(x² + y²) + 20x – 45y = 0
2012_1_Q51,"51. Let θ, φ ∈ [0, 2π] be such that 2 cos θ (1-sin φ) = sin²θ (tan(θ/2) + cot(θ/2)) cos φ - 1, tan (2π – θ) > 0 and -1 < sin θ < -√3/2. Then φ cannot satisfy (A) 0 < φ < π/2 (B) π/2 < φ < 4π/3 (C) 4π/3 < φ < 3π/2 (D) 3π/2 < φ < 2π"
2012_1_Q52,"52. Let S be the area of the region enclosed by y = e⁻ˣ², y = 0, x = 0, and x = 1. Then (A) S ≥ 1/e (B) S ≥ 1 - 1/e (C) S ≤ (1/4)(1 + 1/√e) (D) S ≤ 1/√2 + (1 - 1/√2)"
2012_1_Q53,"53. A ship is fitted with three engines E₁, E₂ and E₃. The engines function independently of each other with respective probabilities 1/2, 1/4 and 1/4. For the ship to be operational at least two of its engines must function. Let X denote the event that the ship is operational and let X₁, X₂ and X₃ denote respectively the events that the engines E₁, E₂ and E₃ are functioning. Which of the following is (are) true? (A) P[Xᶜ|X₁] = 3/16 (B) P [Exactly two engines of the ship are functioning | X] = 7/8 (C) P[X|X₂] = 5/16 (D) P[X|X₁] = 7/16"
2012_1_Q54,"54. Tangents are drawn to the hyperbola x²/9 - y²/4 = 1, parallel to the straight line 2x - y = 1. The points of contact of the tangents on the hyperbola are (A) (9/√2, 1/√2) (B) (-9/√2, -1/√2) (C) (3√3, -2√2) (D) (-3√3, 2√2)"
2012_1_Q55,"55. If y(x) satisfies the differential equation y' - y tan x = 2x sec x and y(0) = 0, then (A) y(π/4) = π²/(8√2) (B) y(π/4) = π²/18 (C) y(π/3) = π²/9 (D) y(π/3) = 4π/3 + 2π²/(3√3)"
2012_1_Q56,56. Let f: ℝ → ℝ be defined as f(x) = |x| + |x² -1|. The total number of points at which f attains either a local maximum or a local minimum is
2012_1_Q57,57. The value of 6 + log₃ [ (1/(3√2)) * ( (4 - 1/(3√2))^(1/2) - (1/(3√2)) * (4 - 1/(3√2))^(1/2) ) ] is
2012_1_Q58,"58. Let p(x) be a real polynomial of least degree which has a local maximum at x = 1 and a local minimum at x = 3. If p(1) = 6 and p(3) = 2, then p'(0) is"
2012_1_Q59,"59. If ā, ¯b and ¯c are unit vectors satisfying |ā - ¯b|² + |¯b - ¯c|² + |¯c - ā|² = 9, then |2ā + 5¯b + 5¯c| is"
2012_1_Q60,60. Let S be the focus of the parabola y² = 8x and let PQ be the common chord of the circle x² + y² - 2x – 4y = 0 and the given parabola. The area of the triangle PQS is
2012_2_Q01,"1. A loop carrying current I lies in the x-y plane as shown in the figure. The unit vector k is coming out of the plane of the paper. The magnetic moment of the current loop is
(A) a²Ik
(B) (π/2+1)a²Ik
(C) -(π/2+1)a²Ik
(D) (2π+1)a²Ik"
2012_2_Q02,"2. An infinitely long hollow conducting cylinder with inner radius R/2 and outer radius R carries a uniform current density along its length. The magnitude of the magnetic field, | B | as a function of the radial distance r from the axis is best represented by
(A) |B| r R/2 R
(B) |B| R/2 R
(C) |B| r R/2 R
(D) | B| r R/2 R"
2012_2_Q03,"3. A thin uniform cylindrical shell, closed at both ends, is partially filled with water. It is floating vertically in water in half-submerged state. If Pc is the relative density of the material of the shell with respect to water, then the correct statement is that the shell is
(A) more than half-filled if Pc is less than 0.5.
(B) more than half-filled if Pe is more than 1.0.
(C) half-filled if Pc is more than 0.5.
(D) less than half-filled if Pc is less than 0.5."
2012_2_Q04,"4. In the given circuit, a charge of +80 µC is given to the upper plate of the 4 µF capacitor. Then in the steady state, the charge on the upper plate of the 3 µF capacitor is
(A) +32 µC
(B) +40 µC
(C) +48 µC
(D) +80 µC"
2012_2_Q05,"5. Two moles of ideal helium gas are in a rubber balloon at 30°C. The balloon is fully expandable and can be assumed to require no energy in its expansion. The temperature of the gas in the balloon is slowly changed to 35°C. The amount of heat required in raising the temperature is nearly (take R = 8.31 J/mol.K)
(A) 62 J
(B) 104 J
(C) 124 J
(D) 208 J"
2012_2_Q06,"6. Consider a disc rotating in the horizontal plane with a constant angular speed ω about its centre O. The disc has a shaded region on one side of the diameter and an unshaded region on the other side as shown in the figure. When the disc is in the orientation as shown, two pebbles P and Q are simultaneously projected at an angle towards R. The velocity of projection is in the y-z plane and is same for both pebbles with respect to the disc. Assume that (i) they land back on the disc before the disc has completed ½ rotation, (ii) their range is less than half the disc radius, and (iii) ω remains constant throughout. Then
(A) P lands in the shaded region and Q in the unshaded region.
(B) P lands in the unshaded region and Q in the shaded region.
(C) Both P and Q land in the unshaded region.
(D) Both P and Q land in the shaded region."
2012_2_Q07,"7. A student is performing the experiment of Resonance Column. The diameter of the column tube is 4 cm. The frequency of the tuning fork is 512 Hz. The air temperature is 38°C in which the speed of sound is 336 m/s. The zero of the meter scale coincides with the top end of the Resonance Column tube. When the first resonance occurs, the reading of the water level in the column is
(A) 14.0 cm
(B) 15.2 cm
(C) 16.4 cm
(D) 17.6 cm"
2012_2_Q08,"8. Two identical discs of same radius R are rotating about their axes in opposite directions with the same constant angular speed ω. The discs are in the same horizontal plane. At time t = 0, the points P and Q are facing each other as shown in the figure. The relative speed between the two points P and Q is v_r. In one time period (T) of rotation of the discs, v_r as a function of time is best represented by
(A) Vr t 0 T
(B) V t 0 T
(C) Vr t 0 T
(D) Vr t 0 T"
2012_2_Q09,"9. For light incident from air on a meta-material, the appropriate ray diagram is
(A) θ Air Meta-material θ
(B) θι Air Meta-material 02
(C) θι Air Meta-material θ
(D) θι Air Meta-material 02"
2012_2_Q10,"10. Choose the correct statement.
(A) The speed of light in the meta-material is v = c|n|
(B) The speed of light in the meta-material is v = c/|n|
(C) The speed of light in the meta-material is v = c.
(D) The wavelength of the light in the meta-material (λ_m) is given by λ_m = λ_air|n|, where λ_air is the wavelength of the light in air."
2012_2_Q11,"11. What is the maximum energy of the anti-neutrino?
(A) Zero.
(B) Much less than 0.8 × 10⁶ eV.
(C) Nearly 0.8 × 10⁶ eV.
(D) Much larger than 0.8 × 10⁶ eV."
2012_2_Q12,"12. If the anti-neutrino had a mass of 3 eV/c² (where c is the speed of light) instead of zero mass, what should be the range of the kinetic energy, K, of the electron?
(A) 0 ≤ K≤ 0.8 × 10⁶ eV
(B) 3.0 eV ≤ K ≤ 0.8 × 10⁶ eV
(C) 3.0 eV ≤ K < 0.8 × 10⁶ eV
(D) 0 ≤ K < 0.8 × 10⁶ eV"
2012_2_Q13,"13. Which of the following statements about the instantaneous axis (passing through the centre of mass) is correct?
(A) It is vertical for both the cases (a) and (b).
(B) It is vertical for case (a); and is at 45° to the x-z plane and lies in the plane of the disc for case (b).
(C) It is horizontal for case (a); and is at 45° to the x-z plane and is normal to the plane of the disc for case (b).
(D) It is vertical for case (a); and is at 45° to the x-z plane and is normal to the plane of the disc for case (b)."
2012_2_Q14,"14. Which of the following statements regarding the angular speed about the instantaneous axis (passing through the centre of mass) is correct?
(A) It is √2ω for both the cases.
(B) It is ω for case (a); and ω/√2 for case (b).
(C) It is ω for case (a); and √2ω for case (b).
(D) It is ω for both the cases."
2012_2_Q15,"15. In the given circuit, the AC source has ω = 100 rad/s. Considering the inductor and capacitor to be ideal, the correct choice(s) is(are)
(A) The current through the circuit, I is 0.3 A.
(B) The current through the circuit, I is 0.3√2 A.
(C) The voltage across 100Ω resistor = 10 √2 V.
(D) The voltage across 50Ω resistor = 10 V."
2012_2_Q16,"16. A current carrying infinitely long wire is kept along the diameter of a circular wire loop, without touching it. The correct statement(s) is(are)
(A) The emf induced in the loop is zero if the current is constant.
(B) The emf induced in the loop is finite if the current is constant.
(C) The emf induced in the loop is zero if the current decreases at a steady rate.
(D) The emf induced in the loop is finite if the current decreases at a steady rate."
2012_2_Q17,"17. Six point charges are kept at the vertices of a regular hexagon of side L and centre O, as shown in the figure. Given that K = 1/(4πε₀) q/L², which of the following statement(s) is(are) correct?
(A) The electric field at O is 6K along OD.
(B) The potential at O is zero.
(C) The potential at all points on the line PR is same.
(D) The potential at all points on the line ST is same."
2012_2_Q18,"18. Two solid cylinders P and Q of same mass and same radius start rolling down a fixed inclined plane from the same height at the same time. Cylinder P has most of its mass concentrated near its surface, while Q has most of its mass concentrated near the axis. Which statement(s) is(are) correct?
(A) Both cylinders P and Q reach the ground at the same time.
(B) Cylinder P has larger linear acceleration than cylinder Q.
(C) Both cylinders reach the ground with same translational kinetic energy.
(D) Cylinder Q reaches the ground with larger angular speed."
2012_2_Q19,"19. Two spherical planets P and Q have the same uniform density ρ, masses M_P and M_Q, and surface areas A and 4A, respectively. A spherical planet R also has uniform density ρ and its mass is (M_P + M_Q). The escape velocities from the planets P, Q and R, are V_P, V_Q and V_R, respectively. Then
(A) VQ > VR > VP
(B) VR> VQ > Vp
(C) VR/Vp = 3
(D) Vp/Ve= ½"
2012_2_Q20,"20. The figure shows a system consisting of (i) a ring of outer radius 3R rolling clockwise without slipping on a horizontal surface with angular speed ω and (ii) an inner disc of radius 2R rotating anti-clockwise with angular speed ω/2. The ring and disc are separated by frictionless ball bearings. The system is in the x-z plane. The point P on the inner disc is at a distance R from the origin, where OP makes an angle of 30° with the horizontal. Then with respect to the horizontal surface,
(A) the point O has a linear velocity 3Rωi.
(B) the point P has a linear velocity (11/4) Rωi + (√3/4) Rωk.
(C) the point P has a linear velocity (13/4) Rωi - (√3/4) Rωk.
(D) the point P has a linear velocity (3-√3/4) Rωi + (1/4) Rωk."
2012_2_Q21,"21. NiCl₂(P(C₂H₅)₂(C₆H₅))₂ exhibits temperature dependent magnetic behaviour (paramagnetic / diamagnetic). The coordination geometries of Ni²⁺ in the paramagnetic and diamagnetic states are respectively
(A) tetrahedral and tetrahedral
(B) square planar and square planar
(C) tetrahedral and square planar
(D) square planar and tetrahedral"
2012_2_Q22,"22. In the cyanide extraction process of silver from argentite ore, the oxidizing and reducing agents used are
(A) O₂ and CO respectively.
(B) O₂ and Zn dust respectively.
(C) HNO₃ and Zn dust respectively.
(D) HNO₃ and CO respectively."
2012_2_Q23,"23. The reaction of white phosphorus with aqueous NaOH gives phosphine along with another phosphorus containing compound. The reaction type; the oxidation states of phosphorus in phosphine and the other product are respectively
(A) redox reaction; - 3 and -5
(B) redox reaction; + 3 and + 5
(C) disproportionation reaction; – 3 and + 5
(D) disproportionation reaction; - 3 and + 3"
2012_2_Q24,"24. The shape of XeO₂F₂ molecule is
(A) trigonal bipyramidal
(B) square planar
(C) tetrahedral
(D) see-saw"
2012_2_Q25,"25. For a dilute solution containing 2.5 g of a non-volatile non-electrolyte solute in 100 g of water, the elevation in boiling point at 1 atm pressure is 2°C. Assuming concentration of solute is much lower than the concentration of solvent, the vapour pressure (mm of Hg) of the solution is (take K_b = 0.76 K kg mol⁻¹)
(A) 724
(B) 740
(C) 736
(D) 718"
2012_2_Q26,"26. The compound that undergoes decarboxylation most readily under mild condition is
(A) COOH CH2COOH
(B) COOH COOH
(C) COOH CH3
(D) CH2COOH CH3"
2012_2_Q27,"27. Using the data provided, calculate the multiple bond energy (kJ mol⁻¹) of a C=C bond in C₂H₂. That energy is (take the bond energy of a C-H bond as 350 kJ mol⁻¹.)
2C (s) + H₂(g) → C₂H₂(g) ΔH = 225 kJ mol⁻¹
2C(s) → 2C(g) ΔH = 1410 kJ mol⁻¹
H₂(g) → 2H(g) ΔH = 330 kJ mol⁻¹
(A) 1165
(B) 837
(C) 865
(D) 815"
2012_2_Q28,"28. The major product H of the given reaction sequence is
CH₃-CH₂-CO – CH₃ ΘCN G 95% H₂SO₄ Heat H
(A) CH₃-CH=C-COOH CH₃
(B) CH₃-CH=C-CN CH₃
(C) CH₃-CH-C - COOH CH₃
(D) CH₃-CH=C-CO-NH₂ CH₃"
2012_2_Q29,"29. Bleaching powder contains a salt of an oxoacid as one of its components. The anhydride of that oxoacid is
(A) Cl₂O
(B) Cl₂O₇
(C) ClO₂
(D) Cl₂O₆"
2012_2_Q30,"30. 25 mL of household bleach solution was mixed with 30 mL of 0.50 M KI and 10 mL of 4 N acetic acid. In the titration of the liberated iodine, 48 mL of 0.25 N Na₂S₂O₃ was used to reach the end point. The molarity of the household bleach solution is
(A) 0.48 M
(B) 0.96 M
(C) 0.24 M
(D) 0.024 M"
2012_2_Q31,"31. The solubility product (K_sp, mol³ dm⁻⁹) of MX₂ at 298 K based on the information available for the given concentration cell is (take 2.303 × R × 298/F = 0.059 V)
(A) 1×10⁻¹⁵
(B) 4×10⁻¹⁵
(C) 1×10⁻¹²
(D) 4×10⁻¹²"
2012_2_Q32,"32. The value of ΔG (kJ mol⁻¹) for the given cell is (take 1F = 96500 C mol⁻¹)
(A) -5.7
(B) 5.7
(C) 11.4
(D) -11.4"
2012_2_Q33,"33. The compound I is
(A) H
(B) OH
(C) CH3
(D) H H H H"
2012_2_Q34,"34. The compound K is
(A)
(B)
(C)
(D)"
2012_2_Q35,"35. The reversible expansion of an ideal gas under adiabatic and isothermal conditions is shown in the figure. Which of the following statement(s) is (are) correct?
(A) T₁ = T₂
(B) T₃ > T₁
(C) w_isothermal > w_adiabatic
(D) ΔU_isothermal > ΔU_adiabatic"
2012_2_Q36,"36. The given graphs / data I, II, III and IV represent general trends observed for different physisorption and chemisorption processes under mild conditions of temperature and pressure. Which of the following choice(s) about I, II, III and IV is (are) correct?
(A) I is physisorption and II is chemisorption
(B) I is physisorption and III is chemisorption
(C) IV is chemisorption and II is chemisorption
(D) IV is chemisorption and III is chemisorption"
2012_2_Q37,"37. For the given aqueous reactions, which of the statement(s) is (are) true?
excess KI + K₃[Fe(CN)₆] dilute H₂SO₄ → brownish-yellow solution
ZnSO₄ → white precipitate + brownish-yellow filtrate
Na₂S₂O₃ → colourless solution
(A) The first reaction is a redox reaction.
(B) White precipitate is Zn₃[Fe(CN)₆]₂.
(C) Addition of filtrate to starch solution gives blue colour.
(D) White precipitate is soluble in NaOH solution."
2012_2_Q38,"38. With respect to graphite and diamond, which of the statement(s) given below is (are) correct?
(A) Graphite is harder than diamond.
(B) Graphite has higher electrical conductivity than diamond.
(C) Graphite has higher thermal conductivity than diamond.
(D) Graphite has higher C-C bond order than diamond."
2012_2_Q39,"39. With reference to the scheme given, which of the given statment(s) about T, U, V and W is (are) correct?
H₃C T LiAlH₄ V CrO₃/H⁺ excess U (CH₃CO)₂O W
(A) T is soluble in hot aqueous NaOH
(B) U is optically active
(C) Molecular formula of W is C₁₀H₁₈O₄
(D) V gives effervescence on treatment with aqueous NaHCO₃"
2012_2_Q40,"40. Which of the given statement(s) about N, O, P and Q with respect to M is (are) correct?
(A) M and N are non-mirror image stereoisomers
(B) M and O are identical
(C) M and P are enantiomers
(D) M and Q are identical"
2012_2_Q41,"41. The equation of a plane passing through the line of intersection of the planes x + 2y + 3z = 2 and x – y + z = 3 and at a distance √3 from the point (3, 1, –1) is
(A) 5x – 11y + z = 17
(B) √2x + y = 3√2 – 1
(C) x + y + z = √3
(D) x – √2y = 1 – √2"
2012_2_Q42,"42. Let PQR be a triangle of area Δ with a = 2, b = 7/2 and c = 5/2, where a, b and c are the lengths of the sides of the triangle opposite to the angles at P, Q and R respectively. Then (2 sin P – sin 2P) / (2 sin P + sin 2P) equals
(A) 3/4Δ
(B) 45/4Δ
(C) (3/4Δ)²
(D) (45/4Δ)²"
2012_2_Q43,"43. If ⃗a and ⃗b are vectors such that |⃗a + ⃗b| = √29 and ⃗a × (2⃗i + 3⃗j + 4⃗k) = (2⃗i + 3⃗j + 4⃗k) × ⃗b, then a possible value of (⃗a + ⃗b) ⋅ (−7⃗i + 2⃗j + 3⃗k) is
(A) 0
(B) 3
(C) 4
(D) 8"
2012_2_Q44,"44. If P is a 3 × 3 matrix such that Pᵀ = 2P + I, where Pᵀ is the transpose of P and I is the 3 × 3 identity matrix, then there exists a column matrix X = [x 0 y ≠ 0 z 0] such that [0 0 0]
(A) PX = [0 0 0]
(B) PX = X
(C) PX = 2X
(D) PX = - X"
2012_2_Q45,"45. Let α(a) and β(a) be the roots of the equation (√1+ a − 1)x² + (√1+ a − 1)x+(√1+a-1)=0 where a > -1. Then lim(a→0⁺) α(a) and lim(a→0⁺) β(a) are
(A) -5/2 and 1
(B) -7/2 and -1
(C) -7/2 and 2
(D) -9/2 and 3"
2012_2_Q46,"46. Four fair dice D₁, D₂, D₃ and D₄, each having six faces numbered 1, 2, 3, 4, 5 and 6, are rolled simultaneously. The probability that D₄ shows a number appearing on one of D₁, D₂, and D₃ is
(A) 91/216
(B) 108/216
(C) 125/216
(D) 127/216"
2012_2_Q47,"47. The value of the integral ∫(-π/2)^(π/2) (x² + ln((π+x)/(π-x))) cosx dx is
(A) 0
(B) -π²/4
(C) π²/2 + 4
(D) π²/2"
2012_2_Q48,"48. Let a₁, a₂, a₃, ... be in harmonic progression with a₁ = 5 and a₂₀ = 25. The least positive integer n for which a_n < 0 is
(A) 22
(B) 23
(C) 24
(D) 25"
2012_2_Q49,"49. Let a_n denote the number of all n-digit positive integers formed by the digits 0, 1 or both such that no consecutive digits in them are 0. Let b_n = the number of such n-digit integers ending with digit 1 and c_n = the number of such n-digit integers ending with digit 0. The value of b_n is
(A) 7
(B) 8
(C) 9
(D) 11"
2012_2_Q50,"50. Let a_n denote the number of all n-digit positive integers formed by the digits 0, 1 or both such that no consecutive digits in them are 0. Let b_n = the number of such n-digit integers ending with digit 1 and c_n = the number of such n-digit integers ending with digit 0. Which of the following is correct?
(A) a₁₇ = a₁₆ + a₁₅
(B) c₁₇ ≠ b₁₆ + c₁₅
(C) b₁₇ ≠ b₁₆ + c₁₆
(D) a₁₇ = c₁₇ + b₁₆"
2012_2_Q51,"51. Let f(x) = (1-x)² sin2x + x² for all x ∈ IR, and let g(x) = ∫₁ˣ ((2(t-1))/(t+1) - lnt) f(t) dt for all x ∈ (1,∞). Which of the following is true?
(A) g is increasing on (1,∞)
(B) g is decreasing on (1,∞)
(C) g is increasing on (1, 2) and decreasing on (2,∞)
(D) g is decreasing on (1, 2) and increasing on (2,∞)"
2012_2_Q52,"52. Let f(x) = (1-x)² sin2x + x² for all x ∈ IR, and let g(x) = ∫₁ˣ ((2(t-1))/(t+1) - lnt) f(t) dt for all x ∈ (1,∞). Consider the statements:
P: There exists some x ∈ IR such that f (x) + 2x = 2(1 + x²)
Q: There exists some x ∈ IR such that 2f (x) + 1= 2x(1+x)
Then
(A) both P and Q are true
(B) P is true and Q is false
(C) P is false and Q is true
(D) both P and Q are false"
2012_2_Q53,"53. A tangent PT is drawn to the circle x² + y² = 4 at the point P (√3,1). A straight line L, perpendicular to PT is a tangent to the circle (x − 3)² + y² = 1. A possible equation of L is
(A) x-√3y = 1
(B) x+√3 y = 1
(C) x-√3 y = -1
(D) x + √3 y = 5"
2012_2_Q54,"54. A tangent PT is drawn to the circle x² + y² = 4 at the point P (√3,1). A straight line L, perpendicular to PT is a tangent to the circle (x − 3)² + y² = 1. A common tangent of the two circles is
(A) x = 4
(B) y = 2
(C) x + √3 y = 4
(D) x + 2√2 y = 6"
2012_2_Q55,"55. For every integer n, let a_n and b_n be real numbers. Let function f: IR → IR be given by
f(x) = {a_n + sin πx, for x∈ [2n, 2n+1] ; b_n + cos πx, for x∈ (2n-1, 2n) , for all integers n. If f is continuous, then which of the following hold(s) for all n?
(A) a_n-1-b_n-1 = 0
(B) a_n-b_n = 1
(C) a_n-b_n+1 = 1
(D) a_n-1-b_n = -1"
2012_2_Q56,"56. If f(x) = ∫₀ˣ t² e^(t-2)(t − 3) dt for all x ∈ (0,∞), then
(A) f has a local maximum at x = 2
(B) f is decreasing on (2, 3)
(C) there exists some c∈ (0, ∞) such that f'' (c) = 0
(D) f has a local minimum at x = 3"
2012_2_Q57,"57. If the straight lines (x-1)/2 = (y+1)/k = z/2 and (x+1)/5 = (y+1)/2 = z/k are coplanar, then the plane(s) containing these two lines is(are)
(A) y + 2z = -1
(B) y + z = -1
(C) y-z=-1
(D) y-2z = -1"
2012_2_Q58,"58. Let X and Y be two events such that P(X | Y) = ½, P(Y|X) = ⅓ and P(X ∩ Y) = ⅙. Which of the following is (are) correct?
(A) P(X U Y) = ⅔
(B) X and Y are independent
(C) X and Y are not independent
(D) P(Xᶜ ∩ Y) = ⅓"
2012_2_Q59,"59. If the adjoint of a 3x3 matrix P is [[1, 4, 4], [2, 1, 7], [1, 1, 3]], then the possible value(s) of the determinant of P is (are)
(A) -2
(B) -1
(C) 1
(D) 2"
2012_2_Q60,"60. Let f: (-1, 1)→IR be such that f (cos 4θ) = 2/(2-sec²θ) for θ ∈ (0, π/4) U (π/4, π/2). Then the value(s) of f (1/3) is (are)
(A) 1-√3/2
(B) 1+√3/2
(C) 1-√2/√3
(D) 1+√2/√3"
2013_1_Q01,The diameter of a cylinder is measured using a Vernier callipers with no zero error. It is found that the zero of the Vernier scale lies between 5.10 cm and 5.15 cm of the main scale. The Vernier scale has 50 divisions equivalent to 2.45 cm. The 24th division of the Vernier scale exactly coincides with one of the main scale divisions. The diameter of the cylinder is (А) 5.112 cm (В) 5.124 cm (C) 5.136 cm (D) 5.148 cm
2013_1_Q02,"A ray of light travelling in the direction 1/2(i+√3j) is incident on a plane mirror. After reflection, it travels along the direction 1/2(i−√3j). The angle of incidence is (A) 30° (B) 45° (C) 60° (D) 75°"
2013_1_Q03,"In the Young's double slit experiment using a monochromatic light of wavelength λ, the path difference (in terms of an integer n) corresponding to any point having half the peak intensity is (A) (2n+1)λ/2 (B) (2n+1)λ/4 (C) (2n+1)λ/8 (D) (2n+1)λ/16"
2013_1_Q04,"Two non-reactive monoatomic ideal gases have their atomic masses in the ratio 2: 3. The ratio of their partial pressures, when enclosed in a vessel kept at a constant temperature, is 4: 3. The ratio of their densities is (A) 1:4 (B) 1:2 (C) 6:9 (D) 8:9"
2013_1_Q05,"Two rectangular blocks, having identical dimensions, can be arranged either in configuration I or in configuration II as shown in the figure. One of the blocks has thermal conductivity k and the other 2k. The temperature difference between the ends along the x-axis is the same in both the configurations. It takes 9 s to transport a certain amount of heat from the hot end to the cold end in the configuration I. The time to transport the same amount of heat in the configuration II is (A) 2.0 s (B) 3.0 s (C) 4.5 s (D) 6.0 s"
2013_1_Q06,A pulse of light of duration 100 ns is absorbed completely by a small object initially at rest. Power of the pulse is 30 mW and the speed of light is 3 × 10⁸ ms⁻¹. The final momentum of the object is (A) 0.3 × 10⁻¹⁷ kg ms⁻¹ (B) 1.0 × 10⁻¹⁷ kg ms⁻¹ (C) 3.0 × 10⁻¹⁷ kg ms⁻¹ (D) 9.0 × 10⁻¹⁷ kg ms⁻¹
2013_1_Q07,"A particle of mass m is projected from the ground with an initial speed u₀ at an angle α with the horizontal. At the highest point of its trajectory, it makes a completely inelastic collision with another identical particle, which was thrown vertically upward from the ground with the same initial speed u₀. The angle that the composite system makes with the horizontal immediately after the collision is (A) π/4 (B) π/4+α (C) π/2−α (D) π/2"
2013_1_Q08,"The work done on a particle of mass m by a force, K[x/(x²+y²)^3/2 i + y/(x²+y²)^3/2 j] (K being a constant of appropriate dimensions), when the particle is taken from the point (a, 0) to the point (0, a) along a circular path of radius a about the origin in the x-y plane is (A) 2Kπ/a (B) Kπ/a (C) Kπ/2a (D) 0"
2013_1_Q09,"One end of a horizontal thick copper wire of length 2L and radius 2R is welded to an end of another horizontal thin copper wire of length L and radius R. When the arrangement is stretched by applying forces at two ends, the ratio of the elongation in the thin wire to that in the thick wire is (A) 0.25 (B) 0.50 (C) 2.00 (D) 4.00"
2013_1_Q10,"The image of an object, formed by a plano-convex lens at a distance of 8 m behind the lens, is real and is one-third the size of the object. The wavelength of light inside the lens is 2/3 times the wavelength in free space. The radius of the curved surface of the lens is (A) 1 m (B) 2 m (C) 3 m (D) 6 m"
2013_1_Q11,"A horizontal stretched string, fixed at two ends, is vibrating in its fifth harmonic according to the equation, y(x, t) = (0.01 m) sin [(62.8 m⁻¹) x] cos [(628 s⁻¹)t]. Assuming π= 3.14, the correct statement(s) is (are) (A) The number of nodes is 5. (B) The length of the string is 0.25 m. (C) The maximum displacement of the midpoint of the string, from its equilibrium position is 0.01 m. (D) The fundamental frequency is 100 Hz."
2013_1_Q12,A solid sphere of radius R and density ρ is attached to one end of a mass-less spring of force constant k. The other end of the spring is connected to another solid sphere of radius R and density 3ρ. The complete arrangement is placed in a liquid of density 2ρ and is allowed to reach equilibrium. The correct statement(s) is (are) (A) the net elongation of the spring is 4πR³ρg / 3k (B) the net elongation of the spring is 8πR³ρg / 3k (C) the light sphere is partially submerged. (D) the light sphere is completely submerged.
2013_1_Q13,"A particle of mass M and positive charge Q, moving with a constant velocity ū₁ = 4i ms⁻¹, enters a region of uniform static magnetic field normal to the x-y plane. The region of the magnetic field extends from x = 0 to x = L for all values of y. After passing through this region, the particle emerges on the other side after 10 milliseconds with a velocity ū₂ = 2(√3 i + j) ms⁻¹. The correct statement(s) is (are) (A) The direction of the magnetic field is -z direction. (B) The direction of the magnetic field is +z direction. (C) The magnitude of the magnetic field is 50πM / 3Q units. (D) The magnitude of the magnetic field is 100πM / 3Q units."
2013_1_Q14,"Two non-conducting solid spheres of radii R and 2R, having uniform volume charge densities ρ₁ and ρ₂ respectively, touch each other. The net electric field at a distance 2R from the centre of the smaller sphere, along the line joining the centres of the spheres, is zero. The ratio ρ₁/ρ₂ can be (A) -4 (B) -32/25 (C) 32/25 (D) 4"
2013_1_Q15,"In the circuit shown in the figure, there are two parallel plate capacitors each of capacitance C. The switch S₁ is pressed first to fully charge the capacitor C₁ and then released. The switch S₂ is then pressed to charge the capacitor C₂. After some time, S₂ is released and then S3 is pressed. After some time, (A) the charge on the upper plate of C₁ is 2CV₀. (B) the charge on the upper plate of C₁ is CV₀. (C) the charge on the upper plate of C₂ is 0. (D) the charge on the upper plate of C₂ is – CV₀."
2013_1_Q16,"The work functions of Silver and Sodium are 4.6 and 2.3 eV, respectively. The ratio of the slope of the stopping potential versus frequency plot for Silver to that of Sodium is"
2013_1_Q17,"A freshly prepared sample of a radioisotope of half-life 1386 s has activity 10³ disintegrations per second. Given that ln 2 = 0.693, the fraction of the initial number of nuclei (expressed in nearest integer percentage) that will decay in the first 80 s after preparation of the sample is"
2013_1_Q18,"A particle of mass 0.2 kg is moving in one dimension under a force that delivers a constant power 0.5 W to the particle. If the initial speed (in ms⁻¹) of the particle is zero, the speed (in ms⁻¹) after 5 s is"
2013_1_Q19,"A uniform circular disc of mass 50 kg and radius 0.4 m is rotating with an angular velocity of 10 rad s⁻¹ about its own axis, which is vertical. Two uniform circular rings, each of mass 6.25 kg and radius 0.2 m, are gently placed symmetrically on the disc in such a manner that they are touching each other along the axis of the disc and are horizontal. Assume that the friction is large enough such that the rings are at rest relative to the disc and the system rotates about the original axis. The new angular velocity (in rad s⁻¹) of the system is"
2013_1_Q20,"A bob of mass m, suspended by a string of length l₁, is given a minimum velocity required to complete a full circle in the vertical plane. At the highest point, it collides elastically with another bob of mass m suspended by a string of length l₂, which is initially at rest. Both the strings are mass-less and inextensible. If the second bob, after collision acquires the minimum speed required to complete a full circle in the vertical plane, the ratio l₁/l₂ is"
2013_1_Q21,"The compound that does NOT liberate CO₂, on treatment with aqueous sodium bicarbonate solution, is (A) Benzoic acid (B) Benzenesulphonic acid (C) Salicylic acid (D) Carbolic acid (Phenol)"
2013_1_Q22,"Concentrated nitric acid, upon long standing, turns yellow-brown due to the formation of (A) NO (B) NO₂ (C) N₂O (D) N₂O₄"
2013_1_Q23,"Methylene blue, from its aqueous solution, is adsorbed on activated charcoal at 25 °C. For this process, the correct statement is (A) The adsorption requires activation at 25 °C. (B) The adsorption is accompanied by a decrease in enthalpy. (C) The adsorption increases with increase of temperature. (D) The adsorption is irreversible."
2013_1_Q24,"Sulfide ores are common for the metals (A) Ag, Cu and Pb (B) Ag, Cu and Sn (C) Ag, Mg and Pb (D) Al, Cu and Pb"
2013_1_Q25,"The arrangement of X⁻ ions around A⁺ ion in solid AX is given in the figure (not drawn to scale). If the radius of X⁻ is 250 pm, the radius of A⁺ is (A) 104 pm (B) 125 pm (C) 183 pm (D) 57 pm"
2013_1_Q26,"Upon treatment with ammoniacal H₂S, the metal ion that precipitates as a sulfide is (A) Fe(III) (B) Al(III) (C) Mg(II) (D) Zn(II)"
2013_1_Q27,"The standard enthalpies of formation of CO₂(g), H₂O(l) and glucose(s) at 25 °C are – 400 kJ/mol, –300 kJ/mol and –1300 kJ/mol, respectively. The standard enthalpy of combustion per gram of glucose at 25 °C is (A) +2900 kJ (B) –2900 kJ (C) –16.11 kJ (D) +16.11 kJ"
2013_1_Q28,"Consider the following complex ions, P, Q and R. P = [FeF₆]³⁻, Q = [V(H₂O)₆]²⁺ and R = [Fe(H₂O)₆]²⁺. The correct order of the complex ions, according to their spin-only magnetic moment values (in B.M.) is (A) R<Q<P (B) Q<R<P (C) R<P<Q (D) Q<P<R"
2013_1_Q29,"In the reaction, P+Q → R+S the time taken for 75% reaction of P is twice the time taken for 50% reaction of P. The concentration of Q varies with reaction time as shown in the figure. The overall order of the reaction is (A) 2 (B) 3 (C) 0 (D) 1"
2013_1_Q30,"KI in acetone, undergoes S_N2 reaction with each of P, Q, R and S. The rates of the reaction vary as (A) P>Q>R>S (B) S>P>R>Q (C) P>R>Q>S (D) R>P>S>Q"
2013_1_Q31,The pair(s) of coordination complexes/ions exhibiting the same kind of isomerism is(are) (A) [Cr(NH₃)₅Cl]Cl₂ and [Cr(NH₃)₄Cl₂]Cl (B) [Co(NH₃)₄Cl₂]⁺ and [Pt(NH₃)₂(H₂O)Cl]⁺ (C) [CoBr₂Cl₂]²⁻ and [PtBr₂Cl₂]²⁻ (D) [Pt(NH₃)₃(NO₃)]Cl and [Pt(NH₃)₃Cl]Br
2013_1_Q32,"Among P, Q, R and S, the aromatic compound(s) is/are (A) P (B) Q (C) R (D) S"
2013_1_Q33,"The hyperconjugative stabilities of tert-butyl cation and 2-butene, respectively, are due to (Α) σ→p (empty) and σ→π* electron delocalisations. (Β) σ→σ* and σ→π electron delocalisations. (C) σ→p (filled) and σ→π electron delocalisations. (D) p (filled)→σ* and σ→π* electron delocalisations."
2013_1_Q34,"Benzene and naphthalene form an ideal solution at room temperature. For this process, the true statement(s) is(are) (A) ΔG is positive (B) ΔS_system is positive (C) ΔS_surroundings = 0 (D) ΔH = 0"
2013_1_Q35,"The initial rate of hydrolysis of methyl acetate (1M) by a weak acid (HA, 1M) is 1/100th of that of a strong acid (HX, 1M), at 25 °C. The K_a of HA is (A) 1 × 10⁻⁴ (B) 1 × 10⁻⁵ (C) 1 × 10⁻⁶ (D) 1 × 10⁻³"
2013_1_Q36,The total number of carboxylic acid groups in the product P is
2013_1_Q37,"A tetrapeptide has –COOH group on alanine. This produces glycine (Gly), valine (Val), phenyl alanine (Phe) and alanine (Ala), on complete hydrolysis. For this tetrapeptide, the number of possible sequences (primary structures) with –NH₂ group attached to a chiral center is"
2013_1_Q38,EDTA⁴⁻ is ethylenediaminetetraacetate ion. The total number of N–Co–O bond angles in [Co(EDTA)]¹⁻ complex ion is
2013_1_Q39,The total number of lone-pairs of electrons in melamine is
2013_1_Q40,"The atomic masses of He and Ne are 4 and 20 a.m.u., respectively. The value of the de Broglie wavelength of He gas at –73 °C is “M” times that of the de Broglie wavelength of Ne at 727 °C. M is"
2013_1_Q41,"Let complex numbers α and 1/α lie on circles (x – x₀)² + (y – y₀)² = r² and (x – x₀)² + (y – y₀)² = 4r², respectively. If z₀ = x₀ + iy₀ satisfies the equation 2 |z₀|² = r² + 2, then |α| = (A) 1/√2 (B) 1/2 (C) 1/√7 (D) 1/3"
2013_1_Q42,"Four persons independently solve a certain problem correctly with probabilities 1/2, 3/4, 1/4, 1/8. Then the probability that the problem is solved correctly by at least one of them is (A) 235/256 (B) 21/256 (C) 3/256 (D) 253/256"
2013_1_Q43,"Let f: [1/2, 1]→ℝ (the set of all real numbers) be a positive, non-constant and differentiable function such that f'(x) < 2 f (x) and f(1) = 1. Then the value of ∫₁/₂¹ f(x) dx lies in the interval (A) (2e-1, 2e) (B) (e-1, 2e - 1) (C) ((e-1)/2, e-1) (D) (0, (e-1)/2)"
2013_1_Q44,"The number of points in (–∞, ∞), for which x² – x sin x – cos x = 0, is (A) 6 (B) 4 (C) 2 (D) 0"
2013_1_Q45,"The area enclosed by the curves y = sin x + cos x and y = |cos x – sin x| over the interval [0, π/2] is (A) 4(√2-1) (B) 2√2 (√2-1) (C) 2(√2+1) (D) 2√2 (√2+1)"
2013_1_Q46,"A curve passes through the point (1, π/6). Let the slope of the curve at each point (x, y) be y/x + sec(2y/x) , x > 0. Then the equation of the curve is (A) sin(y/x) = log x + 1/2 (B) cosec(y/x) = log x + 2 (C) sec(2y/x) = log x + 2 (D) cos(2y/x) = log x + 1/2"
2013_1_Q47,The value of cot (∑_(n=1)^23 cot⁻¹(1 + ∑_(k=1)^n 2k)) is (A) 23/25 (B) 25/23 (C) 23/24 (D) 24/23
2013_1_Q48,"For a > b > c > 0, the distance between (1, 1) and the point of intersection of the lines ax + by + c = 0 and bx + ay + c = 0 is less than 2√2. Then (A) a+b-c > 0 (B) a-b+c < 0 (C) a-b+c > 0 (D) a+b-c < 0"
2013_1_Q49,Perpendiculars are drawn from points on the line (x+2)/2 = (y+1)/(-1) = z/3 to the plane x + y + z = 3. The feet of perpendiculars lie on the line (A) (x-1)/8 = (y-1)/(-13) = (z-2)/(-7) (B) (x-1)/2 = (y-1)/3 = (z-2)/(-5) (C) (x-1)/4 = (y-1)/3 = (z-2)/(-7) (D) (x-1)/2 = (y-1)/(-7) = (z-2)/5
2013_1_Q50,"Let PR→ = 3î+ĵ-2k̂ and SQ→ = î-3ĵ-4k̂ determine diagonals of a parallelogram PQRS and PT→ = î+2ĵ+3k̂ be another vector. Then the volume of the parallelepiped determined by the vectors PT→, PQ→ and PS→ is (A) 5 (B) 20 (C) 10 (D) 30"
2013_1_Q51,Let S_n = ∑_(k=1)^(4n) (-1)^(k(k+1)/2) k². Then S_n can take value(s) (A) 1056 (B) 1088 (C) 1120 (D) 1332
2013_1_Q52,"For 3 x 3 matrices M and N, which of the following statement(s) is (are) NOT correct? (A) NᵀMN is symmetric or skew symmetric, according as M is symmetric or skew symmetric (B) MN-NM is skew symmetric for all symmetric matrices M and N (C) MN is symmetric for all symmetric matrices M and N (D) (adj M) (adj N) = adj (MN) for all invertible matrices M and N"
2013_1_Q53,"Let f(x) = x sin πx, x > 0. Then for all natural numbers n, f'(x) vanishes at (A) a unique point in the interval (n, n+1/2) (B) a unique point in the interval (n+1/2, n+1) (C) a unique point in the interval (n, n + 1) (D) two points in the interval (n, n + 1)"
2013_1_Q54,"A rectangular sheet of fixed perimeter with sides having their lengths in the ratio 8:15 is converted into an open rectangular box by folding after removing squares of equal area from all four corners. If the total area of removed squares is 100, the resulting box has maximum volume. Then the lengths of the sides of the rectangular sheet are (A) 24 (B) 32 (C) 45 (D) 60"
2013_1_Q55,"A line l passing through the origin is perpendicular to the lines l₁: (3 + t)i + (–1+ 2t)j + (4+2t)k, –∞ < t < ∞ l₂: (3 + 2s)i + (3 + 2s)j + (2 + s)k, –∞ < s < ∞ Then, the coordinate(s) of the point(s) on l₂ at a distance of √17 from the point of intersection of l and l₁ is (are) (A) (7/3, 7/3, 5/3) (B) (–1,–1,0) (C) (1, 1, 1) (D) (7/9, 7/9, 8/9)"
2013_1_Q56,The coefficients of three consecutive terms of (1+x)ⁿ⁺⁵ are in the ratio 5: 10:14. Then n =
2013_1_Q57,"A pack contains n cards numbered from 1 to n. Two consecutive numbered cards are removed from the pack and the sum of the numbers on the remaining cards is 1224. If the smaller of the numbers on the removed cards is k, then k–20 ="
2013_1_Q58,"Of the three independent events E₁, E₂ and E₃, the probability that only E₁ occurs is α, only E₂ occurs is β and only E₃ occurs is γ. Let the probability p that none of events E₁, E₂ or E₃ occurs satisfy the equations (α – 2β)p = αβ and (β – 3γ)p = 2βγ. All the given probabilities are assumed to lie in the interval (0, 1). Then Probability of occurrence of E₁ / Probability of occurrence of E₃ ="
2013_1_Q59,"A vertical line passing through the point (h, 0) intersects the ellipse x²/4 + y²/3 = 1 at the points P and Q. Let the tangents to the ellipse at P and Q meet at the point R. If Δ(h) = area of the triangle PQR, Δ₁ = max_(1/2≤h≤1) Δ(h) and Δ₂ = min_(1/2≤h≤1) Δ(h), then 8/√5 Δ₁ – 8Δ₂ ="
2013_1_Q60,"Consider the set of eight vectors V = {ai + bj + ck : a, b, c ∈ {–1, 1}}. Three non-coplanar vectors can be chosen from V in 2ᵖ ways. Then p is"
2013_2_Q01,"Using the expression 2d sin θ = λ, one calculates the values of d by measuring the corresponding angles θ in the range 0 to 90°. The wavelength λ is exactly known and the error in θ is constant for all values of θ. As θ increases from 0°, (A) the absolute error in d remains constant. (B) the absolute error in d increases. (C) the fractional error in d remains constant. (D) the fractional error in d decreases."
2013_2_Q02,"Two non-conducting spheres of radii R₁ and R₂ and carrying uniform volume charge densities +ρ and -ρ, respectively, are placed such that they partially overlap, as shown in the figure. At all points in the overlapping region, (A) the electrostatic field is zero. (B) the electrostatic potential is constant. (C) the electrostatic field is constant in magnitude. (D) the electrostatic field has same direction."
2013_2_Q03,"The figure below shows the variation of specific heat capacity (C) of a solid as a function of temperature (T). The temperature is increased continuously from 0 to 500 K at a constant rate. Ignoring any volume change, the following statement(s) is (are) correct to a reasonable approximation. (A) the rate at which heat is absorbed in the range 0-100 K varies linearly with temperature T. (B) heat absorbed in increasing the temperature from 0-100 K is less than the heat required for increasing the temperature from 400-500 K. (C) there is no change in the rate of heat absorption in the range 400-500 K. (D) the rate of heat absorption increases in the range 200-300 K."
2013_2_Q04,"The radius of the orbit of an electron in a Hydrogen-like atom is 4.5 a₀, where a₀ is the Bohr radius. Its orbital angular momentum is 3h / 2π. It is given that h is Planck constant and R is Rydberg constant. The possible wavelength(s), when the atom de-excites, is (are) (A) 9/32R (B) 9/16R (C) 9/5R (D) 4/3R"
2013_2_Q05,"Two bodies, each of mass M, are kept fixed with a separation 2L. A particle of mass m is projected from the midpoint of the line joining their centres, perpendicular to the line. The gravitational constant is G. The correct statement(s) is (are) (A) The minimum initial velocity of the mass m to escape the gravitational field of the two bodies is 4√(GM/L) (B) The minimum initial velocity of the mass m to escape the gravitational field of the two bodies is 2√(GM/L) (C) The minimum initial velocity of the mass m to escape the gravitational field of the two bodies is √(2GM/L) (D) The energy of the mass m remains constant."
2013_2_Q06,"A particle of mass m is attached to one end of a mass-less spring of force constant k, lying on a frictionless horizontal plane. The other end of the spring is fixed. The particle starts moving horizontally from its equilibrium position at time t = 0 with an initial velocity u₀. When the speed of the particle is 0.5 u₀, it collides elastically with a rigid wall. After this collision, (A) the speed of the particle when it returns to its equilibrium position is u₀. (B) the time at which the particle passes through the equilibrium position for the first time is t = π√(m/k) (C) the time at which the maximum compression of the spring occurs is t = 4π/3√(m/k) (D) the time at which the particle passes through the equilibrium position for the second time is t = 5π/3√(m/k)"
2013_2_Q07,"A steady current I flows along an infinitely long hollow cylindrical conductor of radius R. This cylinder is placed coaxially inside an infinite solenoid of radius 2R. The solenoid has n turns per unit length and carries a steady current I. Consider a point P at a distance r from the common axis. The correct statement(s) is (are) (A) In the region 0 < r < R, the magnetic field is non-zero. (B) In the region R < r < 2R, the magnetic field is along the common axis. (C) In the region R < r < 2R, the magnetic field is tangential to the circle of radius r, centered on the axis. (D) In the region r > 2R, the magnetic field is non-zero."
2013_2_Q08,"Two vehicles, each moving with speed u on the same horizontal straight road, are approaching each other. Wind blows along the road with velocity w. One of these vehicles blows a whistle of frequency f₁. An observer in the other vehicle hears the frequency of the whistle to be f₂. The speed of sound in still air is V. The correct statement(s) is (are) (A) If the wind blows from the observer to the source, f₂ > f₁. (B) If the wind blows from the source to the observer, f₂ > f₁. (C) If the wind blows from observer to the source, f₂ < f₁. (D) If the wind blows from the source to the observer, f₂ < f₁."
2013_2_Q09,"A point charge Q is moving in a circular orbit of radius R in the x-y plane with an angular velocity ω. This can be considered as equivalent to a loop carrying a steady current I = Qω/2π. A uniform magnetic field along the positive z-axis is now switched on, which increases at a constant rate from 0 to B in one second. Assume that the radius of the orbit remains constant. The application of the magnetic field induces an emf in the orbit. The induced emf is defined as the work done by an induced electric field in moving a unit positive charge around a closed loop. It is known that, for an orbiting charge, the magnetic dipole moment is proportional to the angular momentum with a proportionality constant γ. The magnitude of the induced electric field in the orbit at any instant of time during the time interval of the magnetic field change is (A) BR/4 (B) BR/2 (C) BR (D) 2BR"
2013_2_Q10,"A point charge Q is moving in a circular orbit of radius R in the x-y plane with an angular velocity ω. This can be considered as equivalent to a loop carrying a steady current I = Qω/2π. A uniform magnetic field along the positive z-axis is now switched on, which increases at a constant rate from 0 to B in one second. Assume that the radius of the orbit remains constant. The application of the magnetic field induces an emf in the orbit. The induced emf is defined as the work done by an induced electric field in moving a unit positive charge around a closed loop. It is known that, for an orbiting charge, the magnetic dipole moment is proportional to the angular momentum with a proportionality constant γ. The change in the magnetic dipole moment associated with the orbit, at the end of the time interval of the magnetic field change, is (A) – γBQR² (B) – γBQR²/2 (C) γBQR²/2 (D) γBQR²"
2013_2_Q11,"The mass of a nucleus X is less than the sum of the masses of (A-Z) number of neutrons and Z number of protons in the nucleus. The energy equivalent to the corresponding mass difference is known as the binding energy of the nucleus. A heavy nucleus of mass M can break into two light nuclei of masses m₁ and m₂ only if (m₁+m₂) < M. Also two light nuclei of masses m₃ and m₄ can undergo complete fusion and form a heavy nucleus of mass M' only if (m₃+ m₄) > M'. The masses of some neutral atoms are given in the table below: ¹H 1.007825 u, ²H 2.014102 u, ³H 3.016050 u, ⁴He 4.002603 u, ⁶Li 6.015123 u, ⁷Li 7.016004 u, ⁷⁰Zn 69.925325 u, ⁸²Se 81.916709 u, ¹⁵²Gd 151.919803u, ²⁰⁶Pb 205.974455 u, ²⁰⁹Bi 208.980388 u, ²¹⁰Po 209.982876 u (1 u = 932 MeV/c²). The correct statement is (A) The nucleus Li can emit an alpha particle. (B) The nucleus ²¹⁰Po can emit a proton. (C) Deuteron and alpha particle can undergo complete fusion. (D) The nuclei ⁷⁰Zn and ⁸²Se can undergo complete fusion."
2013_2_Q12,"The mass of a nucleus X is less than the sum of the masses of (A-Z) number of neutrons and Z number of protons in the nucleus. The energy equivalent to the corresponding mass difference is known as the binding energy of the nucleus. A heavy nucleus of mass M can break into two light nuclei of masses m₁ and m₂ only if (m₁+m₂) < M. Also two light nuclei of masses m₃ and m₄ can undergo complete fusion and form a heavy nucleus of mass M' only if (m₃+ m₄) > M'. The masses of some neutral atoms are given in the table below: ¹H 1.007825 u, ²H 2.014102 u, ³H 3.016050 u, ⁴He 4.002603 u, ⁶Li 6.015123 u, ⁷Li 7.016004 u, ⁷⁰Zn 69.925325 u, ⁸²Se 81.916709 u, ¹⁵²Gd 151.919803u, ²⁰⁶Pb 205.974455 u, ²⁰⁹Bi 208.980388 u, ²¹⁰Po 209.982876 u (1 u = 932 MeV/c²). The kinetic energy (in keV) of the alpha particle, when the nucleus ²¹⁰Po at rest undergoes alpha decay, is (A) 5319 (B) 5422 (C) 5707 (D) 5818"
2013_2_Q13,"A small block of mass 1 kg is released from rest at the top of a rough track. The track is a circular arc of radius 40 m. The block slides along the track without toppling and a frictional force acts on it in the direction opposite to the instantaneous velocity. The work done in overcoming the friction up to the point Q, as shown in the figure below, is 150 J. (Take the acceleration due to gravity, g = 10 m s⁻²). The speed of the block when it reaches the point Q is (A) 5 ms⁻¹ (B) 10 ms⁻¹ (C) 10√3ms⁻¹ (D) 20 ms⁻¹"
2013_2_Q14,"A small block of mass 1 kg is released from rest at the top of a rough track. The track is a circular arc of radius 40 m. The block slides along the track without toppling and a frictional force acts on it in the direction opposite to the instantaneous velocity. The work done in overcoming the friction up to the point Q, as shown in the figure below, is 150 J. (Take the acceleration due to gravity, g = 10 m s⁻²). The magnitude of the normal reaction that acts on the block at the point Q is (A) 7.5 N (B) 8.6 N (C) 11.5 N (D) 22.5 N"
2013_2_Q15,"A thermal power plant produces electric power of 600 kW at 4000 V, which is to be transported to a place 20 km away from the power plant for consumers' usage. It can be transported either directly with a cable of large current carrying capacity or by using a combination of step-up and step-down transformers at the two ends. The drawback of the direct transmission is the large energy dissipation. In the method using transformers, the dissipation is much smaller. In this method, a step-up transformer is used at the plant side so that the current is reduced to a smaller value. At the consumers' end, a step-down transformer is used to supply power to the consumers at the specified lower voltage. It is reasonable to assume that the power cable is purely resistive and the transformers are ideal with a power factor unity. All the currents and voltages mentioned are rms values. If the direct transmission method with a cable of resistance 0.4 Ω km⁻¹ is used, the power dissipation (in %) during transmission is (A) 20 (B) 30 (C) 40 (D) 50"
2013_2_Q16,"A thermal power plant produces electric power of 600 kW at 4000 V, which is to be transported to a place 20 km away from the power plant for consumers' usage. It can be transported either directly with a cable of large current carrying capacity or by using a combination of step-up and step-down transformers at the two ends. The drawback of the direct transmission is the large energy dissipation. In the method using transformers, the dissipation is much smaller. In this method, a step-up transformer is used at the plant side so that the current is reduced to a smaller value. At the consumers' end, a step-down transformer is used to supply power to the consumers at the specified lower voltage. It is reasonable to assume that the power cable is purely resistive and the transformers are ideal with a power factor unity. All the currents and voltages mentioned are rms values. In the method using the transformers, assume that the ratio of the number of turns in the primary to that in the secondary in the step-up transformer is 1 : 10. If the power to the consumers has to be supplied at 200 V, the ratio of the number of turns in the primary to that in the secondary in the step-down transformer is (A) 200:1 (B) 150:1 (C) 100:1 (D) 50:1"
2013_2_Q17,Match List I with List II and select the correct answer using the codes given below the lists: List I P. Boltzmann constant Q. Coefficient of viscosity R. Planck constant S. Thermal conductivity List II 1. [ML²T⁻¹] 2. [ML⁻¹T⁻¹] 3. [MLT⁻³K⁻¹] 4. [ML²T⁻²K⁻¹] Codes: P Q R S (A) 3 1 2 4 (B) 3 2 1 4 (C) 4 2 1 3 (D) 4 1 2 3
2013_2_Q18,"A right angled prism of refractive index µ₁ is placed in a rectangular block of refractive index µ₂, which is surrounded by a medium of refractive index µ₃, as shown in the figure. A ray of light 'e' enters the rectangular block at normal incidence. Depending upon the relationships between µ₁, µ₂ and µ₃, it takes one of the four possible paths 'ef', 'eg', 'eh' or 'ei'. Match the paths in List I with conditions of refractive indices in List II and select the correct answer using the codes given below the lists: List I P. e→f Q. e→g R. e→h S. e→i List II 1. µ₁ > √2 µ₂ 2. µ₂ > µ₁ and µ₂ > µ₃ 3. µ₁ = µ₂ 4. µ₂ < µ₁ < √2 µ₂ and µ₂ > µ₃ Codes: P Q R S (A) 2 3 1 4 (B) 1 2 4 3 (C) 4 1 2 3 (D) 2 3 4 1"
2013_2_Q19,Match List I of the nuclear processes with List II containing parent nucleus and one of the end products of each process and then select the correct answer using the codes given below the lists: List I P. Alpha decay Q. β⁺ decay R. Fission S. Proton emission List II 1. ¹⁵₈O → ¹⁵₇N + ...... 2. ²³⁸₉₂U → ²³⁴₉₀Th +...... 3. ¹⁸⁵₈₃Bi → ¹⁸⁴₈₂Pb + ...... 4. ²³⁹₉₄Pu → ¹⁴⁰₅₇La + ..... Codes: P Q R S (A) 4 2 1 3 (B) 1 3 2 4 (C) 2 1 4 3 (D) 4 3 2 1
2013_2_Q20,"One mole of a monatomic ideal gas is taken along two cyclic processes E→F→G→E and E→F→H→E as shown in the PV diagram. The processes involved are purely isochoric, isobaric, isothermal or adiabatic. Match the paths in List I with the magnitudes of the work done in List II and select the correct answer using the codes given below the lists. List I P. G→E Q. G→H R. F→H S. F→G List II 1. 160 P₀V₀ ln2 2. 36 P₀V₀ 3. 24 P₀V₀ 4. 31 P₀V₀ Codes: P Q R S (A) 4 3 2 1 (B) 4 3 1 2 (C) 3 1 2 4 (D) 1 3 2 4"
2013_2_Q21,The correct statement(s) about O₃ is(are) (A) O-O bond lengths are equal. (B) Thermal decomposition of O₃ is endothermic. (C) O₃ is diamagnetic in nature. (D) O₃ has a bent structure.
2013_2_Q22,"In the nuclear transmutation ⁹₄Be + X → ⁸₄Be + Y (X, Y) is(are) (A) (γ, η) (B) (p, D) (C) (n, D) (D) (γ, p)"
2013_2_Q23,The carbon-based reduction method is NOT used for the extraction of (A) tin from SnO₂ (C) aluminium from Al₂O₃ (B) iron from Fe₂O₃ (D) magnesium from MgCO₃.CaCO₃
2013_2_Q24,"The thermal dissociation equilibrium of CaCO₃(s) is studied under different conditions. CaCO₃(s) ⇌ CaO(s) + CO₂(g) For this equilibrium, the correct statement(s) is(are) (A) ΔH is dependent on T (B) K is independent of the initial amount of CaCO₃ (C) K is dependent on the pressure of CO₂ at a given T (D) ΔH is independent of the catalyst, if any"
2013_2_Q25,The Ksp of Ag₂CrO₄ is 1.1 × 10⁻¹² at 298 K. The solubility (in mol/L) of Ag₂CrO₄ in a 0.1 M AgNO₃ solution is (A) 1.1 × 10⁻¹¹ (B) 1.1 × 10⁻¹⁰ (C) 1.1 × 10⁻¹² (D) 1.1 × 10⁻⁹
2013_2_Q26,"In the following reaction, the product(s) formed is(are) OH / CHCl₃ / OH⁻ / CH₃ → ? (A) P (major) (B) Q (minor) (C) R (minor) (D) S"
2013_2_Q27,The major product(s) of the following reaction is(are) OH / SO₃H / aqueous Br₂ (3.0 equivalents) → ? (A) P (B) Q (C) R (D) S
2013_2_Q28,"After completion of the reactions (I and II), the organic compound(s) in the reaction mixtures is(are) Reaction I: H₃C-CH₃ (1.0 mol) / Br₂ (1.0 mol) / aqueous/ NaOH → ? Reaction II : H₃C-CH₃ (1.0 mol) / Br₂ (1.0 mol) / CH₃COOH → ? (A) Reaction I: P and Reaction II : P (B) Reaction I : U, acetone and Reaction II : Q, acetone (C) Reaction I : T, U, acetone and Reaction II : P (D) Reaction I : R, acetone and Reaction II : S, acetone"
2013_2_Q29,"A fixed mass 'm' of a gas is subjected to transformation of states from K to L to M to N and back to K as shown in the figure (PV diagram is shown). The succeeding operations that enable this transformation of states are (A) Heating, cooling, heating, cooling (B) Cooling, heating, cooling, heating (C) Heating, cooling, cooling, heating (D) Cooling, heating, heating, cooling"
2013_2_Q30,A fixed mass 'm' of a gas is subjected to transformation of states from K to L to M to N and back to K as shown in the figure (PV diagram is shown). The pair of isochoric processes among the transformation of states is (A) K to L and L to M (B) L to M and N to K (C) L to M and M to N (D) M to N and N to K
2013_2_Q31,"The reactions of Cl₂ gas with cold-dilute and hot-concentrated NaOH in water give sodium salts of two (different) oxoacids of chlorine, P and Q, respectively. The Cl₂ gas reacts with SO₂ gas, in presence of charcoal, to give a product R. R reacts with white phosphorus to give a compound S. On hydrolysis, S gives an oxoacid of phosphorus, T. P and Q, respectively, are the sodium salts of (A) hypochlorus and chloric acids (B) hypochlorus and chlorus acids (C) chloric and perchloric acids (D) chloric and hypochlorus acids"
2013_2_Q32,"The reactions of Cl₂ gas with cold-dilute and hot-concentrated NaOH in water give sodium salts of two (different) oxoacids of chlorine, P and Q, respectively. The Cl₂ gas reacts with SO₂ gas, in presence of charcoal, to give a product R. R reacts with white phosphorus to give a compound S. On hydrolysis, S gives an oxoacid of phosphorus, T. R, S and T, respectively, are (A) SO₂Cl₂, PCl₅ and H₃PO₄ (B) SO₂Cl₂, PCl₃ and H₃PO₃ (C) SOCl₂, PCl₃ and H₃PO₂ (D) SOCl₂, PCl₅ and H₃PO₄"
2013_2_Q33,"An aqueous solution of a mixture of two inorganic salts, when treated with dilute HCl, gave a precipitate (P) and a filtrate (Q). The precipitate P was found to dissolve in hot water. The filtrate (Q) remained unchanged, when treated with H₂S in a dilute mineral acid medium. However, it gave a precipitate (R) with H₂S in an ammoniacal medium. The precipitate R gave a coloured solution (S), when treated with H₂O₂ in an aqueous NaOH medium. The precipitate P contains (A) Pb²⁺ (B) Hg₂²⁺ (C) Ag⁺ (D) Hg²⁺"
2013_2_Q34,"An aqueous solution of a mixture of two inorganic salts, when treated with dilute HCl, gave a precipitate (P) and a filtrate (Q). The precipitate P was found to dissolve in hot water. The filtrate (Q) remained unchanged, when treated with H₂S in a dilute mineral acid medium. However, it gave a precipitate (R) with H₂S in an ammoniacal medium. The precipitate R gave a coloured solution (S), when treated with H₂O₂ in an aqueous NaOH medium. The coloured solution S contains (A) Fe₂(SO₄)₃ (B) CuSO₄ (C) ZnSO₄ (D) Na₂CrO₄"
2013_2_Q35,"P and Q are isomers of dicarboxylic acid C₄H₄O₄. Both decolorize Br₂/H₂O. On heating, P forms the cyclic anhydride. Upon treatment with dilute alkaline KMnO₄, P as well as Q could produce one or more than one from S, T and U. Compounds formed from P and Q are, respectively (A) Optically active S and optically active pair (T, U) (B) Optically inactive S and optically inactive pair (T, U) (C) Optically active pair (T, U) and optically active S (D) Optically inactive pair (T, U) and optically inactive S"
2013_2_Q36,"In the following reaction sequences V and W are, respectively H₂/Ni, Δ / AlCl₃ (anhydrous) / 1. Zn-Hg/HCl / 2. H₃PO₄ (A) [Image of compound V for option A] and [Image of compound W for option A] (B) [Image of compound V for option B] and [Image of compound W for option B] (C) [Image of compound V for option C] and [Image of compound W for option C] (D) [Image of compound V for option D] and [Image of compound W for option D]"
2013_2_Q37,Match the chemical conversions in List I with the appropriate reagents in List II and select the correct answer using the code given below the lists: List I P. [Image of conversion 1] Q. [Image of conversion 2] R. [Image of conversion 3] S. [Image of conversion 4] List II 1. (i) Hg(OAc)₂; (ii) NaBH₄ 2. NaOEt 3. Et-Br 4. (i) BH₃; (ii) H₂O₂/NaOH Codes: P Q R S (A) 2 3 1 4 (B) 3 2 1 4 (C) 2 3 4 1 (D) 3 2 4 1
2013_2_Q38,The unbalanced chemical reactions given in List I show missing reagent or condition (?) which are provided in List II. Match List I with List II and select the correct answer using the code given below the lists: List I P. PbO₂ + H₂SO₄ →? PbSO₄ + O₂ + other product Q. Na₂S₂O₃ + H₂O →? NaHSO₄ + other product R. N₂H₄ →? N₂ + other product S. XeF₂ →? Xe + other product List II 1. NO 2. I₂ 3. Warm/गर्म 4. Cl₂ Codes: P Q R S (A) 4 2 3 1 (B) 3 2 1 4 (C) 1 4 2 3 (D) 3 4 2 1
2013_2_Q39,"The standard reduction potential data at 25 °C is given below. E° (Fe³⁺, Fe²⁺) = + 0.77 V; E°(Fe²⁺, Fe) = − 0.44 V E° (Cu²⁺, Cu) = + 0.34 V; E° (Cu⁺, Cu) = + 0.52 V E° [O₂(g) + 4H⁺ + 4e⁻ → 2H₂O] = +1.23 V; E° [O₂(g)+2H₂O+ 4e⁻ →4OH⁻] = + 0.40 V E° (Cr³⁺, Cr) = − 0.74 V; E° (Cr²⁺, Cr) = − 0.91 V Match E° of the redox pair in List I with the values given in List II and select the correct answer using the code given below the lists : List I P. E° (Fe³⁺, Fe) Q. E°(4H₂O ⇌ 4H⁺ + 4OH⁻) R. E°(Cu²⁺ + Cu →2Cu⁺) S. E° (Cr³⁺, Cr²⁺) List II 1. -0.18 V 2. -0.4 V 3. -0.04 V 4. -0.83 V Codes: P Q R S (A) 4 1 2 3 (B) 2 3 4 1 (C) 1 2 3 4 (D) 3 4 1 2"
2013_2_Q40,An aqueous solution of X is added slowly to an aqueous solution of Y as shown in List I. The variation in conductivity of these reactions is given in List II. Match List I with List II and select the correct answer using the code given below the lists : List I P. (C₂H₃)₃N + CH₃COOH X Y Q. KI (0.1M) + AgNO₃ (0.01M) X Y R. CH₃COOH + KOH X Y S. NaOH + HI X Y List II 1. Conductivity decreases and then increases 2. Conductivity decreases and then does not change much 3. Conductivity increases and then does not change much 4. Conductivity does not change much and then increases Codes: P Q R S (A) 3 4 2 1 (B) 4 3 2 1 (C) 2 3 4 1 (D) 1 4 3 2
2013_2_Q41,"Let w = (√3+i)/2 and P = {wⁿ : n= 1, 2, 3, ...}. Further H₁ = {z∈ C: Re z > 1/2} and H₂={z∈ C: Re z < -1/2}, where C is the set of all complex numbers. If z₁ ∈ P∩H₁, z₂ ∈ P∩H₂ and O represents the origin, then ∠z₁Oz₂ = (A) π/2 (B) π/6 (C) 2π/3 (D) 5π/6"
2013_2_Q42,"If 3ˣ = 4ˣ⁻¹, then x = (A) 2 log₃ 2 / (2 log₃ 2 - 1) (B) 2 / (2 - log₂ 3) (C) 1 / (1 - log₄ 3) (D) 2 log₂ 3 / (2 log₂ 3 - 1)"
2013_2_Q43,"Let ω be a complex cube root of unity with ω≠ 1 and P = [pᵢⱼ] be a n x n matrix with pᵢⱼ = ωⁱ⁺ʲ. Then P² ≠ 0, when n = (A) 57 (B) 55 (C) 58 (D) 56"
2013_2_Q44,The function f (x) = 2 | x | + |x + 2 |- | |x + 2 |- 2 | x || has a local minimum or a local maximum at x = (A) -2 (B) -2/3 (C) 2 (D) 2/3
2013_2_Q45,"For a ∈ R (the set of all real numbers), a ≠ −1, lim n→∞ (1ᵃ + 2ᵃ + ... + nᵃ) / (n + 1)ᵃ⁻¹ [(na + 1) + (na + 2) + ... + (na + n)] = 1/60 Then a = (A) 5 (B) 7 (C) -15/2 (D) -17/2"
2013_2_Q46,Circle(s) touching x - axis at a distance 3 from the origin and having an intercept of length 2√7 on y – axis is (are) (A) x² + y² - 6x + 8y + 9 = 0 (B) x² + y² - 6x + 7y + 9 = 0 (C) x² + y² - 6x – 8y + 9 = 0 (D) x² + y² - 6x – 7y + 9 = 0
2013_2_Q47,"Two lines L₁: x = 5, y/(3-α) = z/(-2), L₂: x = α, (y+3)/1 = (z+3)/2 are coplanar. Then α can take value(s) (A) 1 (B) 2 (C) 3 (D) 4"
2013_2_Q48,"In a triangle PQR, P is the largest angle and cos P = 1/3. Further the incircle of the triangle touches the sides PQ, QR and RP at N, L and M respectively, such that the lengths of PN, QL and RM are consecutive even integers. Then possible length(s) of the side(s) of the triangle is (are) (A) 16 (B) 18 (C) 24 (D) 22"
2013_2_Q49,"Let S = S₁ ∩ S₂ ∩ S₃, where S₁ = {z∈ C:|z|<4}, S₂ = {z∈C:Im [(z-1+√3i)/(1-√3i)] > 0} and S₃ = {z∈ C: Re z > 0}. Area of S = (A) 10π/3 (B) 20π/3 (C) 16π/3 (D) 32π/3"
2013_2_Q50,"Let S = S₁ ∩ S₂ ∩ S₃, where S₁ = {z∈ C:|z|<4}, S₂ = {z∈C:Im [(z-1+√3i)/(1-√3i)] > 0} and S₃ = {z∈ C: Re z > 0}. min_z∈S |1-3i-z| = (A) (2-√3)/2 (B) (2+√3)/2 (C) (3-√3)/2 (D) (3+√3)/2"
2013_2_Q51,"A box B₁ contains 1 white ball, 3 red balls and 2 black balls. Another box B₂ contains 2 white balls, 3 red balls and 4 black balls. A third box B₃ contains 3 white balls, 4 red balls and 5 black balls. If 1 ball is drawn from each of the boxes B₁, B₂ and B₃, the probability that all 3 drawn balls are of the same colour is (A) 82/648 (B) 90/648 (C) 558/648 (D) 566/648"
2013_2_Q52,"A box B₁ contains 1 white ball, 3 red balls and 2 black balls. Another box B₂ contains 2 white balls, 3 red balls and 4 black balls. A third box B₃ contains 3 white balls, 4 red balls and 5 black balls. If 2 balls are drawn (without replacement) from a randomly selected box and one of the balls is white and the other ball is red, the probability that these 2 balls are drawn from box B₂ is (A) 116/181 (B) 126/181 (C) 65/181 (D) 55/181"
2013_2_Q53,"Let f: [0, 1] → R (the set of all real numbers) be a function. Suppose the function f is twice differentiable, f(0) = f(1) = 0 and satisfies f''(x) - 2f'(x) + f(x) ≥ eˣ, x ∈ [0, 1]. Which of the following is true for 0 < x < 1? (A) 0 < f(x) < ∞ (B) -1/2 < f(x) < 1/2 (C) -1/4 < f(x) < 1 (D) -∞ < f(x) < 0"
2013_2_Q54,"Let f: [0, 1] → R (the set of all real numbers) be a function. Suppose the function f is twice differentiable, f(0) = f(1) = 0 and satisfies f''(x) - 2f'(x) + f(x) ≥ eˣ, x ∈ [0, 1]. If the function eˣ f(x) assumes its minimum in the interval [0, 1] at x = 1/4, which of the following is true ? (A) f'(x) < f(x), 1/4 < x < 3/4 (B) f'(x) > f(x), 0 < x < 1/4 (C) f'(x) < f(x), 0 < x < 1/4 (D) f'(x) < f(x), 3/4 < x < 1"
2013_2_Q55,"Let PQ be a focal chord of the parabola y² = 4ax. The tangents to the parabola at P and Q meet at a point lying on the line y = 2x + a, a > 0. Length of chord PQ is (A) 7a (B) 5a (C) 2a (D) 3a"
2013_2_Q56,"Let PQ be a focal chord of the parabola y² = 4ax. The tangents to the parabola at P and Q meet at a point lying on the line y = 2x + a, a > 0. If chord PQ subtends an angle θ at the vertex of y² = 4ax, then tan θ = (A) 2/√7 (B) -2/√3 (C) 2/√5 (D) -2/√5"
2013_2_Q57,"A line L: y = mx + 3 meets y - axis at E(0, 3) and the arc of the parabola y² = 16x, 0≤ y ≤ 6 at the point F(x₀, y₀). The tangent to the parabola at F(x₀, y₀) intersects the y-axis at G(0, y₁). The slope m of the line L is chosen such that the area of the triangle EFG has a local maximum. Match List I with List II and select the correct answer using the code given below the lists: List I P. m = Q. Maximum area of ∆EFG is R. y₀ = S. y₁ = List II 1. 1/2 2. 4 3. 2 4. 1 Codes: P Q R S (A) 4 1 2 3 (B) 3 4 1 2 (C) 1 3 2 4 (D) 1 3 4 2"
2013_2_Q58,"Match List I with List II and select the correct answer using the code given below the lists: List I P. 1/2 (cos (tan⁻¹y) + y sin (tan⁻¹y))² / (cot (sin⁻¹y) + tan (sin⁻¹y)) + y⁴ takes value Q. If cos x + cos y + cos z = 0 = sin x + sin y + sin z then possible value of cos (x-y)/2 is R. If cos (π/4-x) cos 2x + sin x sin 2x sec x = cos x sin 2x sec x + cos (π/4+x) cos 2x then possible value of sec x is S. If cot (sin⁻¹ √1-x²) = sin (tan⁻¹ (x√6)), x ≠ 0, then possible value of x is List II 1. 1/√3 2. √2 3. 1/2 4. 1 Codes: P Q R S (A) 4 3 1 2 (B) 4 3 2 1 (C) 3 4 2 1 (D) 3 4 1 2"
2013_2_Q59,"Consider the lines L₁ : (x-1)/2 = y/(3-α) = (z+3)/(-1), L₂: (x-4)/1 = (y+3)/1 = (z+3)/2 and the planes P₁ : 7x + y + 2z = 3, P₂ : 3x + 5y - 6z = 4. Let ax + by + cz = d be the equation of the plane passing through the point of intersection of lines L₁ and L₂, and perpendicular to planes P₁ and P₂. Match List - I with List – II and select the correct answer using the code given below the lists: List I P. a = Q. b = R. c = S. d = List II 1. 13 2. -3 3. 1 4. -2 Codes: P Q R S (A) 3 2 4 1 (B) 1 3 4 2 (C) 3 2 1 4 (D) 2 4 1 3"
2013_2_Q60,"Match List - I with List - II and select the correct answer using the code given below the lists: List I P. Volume of parallelepiped determined by vectors a, b and c is 2. Then the volume of the parallelepiped determined by vectors 2(a × b), 3 (b × c) and (c × a) is Q. Volume of parallelepiped determined by vectors a, b and c is 5. Then the volume of the parallelepiped determined by vectors 3 (a + b), (b + c) and 2(c + a) is R. Area of a triangle with adjacent sides determined by vectors a and b is 20. Then the area of the triangle with adjacent sides determined by vectors (2a + 3b) and (a - b) is S. Area of a parallelogram with adjacent sides determined by vectors a and b is 30. Then the area of the parallelogram with adjacent sides determined by vectors (a + b) and a is List II 1. 100 2. 30 3. 24 4. 60 Codes: P Q R S (A) 2 3 1 4 (B) 3 1 4 2 (C) 3 4 1 2 (D) 1 4 3 2"
2014_1_Q01,"1. At time t = 0, terminal A in the circuit shown in the figure is connected to B by a keyand an alternating current I(t) = Icos(wt), with Io = 1Aand w = 500 rad s¯¹ starts flowing in it with the initial direction shown in the figure. At t = 7π/6ω, the key is switched from B to D. Now onwards only A and D are connected. A total charge Q flows from the battery to charge the capacitor fully. If C=20μF, R= 10 Ω and the battery is ideal with emf of 50V, identify the correct statement (s). (A) Magnitude of the maximum charge on the capacitor before t = 7π/6ω is 1 x 10-3C. (B) The current in the left part of the circuit just before t = 7π/σω is clockwise. (C) Immediately after A is connected to D, the current in R is 10A. (D) Q = 2 × 10-3C."
2014_1_Q02,"2. A light source, which emits two wavelengths λ₁ = 400 nm and 12 = 600 nm, is used in a Young's double slit experiment. If recorded fringe widths for λ₁ anda2 areẞ₁ andẞ2 © number of fringes for them within a distance yon one side of the central maximum are m₁ and m2, respectively, then (A)β2 > β₁ (B)m₁ > m2 (C) From the central maximum, 3rdmaximum of 22 overlaps with 5th minimum of 2₁ (D)The angular separation of fringes for 2₁ is greater than 22"
2014_1_Q03,3. One end of a taut string of length 3m along the x axis is fixed at x=0.The speed of the waves in the string is 100 ms¯¹. The other end of the string is vibrating in the y direction so that stationary waves are set up in the string. The possible waveform(s) of these stationary waves is(are) (A)y(t) = A sin πχ/6 COS 50πt/3 (B)y(t) = A sin πχ/3 COS 100πt/3 (C) y(t) = A sin 5πχ/6 COS 250πt/3 (D) y(t) = A sin 5πχ/2 cos 250nt
2014_1_Q04,"4. A parallel plate capacitor has a dielectric slab of dielectric constant K between its plates that covers 1/3 of the area of its plates, as shown in the figure. The total capacitance of the capacitor is C while that of the portion with dielectric in between is C1. When the capacitor is charged, the plate area covered by the dielectric gets charge Q₁ and the rest of the area gets charge Q2. The electric field in the dielectric is E₁ and that in the other portion is E2. Choose the correct option/options, ignoring edge effects. (A) E1/E2 = 1 (B) E1/E2 = 1/K (C) Q1/Q2 = 3/K (D) C/C1 = 2+K/K"
2014_1_Q05,"5. LetE₁(r), E2(r) and E3(r) be the respective electric fields at a distance r from a point charge Q, an infinitely long wire with constant linear charge density λ, and an infinite plane with uniform surface charge density σ. If E₁(ro) = E2(ro) = E3(ro) at a given distance ro, then (A)Q = 4σπγξ (B)ro = λ/2πσ (C) E₁ (ro/2)=2E2(ro/2) (D)E2(ro/2)=4E3(20/2)"
2014_1_Q06,"6. A student is performing an experiment using a resonance column and a tuning fork of frequency 244s-1. He is told that the air in the tube has been replaced by another gas (assume that the column remains filled with the gas). If the minimum height at which resonance occurs is (0.350 ± 0.005) m, the gas in the tube is (Useful information:√167RT = 640 J1/2mole-1/2;√140RT = 590 J1/2mole-1/2.The molar masses Min grams are given in the options. Take the values of √10/M for each gas as given there.) (A)Neon(M = 20, √10/20 = 7/10) (B) Nitrogen(M = 28, √10/28 = 3/5) (C) Oxygen (M = 32, √10/32 = 9/16) (D)Argon(M = 36, √10/36 = 17/32)"
2014_1_Q07,"7. Heater of an electric kettle is made of a wire of length L and diameter d. It takes 4 minutes to raise the temperature of 0.5kgwater by 40K. This heater is replaced by a new heater having two wires of the same material, each of length L and diameter 2d.The way these wires are connected is given in the options. How much time in minutes will it take to raise the temperature of the same amount of water by 40 K? (A)4 if wires are in parallel (B) 2 if wires are in series (C)1 if wires are in series (D)0.5 if wires are in parallel"
2014_1_Q08,"8. In the figure, a ladder of mass m is shown leaning against a wall. It is in static equilibrium making an angle θ with the horizontal floor. The coefficient of friction between the wall and the ladder is µ₁ and that between the floor and the ladder is μ2. The normal reaction of the wall on the ladder is N₁ and that of the floor is N2. If the ladder is about to slip, then (A)μ₁ = 0 μ2 ≠ 0andN2 tanθ = mg/2 (Β) μ₁ ≠ 0 μ2 = 0andN₁ tanθ = mg/2 (C)μ₁ ≠ 0 μ2 ≠ 0andN2 = mg/(1+μ₁μ2) (D)μ₁ = 0 μ2 ≠ 0andN₁ tanθ = mg/2"
2014_1_Q09,"9. A transparent thin film of uniform thickness and refractive index n₁= 1.4 is coated on the convex spherical surface of radius Rat one end of a long solid glass cylinder of refractive index n2 = 1.5, as shown in the figure. Rays of light parallel to the axis of the cylinder traversing through the film from air to glass get focused at distance f₁ from the film, while rays of light traversing from glass to air get focused at distance f2 from the film. Then (A) |f1| =3R (B)|f1| = 2.8R (C)|f2|=2R (D)|f2| = 1.4R"
2014_1_Q10,"10. Two ideal batteries of emfV₁ and V2 and three resistancesR1, R2 andR3 are connected as shown in the figure. The current in resistanceR2 would be zero if (A)V₁ = V2andR₁ = R2 = R3 (B) V₁ = V2andR₁ = 2R2 = R3 (C) V₁ = 2V2and 2R₁ = 2R2 = R3 (D)2V₁ = V2and2R1 = R2 = R3"
2014_1_Q11,"11. Airplanes A and B are flying with constant velocity in the same vertical plane at angles 30° and 60° with respect to the horizontal respectively as shown in figure. The speed of A is 100√3 ms-1. At time t = 0 s, an observer in A finds B at a distance of 500 m. This observer sees B moving with a constant velocity perpendicular to the line of motion of A. If at t = to, A just escapes being hit by B, to in seconds is"
2014_1_Q12,"12. During Searle's experiment, zero of the Vernier scale lies between 3.20 × 10-2 m and 3.25 × 10-2 m of the main scale. The 20th division of the Vernier scale exactly coincides with one of the main scale divisions. When an additional load of 2 kg is applied to the wire, the zero of the Vernier scale still lies between 3.20 × 10−2 m and 3.25 × 10−2 m of the main scale but now the 45th division of Vernier scale coincides with one of the main scale divisions. The length of the thin metallic wire is 2 m and its cross-sectional area is 8 × 10−7m². The least count of the Vernier scale is 1.0 × 10-5 m. The maximum percentage error in the Young's modulus of the wire is"
2014_1_Q13,"13. A uniform circular disc of mass 1.5 kg and radius 0.5 m is initially at rest on a horizontal frictionless surface. Three forces of equal magnitude F = 0.5 N are applied simultaneously along the three sides of an equilateral triangle XYZ with its vertices on the perimeter of the disc (see figure). One second after applying the forces, the angular speed of the disc in rads¯¹ is"
2014_1_Q14,"14. Two parallel wires in the plane of the paper are distance Xo apart. A point charge is moving with speed u between the wires in the same plane at a distance X₁ from one of the wires. When the wires carry current of magnitude I in the same direction, the radius of curvature of the path of the point charge is R₁. In contrast, if the currents I in the two wires have directions opposite to each other, the radius of curvature of the path is R2. If X1/R1 = 3, the value of R1/R2 is"
2014_1_Q15,"15. To find the distance d over which a signal can be seen clearly in foggy conditions, a railways engineer uses dimensional analysis and assumes that the distance depends on the mass density p of the fog, intensity (power/area) S of the light from the signal and its frequency f. The engineer finds that disproportionaltoS1/n. The value of n is"
2014_1_Q16,"16. A galvanometer gives full scale deflection with 0.006 A current. By connecting it to a 4990 Ω resistance, it can be converted into a voltmeter of range 0 – 30 V. If connected to a 2η/249 Ω resistance, it becomes an ammeter of range 0 – 1.5 A. The value ofn is"
2014_1_Q17,"17. Consider an elliptically shaped rail PQ in the vertical plane with OP = 3 m and OQ = 4m. A block of mass 1 kg is pulled along the rail from P to Q with a force of 18 N, which is always parallel to line PQ (see the figure given). Assuming no frictional losses, the kinetic energy of the block when it reaches Q is (n × 10)Joules. The value of n is (take acceleration due to gravity = 10 ms-2)"
2014_1_Q18,"18. A rocket is moving in a gravity free space with a constant acceleration of 2 ms¯² along +x direction (see figure). The length of a chamber inside the rocket is 4 m. A ball is thrown from the left end of the chamber in +x direction with a speed of 0.3 ms¯¹ relative to the rocket. At the same time, another ball is thrown in –x direction with a speed of 0.2 ms¯¹ from its right end relative to the rocket. The time in seconds when the two balls hit each other is"
2014_1_Q19,"19. A horizontal circular platform of radius 0.5 m and mass 0.45 kg is free to rotate about its axis. Two massless spring toy-guns, each carrying a steel ball of mass 0.05 kg are attached to the platform at a distance 0.25 m from the centre on its either sides along its diameter (see figure). Each gun simultaneously fires the balls horizontally and perpendicular to the diameter in opposite directions. After leaving the platform, the balls have horizontal speed of 9 ms¯¹ with respect to the ground. The rotational speed of the platform inrads¯¹ after the balls leave the platform is"
2014_1_Q20,"20. A thermodynamic system is taken from an initial state i with internal energy U₁ = 100 J to the final state f along two different paths iaf and ibf, as schematically shown in the figure. The work done by the system along the paths af, ib and bf are Waf = 200 J, Wib = 50 J and Wbf = 100 J respectively. The heat supplied to the system along the path iaf, ib and bf are Qiaf, Qib and Qbf respectively. If the internal energy of the system in the state b is U₁ = 200 J and Qiaf = 500 J, the ratio Qbf/Qib is"
2014_1_Q21,"21. The correct combination of names for isomeric alcohols with molecular formula C4H10O is/are (A) tert-butanol and 2-methylpropan-2-ol (B) tert-butanol and 1, 1-dimethylethan-1-ol (C) n-butanol and butan-1-ol (D) isobutyl alcohol and 2-methylpropan-1-ol"
2014_1_Q22,22. he reactivity of compound Z with different halogens under appropriate conditions is given below: mono halo substituted derivative when X2 = I2 di halo substituted derivative when X2 = Br2 tri halo substituted derivative when X2 = CI2 The observed pattern of electrophilic substitution can be explained by (A) the steric effect of the halogen (B) the steric effect of the tert-butyl group (c) the electronic effect of the phenolic group (D) the electronic effect of the tert-butyl group
2014_1_Q23,"23. In the reaction shown below, the major product(s) formed is/are (A) + CH3COOH (B) + CH3COOH (C) + H₂O (D)"
2014_1_Q24,"24. An ideal gas in a thermally insulated vessel at internal pressure = P1, volume = V1 and absolute temperature = T₁ expands irreversibly against zero external pressure, as shown in the diagram. The final internal pressure, volume and absolute temperature of the gas are P2, V2 and T2, respectively. For this expansion, (A) q = 0 (B) T2 = T1 (c) P2V2 = P1V1 (D) P2V2 = P1V1"
2014_1_Q25,25. Hydrogen bonding plays a central role in the following phenomena: (A) Ice floats in water. (B) Higher Lewis basicity of primary amines than tertiary amines in aqueous solutions. (C) Formic acid is more acidic than acetic acid. (D) Dimerisation of acetic acid in benzene.
2014_1_Q26,"26. In a galvanic cell, the salt bridge (A) does not participate chemically in the cell reaction. (B) stops the diffusion of ions from one electrode to another. (C) is necessary for the occurrence of the cell reaction. (D) ensures mixing of the two electrolytic solutions."
2014_1_Q27,"27. Upon heating with Cu2S, the reagent(s) that give copper metal is/are (A) CuFeS2 (B) CuO (C) Cu2O (D) CuSO4"
2014_1_Q28,28. The correct statement(s) for orthoboric acid is/are (A) It behaves as a weak acid in water due to self ionization. (B) Acidity of its aqueous solution increases upon addition of ethylene glycol. (C) It has a three dimensional structure due to hydrogen bonding. (D) It is a weak electrolyte in water.
2014_1_Q29,29. For the reaction: I¯ + CIO3 + H2SO4 → CI¯ + HSO4¯ + I2 The correct statement(s) in the balanced equation is/are: (A) Stoichiometric coefficient of HSO4 is 6. (B) Iodide is oxidized. (c) Sulphur is reduced. (D) H2O is one of the products.
2014_1_Q30,30. The pair(s) of reagents that yield paramagnetic species is/are (A) Na and excess of NH3 (B) K and excess of O2 (C) Cu and dilute HNO3 (D) O2 and 2-ethylanthraquinol
2014_1_Q31,"31. Consider all possible isomeric ketones, including stereoisomers, of MW = 100. All these isomers are independently reacted with NaBH4 (NOTE: stereoisomers are also reacted separately). The total number of ketones that give a racemic product(s) is/are"
2014_1_Q32,"32. A list of species having the formula XZ4 is given below. XeF4, SF4, SiF4, BF4¯, BrF4¯, [Cu(NH3)4]2+, [FeCl4]²¯, [CoCl4]²– and [PtCl4]2-. Defining shape on the basis of the location of X and Z atoms, the total number of species having a square planar shape is"
2014_1_Q33,"33. Among PbS, CuS, HgS, MnS, Ag2S, NiS, C0S, Bi2S3 and SnS2, the total number of BLACK coloured sulfides is"
2014_1_Q34,34. The total number(s) of stable conformers with non-zero dipole moment for the following compound is (are)
2014_1_Q35,"35. Consider the following list of reagents: Acidified K2Cr2O7, alkaline KMnO4, CuSO4, H2O2, Cl2, O3, FeCl3, HNO3 and Na2S2O3. The total number of reagents that can oxidise aqueous iodide to iodine is"
2014_1_Q36,36. The total number of distinct naturally occurring amino acids obtained by complete acidic hydrolysis of the peptide shown below is
2014_1_Q37,"37. In an atom, the total number of electrons having quantum numbers n = 4, |m1| = 1 and ms = – 1/2 is"
2014_1_Q38,"38. If the value of Avogadro number is 6.023 × 1023 mol-1 and the value of Boltzmann constant is 1.380 × 10-23J K¯¹, then the number of significant digits in the calculated value of the universal gas constant is"
2014_1_Q39,"39. A compound H2X with molar weight of 80 g is dissolved in a solvent having density of 0.4 g ml-1. Assuming no change in volume upon dissolution, the molality of a 3.2 molar solution is"
2014_1_Q40,"40. MX2 dissociates into M2+ and X ions in an aqueous solution, with a degree of dissociation (a) of 0.5. The ratio of the observed depression of freezing point of the aqueous solution to the value of the depression of freezing point in the absence of ionic dissociation is"
2014_1_Q41,"41. Let M and N be two 3 × 3 matrices such that MN = NM. Further, if M ≠ N² and M² = N4, then (A) determinant of (M² + MN²) is 0 (B) there is a 3 × 3 non-zero matrix U such that (M² + MN2)U is the zero matrix (C) determinant of (M² + MN²) ≥ 1 (D) for a 3 x 3 matrix U, if (M² + MN²)U equals the zero matrix then U is the zero matrix"
2014_1_Q42,"42. For every pair of continuous functions f, g: [0,1] → R such that max {f(x): x ∈ [0,1]} = max {g(x): x ∈ [0,1]}, the correct statement(s) is (are) : (A) (f(c))² + 3f(c) = (g(c))² + 3g(c) for some c∈ [0, 1] (B) (f(c))² + f(c) = (g(c))² + 3g(c) for some c∈ [0, 1] (C) (f(c))² + 3f(c) = (g(c))² + g(c) for some c∈ [0, 1] (D) (f(c))² = (g(c)) 2 for some c∈ [0, 1]"
2014_1_Q43,"43. Let f: (0,∞) → R be given by f(x) = ∫x/2 to x e-(t+1/t) dt/t Then (A) f(x) is monotonically increasing on [1,∞) (B) f(x) is monotonically decreasing on (0,1) (C) f(x) + f (1/x) = 0, for all x ∈ (0,∞) (D) f(2x) is an odd function of x on R"
2014_1_Q44,44. Let a ∈ R and let f: R → R be given by f(x) = x5 - 5x + a. Then (A) f(x) has three real roots if a > 4 (B) f(x) has only one real root if a > 4 (C) f(x) has three real roots if a < -4 (D) f(x) has three real roots if −4 < a <4
2014_1_Q45,"45. Let f: [a, b] → [1, ∞) be a continuous function and let g: R → R be defined as g(x) = { 0 if x < a, ∫x to a f(t)dt if a ≤ x ≤ b, ∫b to a f(t)dt if x > b. Then (A) g(x) is continuous but not differentiable at a (B) g(x) is differentiable on R (C) g(x) is continuous but not differentiable at b (D) g(x) is continuous and differentiable at either a or b but not both"
2014_1_Q46,46. Let f: (-π/2) → R be given by f(x) = (log(sec x + tanx))3. Then (A) f(x) is an odd function (B) f(x) is a one-one function (C) f(x) is an onto function (D) f(x) is an even function
2014_1_Q47,"47. From a point P(λ, λ, λ), perpendiculars PQ and PR are drawn respectively on the lines y = x, z = 1 and y = -x, z = −1. If P is such that ∠QPR is a right angle, then the possible value(s) of a is(are) (A) √2 (B) 1 (C) -1 (D) -√2"
2014_1_Q48,"48. Let x, y and z be three vectors each of magnitude √2 and the angle between each pair of them is π/3. If a is a nonzero vector perpendicular to x and y × z and b is a nonzero vector perpendicular to y and z x x, then (A) b = (b• z)(z−x) (B) a = (a· y)(y – z) (C) a⋅ b = − (a· y) (b· z) (D) a = (a· y)(z – y)"
2014_1_Q49,"49. A circle S passes through the point (0, 1) and is orthogonal to the circles (x − 1)² + y² = 16 and x² + y² = 1. Then (A) radius of S is 8 (B) radius of S is 7 (C) centre of S is (-7, 1) (D) centre of S is (-8, 1)"
2014_1_Q50,50. Let M be a 2 x 2 symmetric matrix with integer entries. Then M is invertible if (A) the first column of M is the transpose of the second row of M (B) the second row of M is the transpose of the first column of M (C) M is a diagonal matrix with nonzero entries in the main diagonal (D) the product of entries in the main diagonal of M is not the square of an integer
2014_1_Q51,"51. Let a, b, c be positive integers such that b/a is an integer. If a, b, c are in geometric progression and the arithmetic mean of a, b, c is b + 2, then the value of a² + a - 14 / a +1 is"
2014_1_Q52,"52. Let n ≥ 2 be an integer. Take n distinct points on a circle and join each pair of points by a line segment. Colour the line segment joining every pair of adjacent points by blue and the rest by red. If the number of red and blue line segments are equal, then the value of n is"
2014_1_Q53,"53. Let n₁ < N2 < N3 < N4 < n5 be positive integers such that n₁ + N2 + N3 + n₄ + n5 = 20. Then the number of such distinct arrangements (n1, n2, N3, N4, N5) is"
2014_1_Q54,"54. Let f: R → R and g: R → R be respectively given by f(x) = |x| + 1 and g(x) = x² + 1. Define h: R → R by h(x) = { max {f(x), g(x)} if x ≤ 0, min {f(x), g(x)} if x > 0. The number of points at which h(x) is not differentiable is"
2014_1_Q55,55. The value of ∫1 to 0 4x3 d²/dx² (1-x2)5dx is
2014_1_Q56,"56. The slope of the tangent to the curve (y - x5)² = x(1 + x²)2 at the point (1, 3) is"
2014_1_Q57,57. The largest value of the nonnegative integer a for which lim x→1 (−ax + sin(x – 1) + a)1−√x / (x + sin(x − 1) − 1 ) = 1/4 is
2014_1_Q58,"58. Let f: [0, 4π] → [0, π] be defined by f(x) = cos¯¹(cos x). The number of points x ∈ [0,4π] satisfying the equation f(x) = 10-x/10 Is"
2014_1_Q59,"59. For a point P in the plane, let d₁(P) and d₂(P) be the distances of the point P from the lines x - y = 0 and x + y = 0 respectively. The area of the region R consisting of all points P lying in the first quadrant of the plane and satisfying 2 ≤ d₁(P) + d2 (P) ≤ 4, is"
2014_1_Q60,"60. Let a, b, and c be three non-coplanar unit vectors such that the angle between every pair of them is π/3. If a × b + b × c = pa + qb + rc, where p, q and r are scalars, then the value of p²+2q2+r2/q2 is"
2014_2_Q01,"SECTION -1 (Only One Option Correct Type)
This section contains 10 multiple choice questions. Each question has four choices (A), B), (C) and (D) out of which only one option is correct.
1. A tennis ball is dropped on a horizontal smooth surface. It bounces back to its original position after hitting the surface. The force on the ball during the collision is proportional to the length of compression of the ball. Which one of the following sketches describes the variation of its kinetic energy K with timet most appropriately? The figures are only illustrative and not to the scale.
(A) [Graph showing K starting high, dropping smoothly to zero, rising, then dropping smoothly to zero again, and rising] (B) [Graph showing K starting high, dropping smoothly to a non-zero minimum, rising, then dropping smoothly to a non-zero minimum again, and rising] (C) [Graph showing K starting high, dropping sharply to zero, rising, then staying high] (D) [Graph showing K starting high, dropping sharply to a non-zero minimum, rising, then staying high]"
2014_2_Q02,"2. A wire, whichpasses through the hole in a small bead, is bent in the form of quarter of a circle. The wire is fixed vertically on ground as shown in the figure. The bead is released from near the top of the wire and it slides along the wire without friction. As the bead moves from A to B, the force it applies on the wire is [Figure of a bead on a quarter-circular wire fixed vertically, with points A (top) and B (bottom)]
(A)always radially outwards. (B)always radially inwards. (C)radially outwards initially and radially inwards later. (D)radially inwards initially and radially outwards later."
2014_2_Q03,"3. During an experiment with ametre bridge, the galvanometer shows a null point when the jockey is pressed at 40.0 cm using a standard resistance of 90 Ω,as shown in the figure. The least count of the scale used in the metre bridge is1 mm. The unknown resistance is [Figure of a metre bridge circuit with unknown resistance R, standard resistance 90 Ω, and null point at 40.0 cm]
(A)60 ± 0.15Ω (Β)135 ± 0.56Ω (C)60 ± 0.250 (D)135 ± 0.23Ω"
2014_2_Q04,"4. Charges Q, 2Q and 4Q are uniformly distributed in three dielectric solid spheres 1, 2 and 3 of radii R/2, R and 2R, respectively, as shown in figure. If magnitudes of the electric fields at point P at a distance R from the center of spheres 1, 2 and 3 are E1, E2 and E3respectively, then [Figure showing three spheres: Sphere 1 (charge Q, radius R/2), Sphere 2 (charge 2Q, radius R), Sphere 3 (charge 4Q, radius 2R). Point P is at distance R from the center of each sphere.]
(A) E1>E2>E3 (B) E3>E1>E2 (C) E2>E1>E3 (D) E3>E2>E1"
2014_2_Q05,"5. A point source S is placed at the bottom of a transparent block of height 10 mm and refractive index 2.72. It is immersed in a lower refractive index liquid as shown in the figure. It is found that the light emerging from the block to the liquid forms a circular bright spot of diameter 11.54 mm on the top of the block. The refractive index of the liquid is [Figure showing a block of height 10 mm, with a point source S at the bottom, immersed in liquid, and a circular bright spot on top.]
(A)1.21 (B)1.30 (C)1.36 (D)1.42"
2014_2_Q06,"6. Parallel rays of light of intensity I = 912 Wm⁻² are incident on a spherical black body kept in surroundings of temperature 300 Κ. Take Stefan-Boltzmann constant σ = 5.7 × 10−8Wm-2K-4 and assume that the energy exchange with the surroundingsis only through radiation. The final steady state temperature of the black body is close to
(A) 330 K (B) 660 K (C) 990 K (D) 1550 K"
2014_2_Q07,"7. A metal surface is illuminated by light of two different wavelengths 248nm and 310 nm. The maximum speeds of the photoelectrons corresponding to these wavelengths areu₁ and u2,respectively. If the ratio u₁: U2 = 2: 1and hc = 1240 eV nm, the work function of the metal is nearly
(A) 3.7 eV (B) 3.2 eV (C) 2.8 eV (D) 2.5eV"
2014_2_Q08,"8. If Acu is the wavelength of KaX-ray line of copper (atomic number 29) and λμο is the wavelength of the KX-ray line of molybdenum (atomic number 42), then the ratio Acu/λμο is close to
(A) 1.99 (B) 2.14 (C) 0.50 (D) 0.48"
2014_2_Q09,"9. A planet of radius R = (1/10) × (radius of Earth) has the same mass density as Earth. Scientists dig a well of depth R/5 on it and lower a wire of the same length and of linear mass density 10⁻³kgm⁻¹ into it. If the wire is not touching anywhere, the force applied at the top of the wire by a person holding it in place is (take the radius of Earth = 6 × 10⁶m and the acceleration due to gravity on Earth is 10 ms⁻²)
(A) 96 N (B) 108 N (C) 120 N (D) 150 N"
2014_2_Q10,"10. A glass capillary tube is of the shape of a truncated cone with an apex angle aso that its two ends have cross sections of different radii. When dipped in water vertically, water rises in it to a height h, where the radius of its cross section is b. If the surface tension of water is S, its density is p, and its contact angle with glass is θ, the value of h will be (g is the acceleration due to gravity) [Figure of a truncated cone capillary tube dipped in liquid, showing height h and radius b]
(A) 2S/(bpg)cos(θ – α) (B) 2S/(bpg)cos(θ + α) (C) 2S/(bpg)cos(θ – α/2) (D) 2S/(bpg)cos(θ + α/2)"
2014_2_Q11,"Section -2 Comprehension Type
This section contains 3 paragraphs each describing theory, experiments, data etc. Six questions relate to the three paragraphs with two questions on each paragraph. Each question has only one correct answer among the four given options (A), (B), (C) and (D).
Paragraph For Questions 11 & 12
In the figure a container is shown to have a movable (without friction) piston on top. The container and the piston are all made of perfectly insulating material allowing no heat transfer between outside and inside the container. The container is divided into two compartments by a rigid partition made of a thermally conducting material that allows slow transfer of heat. The lower compartment of the container is filled with 2 moles of an ideal monatomic gas at 700 K and the upper compartment is filled with 2 moles of an ideal diatomic gas at 400 K. The heat capacities per mole of an ideal monatomic gas are Cv = (3/2)R, Cp = (5/2)R, and those for an ideal diatomic gas are Cv = (5/2)R, Cp = (7/2)R. [Figure of a container with a piston and a partition dividing it into two compartments]
11. Consider the partition to be rigidly fixed so that it does not move. When equilibrium is achieved, the final temperature of the gases will be
(A) 550 K (B) 525 K (C) 513 K (D) 490 K"
2014_2_Q12,"Section -2 Comprehension Type
This section contains 3 paragraphs each describing theory, experiments, data etc. Six questions relate to the three paragraphs with two questions on each paragraph. Each question has only one correct answer among the four given options (A), (B), (C) and (D).
Paragraph For Questions 11 & 12
In the figure a container is shown to have a movable (without friction) piston on top. The container and the piston are all made of perfectly insulating material allowing no heat transfer between outside and inside the container. The container is divided into two compartments by a rigid partition made of a thermally conducting material that allows slow transfer of heat. The lower compartment of the container is filled with 2 moles of an ideal monatomic gas at 700 K and the upper compartment is filled with 2 moles of an ideal diatomic gas at 400 K. The heat capacities per mole of an ideal monatomic gas are Cv = (3/2)R, Cp = (5/2)R, and those for an ideal diatomic gas are Cv = (5/2)R, Cp = (7/2)R. [Figure of a container with a piston and a partition dividing it into two compartments]
12. Now consider the partition to be free to move without friction so that the pressure of gases in both compartments is the same. Then total work done by the gases till the time they achieve equilibrium will be
(A) 250 R (B) 200 R (C)100 R (D)-100R"
2014_2_Q13,"Section -2 Comprehension Type
Paragraph For Questions 13 & 14
A spray gun is shown in the figure where a piston pushes air out of a nozzle. A thin tube of uniform cross section is connected to the nozzle. The other end of the tube is in a small liquid container. As the piston pushes air through the nozzle, the liquid from the container rises into the nozzle and is sprayed out. For the spray gun shown, the radii of the piston and the nozzle are 20 mm and 1mm, respectively. The upper end of the container is open to the atmosphere. [Figure of a spray gun with piston, nozzle, and liquid container]
13. If the piston is pushed at a speed of 5 mms⁻¹, the air comes out of the nozzle with a speed of
(A)0.1 ms⁻¹ (B)1 ms⁻¹ (C)2 ms⁻¹ (D)8 ms⁻¹"
2014_2_Q14,"Section -2 Comprehension Type
Paragraph For Questions 13 & 14
A spray gun is shown in the figure where a piston pushes air out of a nozzle. A thin tube of uniform cross section is connected to the nozzle. The other end of the tube is in a small liquid container. As the piston pushes air through the nozzle, the liquid from the container rises into the nozzle and is sprayed out. For the spray gun shown, the radii of the piston and the nozzle are 20 mm and 1mm, respectively. The upper end of the container is open to the atmosphere. [Figure of a spray gun with piston, nozzle, and liquid container]
14. If the density of air is ρa and that of the liquid ρl, then for a given piston speed the rate (volume per unit time) at which the liquid is sprayed will be proportional to
(A) √(ρa/ρl) (B) ρaρl (C) √(ρl/ρa) (D)ρl"
2014_2_Q15,"Section -2 Comprehension Type
Paragraph For Questions 15 & 16
The figure shows a circular loop of radius a with two long parallel wires (numbered 1 and 2) all in the plane of the paper. The distance of each wire from the centre of the loop is d. The loop and the wires are carrying the same current I. The current in the loop is in the counterclockwise direction if seen from above. [Figure of a circular loop of radius a with two long parallel wires (Wire1, Wire2) on either side, at distance d from the center of the loop]
15. When d≈a but wires are not touching the loop, it is found that the net magnetic field on the axis of the loop is zero at a height h above the loop. In that case
(A)current in wire 1 and wire 2 is the direction PQ and RS, respectively and h≈a (B) current in wire 1 and wire 2 is the direction PQ and SR, respectively and h ≈ a (C)current in wire 1 and wire 2 is the direction PQ and SR, respectively and h ≈ 1.2a (D)current in wire 1 and wire 2 is the direction PQ and RS, respectively and h ≈ 1.2a"
2014_2_Q16,"Section -2 Comprehension Type
Paragraph For Questions 15 & 16
The figure shows a circular loop of radius a with two long parallel wires (numbered 1 and 2) all in the plane of the paper. The distance of each wire from the centre of the loop is d. The loop and the wires are carrying the same current I. The current in the loop is in the counterclockwise direction if seen from above. [Figure of a circular loop of radius a with two long parallel wires (Wire1, Wire2) on either side, at distance d from the center of the loop]
16. Consider d » a, and the loop is rotated about its diameter parallel to the wires by 30° from the position shown in the figure. If the currents in the wires are in the opposite directions, the torque on the loop at its new position will be (assume that the net field due to the wires is constant over the loop)
(A) μ₀I²a²/d (B) μ₀I²a²/(2d) (C) √3μ₀I²a²/d (D) √3μ₀I²a²/(2d)"
2014_2_Q17,"Section - 3 (Matching List Type)
This section contains four questions, each having two matching lists. Choices for the correct combination of elements from List-l and List-ll are given as options (A), (B), (C) and (D), out of which one is correct.
17. Four charges Q1, Q2, Q3 and Q4 of same magnitude are fixed along the x axis at x = −2a, -a, +a and +2a, respectively. A positive charge q is placed on the positive y axis at a distance b > 0. Four options of the signs of these charges are given in List I. The direction of the forces on the charge q is given in List II. Match List I with List II and select the correct answer using the code given below the lists.
[Figure showing charges Q1(-2a,0), Q2(-a,0), Q3(+a,0), Q4(+2a,0) on the x-axis, and a positive charge q(0,b) on the y-axis]
List I
P.Q1, Q2, Q3, Q4 all positive
Q.Q1, Q2 positive; Q3, Q4negative
R.Q1, Q4positive; Q2, Q3negative
S.Q1, Q3 positive; Q2, Q4 negative
List II
1.+x
2.-x
3.+y
4.-y
Codes:
(A) P-3, Q-1, R-4, S-2 (B) P-4, Q-2, R-3, S-1 (C) P-3, Q-1, R-2, S-4 (D) P-4, Q-2, R-1, S-3"
2014_2_Q18,"Section - 3 (Matching List Type)
18. Four combinations of two thin lenses are given in List I. The radius of curvature of all curved surfaces is r and the refractive index of all the lenses is 1.5. Match lens combinations in List I with their focal length in List II and select the correct answer using the code given below the lists.
List I
P. [Figure of a biconvex lens] Q. [Figure of a plano-convex lens] R. [Figure of a biconcave lens] S. [Figure of a plano-concave lens]
List II
1.2r
2.r/2
3.-r
4. r
Choices:
(A) P-1, Q-2, R-3, S-4 (B) P-2, Q-4, R-3, S-1 (C) P-4, Q-1, R-2, S-3 (D) P-2, Q-1, R-3, S-4"
2014_2_Q19,"Section - 3 (Matching List Type)
19. A block of mass m₁ = 1 kg another mass m2 = 2 kg, are placed together (see figure) on an inclined plane with angle of inclination θ. Various values of θ are given in List I. The coefficient of friction between the block m₁ and the plane is always zero. The coefficient of static and dynamic friction between the block m2 and the plane are equal to μ = 0.3. In List II expressions for the friction on block m2 are given. Match the correct expression of the friction in List II with the angles given in List I, and choose the correct option. The acceleration due to gravity is denoted by g. [Useful information :tan(5.5°) ≈ 0.1; tan(11.5°) ≈ 0.2; tan(16.5°) ≈ 0.3]
[Figure showing two blocks m1 and m2 stacked on an inclined plane with angle θ]
List I
P. θ = 5°
Q.θ = 10°
R.θ = 15°
S.θ = 20°
List II
1.m2g sinθ
2.(m₁ + m2)g sinθ
3.µm2g cosθ
4.μ(m1 + m2)g cosθ
Choices:
(A) P-1, Q-1, R-1, S-3 (B) P-2, Q-2, R-2, S-3 (C) P-2, Q-2, R-2, S-4 (D) P-2, Q-2, R-3, S-3"
2014_2_Q20,"Section - 3 (Matching List Type)
20. A person in a lift is holding a water jar, which has a small hole at the lower end of its side. When the lift is at rest, the water jet coming out of the hole hits the floor of the lift at a distance of 1.2 m from the person. In the following, state of the lift's motion is given in List I and the distance where the water jet hits the floor of the lift is given in List II. Match the statements from List I with those in List II and select the correct answer using the code given below the list.
List I
P. Lift is accelerating vertically up.
Q. Lift is accelerating vertically down with an acceleration less than the gravitational acceleration.
R. Lift is moving vertically up with constant speed.
S. Lift is falling freely.
List II
1. d = 1.2 m
2. d > 1.2 m
3. d < 1.2 m
4.No water leaks out of the jar
Choices:
(A) P-2 Q-3 R-2 S-4 (B) P-2 Q-3 R-1 S-4 (C)P-1 Q-1 R-1 S-4 (D)P-2 Q-3 R-1 S-1"
2014_2_Q21,"PART-2 CHEMISTRY
SECTION -1 (Only One Option Correct Type)
This section contains 10 multiple choice questions. Each question has four choices (A), B), (C) and (D) out of which only one option is correct.
21. The acidic hydrolysis of ether (X) shown below is fastest when [Figure showing ether (X) with two phenyl groups attached to oxygen, undergoing acidic hydrolysis to phenol and ROH]
(A) one phenyl group is replaced by a methyl group. (B) one phenyl group is replaced by a para-methoxyphenyl group. (C) two phenyl groups are replaced by two para-methoxyphenyl groups. (D) no structural change is made to X."
2014_2_Q22,"22. Isomers of hexane, based on their branching, can be divided into three distinct classes as shown in the figure. [Figure showing three chemical structures: I (n-hexane, straight chain), II (2-methylpentane, one branch), III (2,2-dimethylbutane, two branches)]
The correct order of their boiling point is
(A) I > II > III (B) III > II > I (C) II > III >I (D) III > I > II"
2014_2_Q23,"23. The major product in the following reaction is [Figure showing the reaction of Cl-CH2-CH2-CH2-C(=O)-CH3 (5-chloro-2-pentanone) with 1. CH3MgBr, dry ether, 0 °C and 2. aq. acid]
(A) [Structure of CH3-CH2-CH2-CH2-C(=O)-CH3 (2-hexanone)] (B) [Structure of CH3-CH2-CH(OH)-CH(CH3)2 (2-methyl-3-pentanol)] (C) [Structure of a 5-membered cyclic ether with a methyl group at position 2 (2-methyltetrahydrofuran)] (D) [Structure of a 5-membered cyclic ether with two methyl groups at position 2 (2,2-dimethyltetrahydrofuran)]"
2014_2_Q24,"24. Hydrogen peroxide in its reaction with KIO4 and NH2OH respectively, is acting as a
(A) reducing agent, oxidising agent (B) reducing agent, reducing agent (C) oxidising agent, oxidising agent (D) oxidising agent, reducing agent"
2014_2_Q25,"25. The product formed in the reaction of SOCl2 with white phosphorous is
(A) PCI3 (B) SO2CI2 (C) SCI2 (D) POCI3"
2014_2_Q26,"26. Under ambient conditions, the total number of gases released as products in the final step of the reaction scheme shown below is [Figure showing reaction scheme: XeF6 undergoes Complete Hydrolysis to P + other product. Q is formed, then Q undergoes slow disproportionation in OH⁻/H2O to products.]
(A) 0 (B) 1 (C) 2 (D) 3"
2014_2_Q27,"27. For the identification of β-naphthol using dye test, it is necessary to use
(A) dichloromethane solution of β-naphthol. (B) acidic solution of β-naphthol. (C) neutral solution of β-naphthol. (D) alkaline solution of β-naphthol."
2014_2_Q28,"28. For the elementary reaction M → N, the rate of disappearance of M increases by a factor of 8 upon doubling the concentration of M. The order of the reaction with respect to M is
(A) 4 (B) 3 (C) 2 (D) 1"
2014_2_Q29,"29. For the process H2O (l) → H2O (g) at T = 100°C and 1 atmosphere pressure, the correct choice is
(A) ∆Ssystem > 0 and ∆Ssurroundings > 0 (B) ∆Ssystem > 0 and ∆Ssurroundings < 0 (C) ∆Ssystem < 0 and ∆Ssurroundings > 0 (D) ∆Ssystem < 0 and ∆Ssurroundings < 0"
2014_2_Q30,"30. Assuming 2s-2p mixing is NOT operative, the paramagnetic species among the following is
(A) Be2 (B) B2 (C) C2 (D) N2"
2014_2_Q31,"Section -2 Comprehension Type
This section contains 3 paragraphs each describing theory, experiments, data etc. Six questions relate to the three paragraphs with two questions on each paragraph. Each question has only one correct answer among the four given options (A), (B), (C) and (D).
Paragraph For Question 31 and 32
Schemes 1 and 2 describe sequential transformation of alkynes M and N. Consider only the major products formed in each step for both the schemes.
[Scheme-1: Starting material M (HO-CH2-CH2-C≡C-H) undergoes 1. NaNH2 (excess) 2. CH3CH2I (1 equivalent) 3. CH3I (1 equivalent) 4. H2, Lindlar's catalyst to yield product X]
[Scheme-2: Starting material N (CH3-CH2-CH(Br)-C≡C-H) undergoes 1. NaNH2 (2 equivalent) 2. OH- 3. H3O+ (mild) 4. H2, Pd/C 5. CrO3 to yield product Y]
31. The product X is
(A) [Structure of H3CO-CH=CH-CH2-CH3 (cis-alkene)] (B) [Structure of H3CO-CH2-CH2-CH=CH-CH3 (trans-alkene)] (C) [Structure of CH3CH2O-CH=CH-CH2-CH3 (cis-alkene)] (D) [Structure of CH3CH2O-CH=CH-CH2-CH3 (trans-alkene)]"
2014_2_Q32,"Section -2 Comprehension Type
This section contains 3 paragraphs each describing theory, experiments, data etc. Six questions relate to the three paragraphs with two questions on each paragraph. Each question has only one correct answer among the four given options (A), (B), (C) and (D).
Paragraph For Question 31 and 32
Schemes 1 and 2 describe sequential transformation of alkynes M and N. Consider only the major products formed in each step for both the schemes.
[Scheme-1: Starting material M (HO-CH2-CH2-C≡C-H) undergoes 1. NaNH2 (excess) 2. CH3CH2I (1 equivalent) 3. CH3I (1 equivalent) 4. H2, Lindlar's catalyst to yield product X]
[Scheme-2: Starting material N (CH3-CH2-CH(Br)-C≡C-H) undergoes 1. NaNH2 (2 equivalent) 2. OH- 3. H3O+ (mild) 4. H2, Pd/C 5. CrO3 to yield product Y]
32. The correct statement with respect to product Y is
(A) It gives a positive Tollens test and is a functional isomer of X. (B) It gives a positive Tollens test and is a geometrical isomer of X. (C) It gives a positive iodoform test and is a functional isomer of X. (D) It gives a positive iodoform test and is a geometrical isomer of X."
2014_2_Q33,"Section -2 Comprehension Type
Paragraph For Question 33 and 34
An aqueous solution of metal ion M1 reacts separately with reagents Q and R in excess to give tetrahedral and square planar complexes, respectively. An aqueous solution of another metal ion M2 always forms tetrahedral complexes with these reagents. Aqueous solution of M2 on reaction with reagent S gives white precipitate which dissolves in excess of S. The reactions are summarized in the scheme given below:
SCHEME:
[Diagram showing M1 reacting with Q (excess) to form Tetrahedral and with R (excess) to form Square planar]
[Diagram showing M2 reacting with Q (excess) to form Tetrahedral and with R (excess) to form Tetrahedral]
[Diagram showing M2 reacting with S (stoichiometric amount) to form White precipitate, which dissolves in excess of S]
33. M1, Q and R, respectively are
(A) Zn2+, KCN and HCI (B) Ni2+, HCl and KCN (C) Cd2+, KCN and HCI (D) Co2+, HCl, and KCN"
2014_2_Q34,"Section -2 Comprehension Type
Paragraph For Question 33 and 34
An aqueous solution of metal ion M1 reacts separately with reagents Q and R in excess to give tetrahedral and square planar complexes, respectively. An aqueous solution of another metal ion M2 always forms tetrahedral complexes with these reagents. Aqueous solution of M2 on reaction with reagent S gives white precipitate which dissolves in excess of S. The reactions are summarized in the scheme given below:
SCHEME:
[Diagram showing M1 reacting with Q (excess) to form Tetrahedral and with R (excess) to form Square planar]
[Diagram showing M2 reacting with Q (excess) to form Tetrahedral and with R (excess) to form Tetrahedral]
[Diagram showing M2 reacting with S (stoichiometric amount) to form White precipitate, which dissolves in excess of S]
34. Reagent S is
(A) K4[Fe(CN)6] (B) Na2HPO4 (C) K2CrO4 (D) KOH"
2014_2_Q35,"Section -2 Comprehension Type
Paragraph For Question 35 and 36
X and Y are two volatile liquids with molar weights of 10 g mol⁻¹ and 40 g mol⁻¹ respectively. Two cotton plugs, one soaked in X and the other soaked in Y, are simultaneously placed at the ends of a tube of length L = 24 cm, as shown in the figure. The tube is filled with an inert gas at 1 atmosphere pressure and a temperature of 300 K. Vapours of X and Y react to form a product which is first observed at a distance d cm from the plug soaked in X. Take X and Y to have equal molecular diameters and assume ideal behaviour for the inert gas and the two vapours. [Figure showing a tube of length L = 24 cm, with cotton wool soaked in X at one end and Y at the other. The distance d from the X-soaked plug to the initial formation of the product is marked.]
35. The value of d in cm (shown in the figure), as estimated from Graham's law, is
(A) 8 (B) 12 (C) 16 (D) 20"
2014_2_Q36,"Section -2 Comprehension Type
Paragraph For Question 35 and 36
X and Y are two volatile liquids with molar weights of 10 g mol⁻¹ and 40 g mol⁻¹ respectively. Two cotton plugs, one soaked in X and the other soaked in Y, are simultaneously placed at the ends of a tube of length L = 24 cm, as shown in the figure. The tube is filled with an inert gas at 1 atmosphere pressure and a temperature of 300 K. Vapours of X and Y react to form a product which is first observed at a distance d cm from the plug soaked in X. Take X and Y to have equal molecular diameters and assume ideal behaviour for the inert gas and the two vapours. [Figure showing a tube of length L = 24 cm, with cotton wool soaked in X at one end and Y at the other. The distance d from the X-soaked plug to the initial formation of the product is marked.]
36. The experimental value of d is found to be smaller than the estimate obtained using Graham's law. This is due to
(A) larger mean free path for X as compared to that of Y. (B) larger mean free path for Y as compared to that of X. (C) increased collision frequency of Y with the inert gas as compared to that of X with the inert gas. (D) increased collision frequency of X with the inert gas as compared to that of Y with the inert gas."
2014_2_Q37,"Section - 3 (Matching List Type)
This section contains four questions, each having two matching lists. Choices for the correct combination of elements from List-l and List-ll are given as options (A), (B), (C) and (D), out of which one is correct.
37. Different possible thermal decomposition pathways for peroxyesters are shown below. Match each pathway from List I with an appropriate structure from List II and select the correct answer using the code given below the lists.
[Figure showing a general peroxyester (R-CO-O-O-R') and four decomposition pathways labeled P, Q, R, S, with their respective radical and molecular products, including CO2 evolution]
List I
P. Pathway P
Q. Pathway Q
R. Pathway R
S. Pathway S
List II
1. [Structure of C6H5CH2-C(=O)-O-O-CH3 (Benzyl methyl peroxyester)]
2. [Structure of C6H5-C(=O)-O-O-CH3 (Phenyl methyl peroxyester)]
3. [Structure of C6H5CH2-C(=O)-O-O-CH2C6H5 (Dibenzyl peroxyester)]
4. [Structure of C6H5-C(=O)-O-O-C6H5 (Diphenyl peroxyester)]
Codes:
(A) P-1, Q-3, R-4, S-2 (B) P-2, Q-4, R-3, S-1 (C) P-4, Q-1, R-2, S-3 (D) P-3, Q-2, R-1, S-4"
2014_2_Q38,"Section - 3 (Matching List Type)
38. Match the four starting materials (P, Q, R, S) given in List I with the corresponding reaction schemes (I, II, III, IV) provided in List II and select the correct answer using the code given below the lists.
List I
P. H-C≡C-H (Acetylene)
Q. [Benzene ring with -OH group (Phenol)]
R. [Benzene ring with -NO2 group (Nitrobenzene)]
S. [Benzene ring with -CH3 group and -NO2 group (Nitrotoluene)]
List II
1. Scheme I: (i) KMnO4, HO⁻, heat (ii) H⁺, H₂O (iii) SOCl2 (iv) NH3 -> C7H6N2O3
2. Scheme II: (i) Sn/HCl (ii) CH3COCl (iii) conc. H2SO4 (iv) HNO3 (v) dil. H2SO4, heat (vi) HO⁻ -> C6H6N2O2
3. Scheme III: (i) red hot iron, 873 K (ii) fuming HNO3, H2SO4, heat (iii) H2S.NH3 (iv) NaNO2, H2SO4 (v) hydrolysis -> C6H5NO3
4. Scheme IV: (i) conc. H2SO4, 60 °C (ii) conc. HNO3, conc. H2SO4 (iii) dil. H2SO4, heat -> C6H5NO4
Codes:
(A) P-1, Q-4, R-2, S-3 (B) P-3, Q-1, R-4, S-2 (C) P-3, Q-4, R-2, S-1 (D) P-4, Q-1, R-3, S-2"
2014_2_Q39,"Section - 3 (Matching List Type)
39. Match each coordination compound in List-I with an appropriate pair of characteristics from List-II and select the correct answer using the code given below the lists.
{en = H2NCH2CH2NH2; atomic numbers: Ti = 22; Cr = 24; Co = 27; Pt = 78}
List I
P. [Cr(NH3)4Cl2]Cl
Q. [Ti(H2O)5Cl](NO3)2
R. [Pt(en)(NH3)Cl]NO3
S. [Co(NH3)4(NO3)2]NO3
List II
1. Paramagnetic and exhibits ionisation isomerism
2. Diamagnetic and exhibits cis-trans isomerism
3. Paramagnetic and exhibits cis-trans isomerism
4. Diamagnetic and exhibits ionisation isomerism
Codes:
(A) P-4, Q-2, R-3, S-1 (B) P-3, Q-1, R-4, S-2 (C) P-2, Q-1, R-3, S-4 (D) P-1, Q-3, R-4, S-2"
2014_2_Q40,"Section - 3 (Matching List Type)
40. Match the orbital overlap figures shown in List-I with the description given in List-II and select the correct answer using the code given below the lists.
List I
P. [Figure showing sideways overlap of a p-orbital and a d-orbital with opposite phases (p-d π antibonding)]
Q. [Figure showing head-on overlap of two d-orbitals with same phases (d-d σ bonding)]
R. [Figure showing sideways overlap of a p-orbital and a d-orbital with same phases (p-d π bonding)]
S. [Figure showing head-on overlap of two d-orbitals with opposite phases (d-d σ antibonding)]
List II
1. p-d π antibonding
2. d-d σ bonding
3. p-d π bonding
4. d-d σ antibonding
Codes:
(A) P-2, Q-1, R-3, S-4 (B) P-4, Q-3, R-1, S-2 (C) P-2, Q-3, R-1, S-4 (D) P-4, Q-1, R-3, S-2"
2014_2_Q41,"PART-3 MATHEMATICS
SECTION -1 (Only One Option Correct Type)
This section contains 10 multiple choice questions. Each question has four choices (A), B), (C) and (D) out of which only one option is correct.
41. The function y = f(x) is the solution of the differential equation dy/dx + xy/(x² - 1) = (x² + 2x)/(x² - 1) in (-1, 1) satisfying f(0) = 0. Then ∫₀^(√3/2) f(x) dx is
(A) -1/4 (B) -√3/4 (C) -π/4 (D) -√3/2"
2014_2_Q42,"42. The following integral ∫(π/6)^(π/2) (2 cosec x)¹⁷ dx is equal to
(A) ∫₀^(log(1+√2)) 2(e^u + e⁻^u)¹⁶ du (B) ∫₀^(log(1+√2)) (e^u + e⁻^u)¹⁷ du (C) ∫₀^(log(1+√2)) (e^u - e⁻^u)¹⁷ du (D) ∫₀^(log(1+√2)) 2(e^u – e⁻^u)¹⁶ du"
2014_2_Q43,"43. Coefficient of x¹¹ in the expansion of (1 + x²)⁴ (1 + x³)⁷(1 + x⁴)¹² is
(A) 1051 (B) 1106 (C) 1113 (D) 1120"
2014_2_Q44,"44. Let f: [0, 2] → R be a function which is continuous on [0, 2] and is differentiable on (0,2) with f(0) = 1. Let F(x) = ∫₀^(x²) f(√t) dt for x ∈ [0,2]. If F'(x) = f'(x) for all x ∈ (0,2), then F(2) equals
(A) e² - 1 (B) e⁴ - 1 (C) e-1 (D) e⁴"
2014_2_Q45,"45. The common tangents to the circle x² + y² = 2 and the parabola y² = 8x touch the circle at the points P, Q and the parabola at the points R, S. Then the area of the quadrilateral PQRS is
(A) 3 (B) 6 (C) 9 (D) 15"
2014_2_Q46,"46. For x ∈ (0, π), the equation sin x + 2 sin 2x – sin 3x = 3 has
(A) infinitely many solutions (B) three solutions (C) one solution (D) no solution"
2014_2_Q47,"47. In a triangle the sum of two sides is x and the product of the same two sides is y. If x² — c² = y, where c is the third side of the triangle, then the ratio of the in-radius to the circum-radius of the triangle is
(A) 3y/(2x(x+c)) (B) 3y/(2c(x+c)) (C) 3y/(4x(x+c)) (D) 3y/(4c(x+c))"
2014_2_Q48,"48. Six cards and six envelopes are numbered 1, 2, 3, 4, 5, 6 and cards are to be placed in envelopes so that each envelope contains exactly one card and no card is placed in the envelope bearing the same number and moreover the card numbered 1 is always placed in envelope numbered 2. Then the number of ways it can be done is
(A) 264 (B) 265 (C) 53 (D) 67"
2014_2_Q49,"49. Three boys and two girls stand in a queue. The probability, that the number of boys ahead of every girl is at least one more than the number of girls ahead of her, is
(A) 1/2 (B) 1/3 (C) 2/3 (D) 3/4"
2014_2_Q50,"50. The quadratic equation p(x) = 0 with real coefficients has purely imaginary roots. Then the equation p(p(x)) = 0 has
(A) only purely imaginary roots (B) all real roots (C) two real and two purely imaginary roots (D) neither real nor purely imaginary roots"
2014_2_Q51,"Section -2 Comprehension Type
This section contains 3 paragraphs each describing theory, experiments, data etc. Six questions relate to the three paragraphs with two questions on each paragraph. Each question has only one correct answer among the four given options (A), (B), (C) and (D).
Paragraph For Questions 51 and 52
Let a, r, s, t be nonzero real numbers. Let P(at²,2at), Q, R(ar², 2ar) and S(as², 2as) be distinct points on the parabola y² = 4ax. Suppose that PQ is the focal chord and lines QR and PK are parallel, where K is the point (2a, 0).
51. The value of r is
(A) -1/t (B) (t²+1)/t (C) 1/t (D) (t²-1)/t"
2014_2_Q52,"Section -2 Comprehension Type
This section contains 3 paragraphs each describing theory, experiments, data etc. Six questions relate to the three paragraphs with two questions on each paragraph. Each question has only one correct answer among the four given options (A), (B), (C) and (D).
Paragraph For Questions 51 and 52
Let a, r, s, t be nonzero real numbers. Let P(at²,2at), Q, R(ar², 2ar) and S(as², 2as) be distinct points on the parabola y² = 4ax. Suppose that PQ is the focal chord and lines QR and PK are parallel, where K is the point (2a, 0).
52. If st = 1, then the tangent at P and the normal at S to the parabola meet at a point whose ordinate is
(A) a(t²+1)²/(2t³) (B) a(t²+1)²/(2t³) (C) a(t²+1)²/t³ (D) a(t²+2)²/t³"
2014_2_Q53,"Section -2 Comprehension Type
Paragraph For Question 53 and 54
Given that for each a ∈ (0, 1), lim(h→0+) (1/h)∫₀^(1-h) t⁻ᵃ(1 - t)ᵃ⁻¹dt exists. Let this limit be g(a). In addition, it is given that the function g(a) is differentiable on (0, 1).
53. The value of g(1/2) is
(A) π (Β) 2π (C) π/2 (D) π/4"
2014_2_Q54,"Section -2 Comprehension Type
Paragraph For Question 53 and 54
Given that for each a ∈ (0, 1), lim(h→0+) (1/h)∫₀^(1-h) t⁻ᵃ(1 - t)ᵃ⁻¹dt exists. Let this limit be g(a). In addition, it is given that the function g(a) is differentiable on (0, 1).
54. The value of g(1/2) is
(A) π/2 (B) π (C) -π/2 (D) 0"
2014_2_Q55,"Section -2 Comprehension Type
Paragraph For Questions 55 and 56
Box 1 contains three cards bearing numbers 1, 2, 3; box 2 contains five cards bearing numbers 1, 2, 3, 4, 5; and box 3 contains seven cards bearing numbers 1, 2, 3, 4, 5, 6, 7. A card is drawn from each of the boxes. Let xᵢ be the number on the card drawn from the iᵗʰ box, i = 1,2,3.
55. The probability that x1 + x2 + x3 is odd, is
(A) 29/105 (B) 53/105 (C) 57/105 (D) 1/2"
2014_2_Q56,"Section -2 Comprehension Type
Paragraph For Questions 55 and 56
Box 1 contains three cards bearing numbers 1, 2, 3; box 2 contains five cards bearing numbers 1, 2, 3, 4, 5; and box 3 contains seven cards bearing numbers 1, 2, 3, 4, 5, 6, 7. A card is drawn from each of the boxes. Let xᵢ be the number on the card drawn from the iᵗʰ box, i = 1,2,3.
56. The probability that x1, x2, x3 are in an arithmetic progression, is
(A) 9/105 (B) 10/105 (C) 11/105 (D) 7/105"
2014_2_Q57,"Section - 3 (Matching List Type)
This section contains four questions, each having two matching lists. Choices for the correct combination of elements from List-l and List-ll are given as options (A), (B), (C) and (D), out of which one is correct.
57. Let Zk = cos(2kπ/10) + i sin(2kπ/10); k = 1, 2, ...,9.
List I
P. For each zk there exists a zj such that zk ⋅ zj = 1.
Q. There exists a k∈ {1,2,..., 9} such that zk has no solution z in the set of complex numbers.
R. |1-z1||1-z2|……|1-z9| / 10 equals
S. 1 – Σk=1⁹ cos(2kπ/10) equals
List II
1. True
2. False
3.1
4.2
PQRS
(A) 1 2 4 3 (B) 2 1 3 4 (C) 1 2 3 4 (D) 2 1 4 3"
2014_2_Q58,"Section - 3 (Matching List Type)
58. List I
P. The number of polynomials f(x) with non-negative integer coefficients of degree ≤ 2, satisfying f(0) = 0 and ∫₀¹ f(x)dx = 1, is
Q. The number of points in the interval [-√13, √13] at which f(x) = sin(x²) + cos(x²) attains its maximum value, is
R. ∫-2² (3x²/(1+e^x)) dx equals
S. ∫-1¹ cos 2x log((1+x)/(1-x)) dx equals
List II
1.8
2.2
3.4
4.0
PQRS
(A) 3 2 4 1 (B) 2 3 4 1 (C) 3 2 1 4 (D) 2 3 14"
2014_2_Q59,"Section - 3 (Matching List Type)
59. List I
P. Let y(x) = cos(3 cos⁻¹ x), x ∈ [−1,1], x = ±√3/2. Then {(x² - 1) d²y(x)/dx² + x dy(x)/dx} / y(x) equals
Q. Let A1, A2, ..., An (n > 2) be the vertices of a regular polygon of n sides with its centre at the origin. Let ak be the position vector of the point Ak, k = 1,2, ..., n. If |Σk=1^(n-1)(ak × ak+1)| = |Σk=1^(n-1)(ak⋅ak+1)], then the minimum value of n is
R. If the normal from the point P(h, 1) on the ellipse x²/2 + y²/3 = 1 is perpendicular to the line x + y = 8, then the value of h is
S. Number of positive solutions satisfying the equation tan⁻¹(1/(2x+1)) + tan⁻¹(1/(4x+1)) = tan⁻¹(2/x) is
List II
1.1
2.2
3.8
4.9
PQ RS
(A) 4 3 2 1 (B) 2 4 3 1 (C) 4 3 1 2 (D) 2 4 13"
2014_2_Q60,"Section - 3 (Matching List Type)
60. Let f₁: R→ R, f2: [0,∞) → R, f3: R → R and f₄: R → [0,∞) be defined by f1(x) = {|x| if x < 0, {e^x if x ≥ 0; f2(x) = x²; f3(x) = {sin x if x < 0, {x if x ≥ 0 and f4(x) = {f2(f1(x)) if x < 0, {f2(f1(x)) - 1 if x ≥ 0.
List I
P. f4 is
Q. f3 is
R. f2of1 is
S. f2 is
List II
1. onto but not one-one
2. neither continuous nor one-one
3. differentiable but not one-one
4. continuous and one-one
PQRS
(A) 3 1 4 2 (B) 1 3 4 2 (C) 3 1 2 4 (D) 1 3 2 4"
2015_1_Q01,"An infinitely long uniform line charge distribution of charge per unit length λ lies parallel to the y-axis in the y-z plane at z = √3/2 a (see figure). If the magnitude of the flux of the electric field through the rectangular surface ABCD lying in the x-y plane with its centre at the origin is λL/πε₀ (ε₀ = permittivity of free space), then the value of n is"
2015_1_Q02,"Consider a hydrogen atom with its electron in the nth orbital. An electromagnetic radiation of wavelength 90 nm is used to ionize the atom. If the kinetic energy of the ejected electron is 10.4 eV, then the value of n is (hc = 1242 eV nm)"
2015_1_Q03,"A bullet is fired vertically upwards with velocity v from the surface of a spherical planet. When it reaches its maximum height, its acceleration due to the planet's gravity is 1/4th of its value at the surface of the planet. If the escape velocity from the planet is v_esc = v√N, then the value of N is (ignore energy loss due to atmosphere)"
2015_1_Q04,"Two identical uniform discs roll without slipping on two different surfaces AB and CD (see figure) starting at A and C with linear speeds v₁ and v₂, respectively, and always remain in contact with the surfaces. If they reach B and D with the same linear speed and v₁ = 3 m/s, then v₂ in m/s is (g = 10 m/s²)"
2015_1_Q05,Two spherical stars A and B emit blackbody radiation. The radius of A is 400 times that of B and A emits 10⁴ times the power emitted from B. The ratio λ_A/λ_B of their wavelengths λ_A and λ_B at which the peaks occur in their respective radiation curves is
2015_1_Q06,"A nuclear power plant supplying electrical power to a village uses a radioactive material of half life T years as the fuel. The amount of fuel at the beginning is such that the total power requirement of the village is 12.5% of the electrical power available from the plant at that time. If the plant is able to meet the total power needs of the village for a maximum period of nT years, then the value of n is"
2015_1_Q07,"A Young's double slit interference arrangement with slits S₁ and S₂ is immersed in water (refractive index = 4/3) as shown in the figure. The positions of maxima on the surface of water are given by x² = p²m²λ² - d², where λ is the wavelength of light in air (refractive index = 1), 2d is the separation between the slits and m is an integer. The value of p is"
2015_1_Q08,"Consider a concave mirror and a convex lens (refractive index = 1.5) of focal length 10 cm each, separated by a distance of 50 cm in air (refractive index = 1) as shown in the figure. An object is placed at a distance of 15 cm from the mirror. Its erect image formed by this combination has magnification M₁. When the set-up is kept in a medium of refractive index 7/6, the magnification becomes M₂. The magnitude M₂/M₁ is"
2015_1_Q09,"Consider a Vernier callipers in which each 1 cm on the main scale is divided into 8 equal divisions and a screw gauge with 100 divisions on its circular scale. In the Vernier callipers, 5 divisions of the Vernier scale coincide with 4 divisions on the main scale and in the screw gauge, one complete rotation of the circular scale moves it by two divisions on the linear scale. Then: (A) If the pitch of the screw gauge is twice the least count of the Vernier callipers, the least count of the screw gauge is 0.01 mm. (B) If the pitch of the screw gauge is twice the least count of the Vernier callipers, the least count of the screw gauge is 0.005 mm. (C) If the least count of the linear scale of the screw gauge is twice the least count of the Vernier callipers, the least count of the screw gauge is 0.01 mm. (D) If the least count of the linear scale of the screw gauge is twice the least count of the Vernier callipers, the least count of the screw gauge is 0.005 mm."
2015_1_Q10,"Planck's constant h, speed of light c and gravitational constant G are used to form a unit of length L and a unit of mass M. Then the correct option(s) is (are) (A) M ∝ √(hc/G) (B) M ∝ √(h/G) (C) L ∝ √(Gh/c³) (D) L ∝ √(Gh/c³)"
2015_1_Q11,"Two independent harmonic oscillators of equal mass are oscillating about the origin with angular frequencies ω₁ and ω₂ and have total energies E₁ and E₂, respectively. The variations of their momenta p with positions x are shown in the figures. If α/R = n² and a/b = n, then the correct equation(s) is (are) (A) E₁ω₁ = E₂ω₂ (B) ω₂/ω₁ = n² (C) ω₁/ω₂ = n² (D) E₁/ω₁ = E₂/ω₂"
2015_1_Q12,A ring of mass M and radius R is rotating with angular speed ω about a fixed vertical axis passing through its centre O with two point masses each of mass M/8 at rest at O. These masses can move radially outwards along two massless rods fixed on the ring as shown in the figure. At some instant the angular speed of the system is 8/9 ω and one of the masses is at a distance of 3/5 R from O. At this instant the distance of the other mass from O is (A) 2/3 R (B) 1/3 R (C) 3/5 R (D) 4/5 R
2015_1_Q13,"The figures below depict two situations in which two infinitely long static line charges of constant positive line charge density λ are kept parallel to each other. In their resulting electric field, point charges q and -q are kept in equilibrium between them. The point charges are confined to move in the x direction only. If they are given a small displacement about their equilibrium positions, then the correct statement(s) is (are) (A) Both charges execute simple harmonic motion. (B) Both charges will continue moving in the direction of their displacement. (C) Charge +q executes simple harmonic motion while charge -q continues moving in the direction of its displacement. (D) Charge -q executes simple harmonic motion while charge +q continues moving in the direction of its displacement."
2015_1_Q14,"Two identical glass rods S₁ and S₂ (refractive index = 1.5) have one convex end of radius of curvature 10 cm. They are placed with the curved surfaces at a distance d as shown in the figure, with their axes (shown by the dashed line) aligned. When a point source of light P is placed inside rod S₁ on its axis at a distance of 50 cm from the curved face, the light rays emanating from it are found to be parallel to the axis inside S₂. The distance d is (A) 60 cm (B) 70 cm (C) 80 cm (D) 90 cm"
2015_1_Q15,"A conductor (shown in the figure) carrying constant current I is kept in the x-y plane in a uniform magnetic field B. If F is the magnitude of the total magnetic force acting on the conductor, then the correct statement(s) is (are) (A) If B is along ẑ, F∝ (L+R) (B) If B is along x̂, F= 0 (C) If B is along ŷ, F∝ (L+R) (D) If B is along ẑ, F= 0"
2015_1_Q16,"A container of fixed volume has a mixture of one mole of hydrogen and one mole of helium in equilibrium at temperature T. Assuming the gases are ideal, the correct statement(s) is (are) (A) The average energy per mole of the gas mixture is 2RT. (B) The ratio of speed of sound in the gas mixture to that in helium gas is √6/5. (C) The ratio of the rms speed of helium atoms to that of hydrogen molecules is 1/2. (D) The ratio of the rms speed of helium atoms to that of hydrogen molecules is 1/√2."
2015_1_Q17,"In an aluminum (Al) bar of square cross section, a square hole is drilled and is filled with iron (Fe) as shown in the figure. The electrical resistivities of Al and Fe are 2.7×10⁻⁸ Ωm and 1.0×10⁻⁷ Ωm, respectively. The electrical resistance between the two faces P and Q of the composite bar is (A) 2475/64 μΩ (B) 1875/64 μΩ (C) 1875/49 μΩ (D) 2475/132 μΩ"
2015_1_Q18,"For photo-electric effect with incident photon wavelength λ, the stopping potential is V₀. Identify the correct variation(s) of V₀ with λ and 1/λ. (A) Graph A (B) Graph B (C) Graph C (D) Graph D"
2015_1_Q19,Match the nuclear processes given in column I with the appropriate option(s) in column II. Column I (A) Nuclear fusion (B) Fission in a nuclear reactor (C) β-decay (D) γ-ray emission Column II (P) Absorption of thermal neutrons by ²³⁵U₉₂ (Q) ⁶⁰Co nucleus (R) Energy production in stars via hydrogen conversion to helium (S) Heavy water (T) Neutrino emission
2015_1_Q20,A particle of unit mass is moving along the x-axis under the influence of a force and its total energy is conserved. Four possible forms of the potential energy of the particle are given in column I (α and U₀ are constants). Match the potential energies in column I to the corresponding statement(s) in column II. Column I (A) U₁(x) = U₀/2 [1 - (x/a)²]² (B) U₂(x) = U₀/2 (x/a)² (C) U₃(x) = U₀/2 (x/a)² exp[-(x/a)²] (D) U₄(x) = U₀/2 (x/a - 1/3)² Column II (P) The force acting on the particle is zero at x = a. (Q) The force acting on the particle is zero at x = 0. (R) The force acting on the particle is zero at x = -a. (S) The particle experiences an attractive force towards x = 0 in the region |x| < a. (T) The particle with total energy U₀/4 can oscillate about the point x = -a.
2015_1_Q21,The total number of stereoisomers that can exist for M is
2015_1_Q22,The number of resonance structures for N is
2015_1_Q23,The total number of lone pairs of electrons in N₂O₃ is
2015_1_Q24,"For the octahedral complexes of Fe³⁺ in SCN⁻ (thiocyanato-S) and in CN⁻ ligand environments, the difference between the spin-only magnetic moments in Bohr magnetons (when approximated to the nearest integer) is [Atomic number of Fe = 26]"
2015_1_Q25,"Among the triatomic molecules/ions, BeCl₂, N₃⁻, N₂O, NO₂⁺, O₃, SCl₂, ICl₂⁻, I₃⁻ and XeF₂, the total number of linear molecule(s)/ion(s) where the hybridization of the central atom does not have contribution from the d-orbital(s) is [Atomic number: S = 16, Cl = 17, I = 53 and Xe = 54]"
2015_1_Q26,"Not considering the electronic spin, the degeneracy of the second excited state (n = 3) of H atom is 9, while the degeneracy of the second excited state of H⁻ is"
2015_1_Q27,"All the energy released from the reaction X → Y, Δ_rGº = -193 kJ mol⁻¹ is used for oxidizing M⁺ as M⁺ → M³⁺ + 2e⁻, Eº = -0.25 V. Under standard conditions, the number of moles of M⁺ oxidized when one mole of X is converted to Y is [F = 96500 C mol⁻¹]"
2015_1_Q28,"If the freezing point of a 0.01 molal aqueous solution of a cobalt(III) chloride-ammonia complex (which behaves as a strong electrolyte) is -0.0558°C, the number of chloride(s) in the coordination sphere of the complex is [K_f of water = 1.86 K kg mol⁻¹]"
2015_1_Q29,Compound(s) that on hydrogenation produce(s) optically inactive compound(s) is (are) (A) Structure A (B) Structure B (C) Structure C (D) Structure D
2015_1_Q30,The major product of the following reaction is (A) Structure A (B) Structure B (C) Structure C (D) Structure D
2015_1_Q31,"In the following reaction, the major product is (A) Structure A (B) Structure B (C) Structure C (D) Structure D"
2015_1_Q32,The structure of D-(+)-glucose is CHO H OH HO H H OH H OH CH2OH The structure of L-(-)-glucose is (A) Structure A (B) Structure B (C) Structure C (D) Structure D
2015_1_Q33,The major product of the reaction is (A) Structure A (B) Structure B (C) Structure C (D) Structure D
2015_1_Q34,"The correct statement(s) about Cr²⁺ and Mn³⁺ is(are) [Atomic numbers of Cr = 24 and Mn = 25] (A) Cr²⁺ is a reducing agent (B) Mn³⁺ is an oxidizing agent (C) Both Cr²⁺ and Mn³⁺ exhibit d⁴ electronic configuration (D) When Cr²⁺ is used as a reducing agent, the chromium ion attains d⁵ electronic configuration"
2015_1_Q35,Copper is purified by electrolytic refining of blister copper. The correct statement(s) about this process is (are) (A) Impure Cu strip is used as cathode (B) Acidified aqueous CuSO₄ is used as electrolyte (C) Pure Cu deposits at cathode (D) Impurities settle as anode-mud
2015_1_Q36,Fe³⁺ is reduced to Fe²⁺ by using (A) H₂O₂ in presence of NaOH (B) Na₂O₂ in water (C) H₂O₂ in presence of H₂SO₄ (D) Na₂O₂ in presence of H₂SO₄
2015_1_Q37,"The %yield of ammonia as a function of time in the reaction N₂(g) + 3H₂(g) ⇌ 2NH₃(g), ΔH < 0 at (P, T₁) is given below. If this reaction is conducted at (P, T₂), with T₂ > T₁, the %yield of ammonia as a function of time is represented by (A) Graph A (B) Graph B (C) Graph C (D) Graph D"
2015_1_Q38,"If the unit cell of a mineral has cubic close packed (ccp) array of oxygen atoms with m fraction of octahedral holes occupied by aluminium ions and n fraction of tetrahedral holes occupied by magnesium ions, m and n, respectively, are (A) 1/2, 1/8 (B) 1, 1/4 (C) 1/2, 1/2 (D) 1/4, 1/8"
2015_1_Q39,Match the anionic species given in Column I that are present in the ore(s) given in Column II. Column I (A) Carbonate (B) Sulphide (C) Hydroxide (D) Oxide Column II (P) Siderite (Q) Malachite (R) Bauxite (S) Calamine (T) Argentite
2015_1_Q40,"Match the thermodynamic processes given under Column I with the expressions given under Column II. Column I (A) Freezing of water at 273 K and 1 atm (B) Expansion of 1 mol of an ideal gas into a vacuum under isolated conditions (C) Mixing of equal volumes of two ideal gases at constant temperature and pressure in an isolated container (D) Reversible heating of H₂(g) at 1 atm from 300 K to 600 K, followed by reversible cooling to 300 K at 1 atm Column II (P) q = 0 (Q) w = 0 (R) ΔS_sys < 0 (S) ΔU = 0 (T) ΔG = 0"
2015_1_Q41,"The number of distinct solutions of the equation 5/4 - cos² 2x + cos⁶ x + sin⁶ x + cos⁴ x + sin⁴ x = 2 in the interval [0, 2π] is"
2015_1_Q42,"Let the curve C be the mirror image of the parabola y² = 4x with respect to the line x + y + 4 = 0. If A and B are the points of intersection of C with the line y = -5, then the distance between A and B is"
2015_1_Q43,"The minimum number of times a fair coin needs to be tossed, so that the probability of getting at least two heads is at least 0.96, is"
2015_1_Q44,Let n be the number of ways in which 5 boys and 5 girls can stand in a queue in such a way that all the girls stand consecutively in the queue. Let m be the number of ways in which 5 boys and 5 girls can stand in a queue in such a way that exactly four girls stand consecutively in the queue. Then the value of m/n is
2015_1_Q45,"If the normals of the parabola y² = 4x drawn at the end points of its latus rectum are tangents to the circle (x - 3)² + (y + 2)² = r², then the value of r² is"
2015_1_Q46,"Let f: R→R be a function defined by f(x) = {[x], x ≤ 2; 0, x > 2}, where [x] is the greatest integer less than or equal to x. If I = ∫₁² (xf(x²))/(2+f(x+1)) dx, then the value of (4I-1) is"
2015_1_Q47,"A cylindrical container is to be made from certain solid material with the following constraints: It has a fixed inner volume of V mm³, has a 2 mm thick solid wall and is open at the top. The bottom of the container is a solid circular disc of thickness 2 mm and is of radius equal to the outer radius of the container. If the volume of the material used to make the container is minimum when the inner radius of the container is 10 mm, then the value of V/(250π) is"
2015_1_Q48,"Let F(x) = ∫₀^(x²+x/6) 2cos²t dt for all x ∈ R and f: [0, 1/2]→[0, ∞) be a continuous function. For a ∈ [0, 1/2], if F'(a) + 2 is the area of the region bounded by x = 0, y = 0, y = f(x) and x = a, then f(0) is"
2015_1_Q49,"Let X and Y be two arbitrary, 3×3, non-zero, skew-symmetric matrices and Z be an arbitrary 3×3, non-zero, symmetric matrix. Then which of the following matrices is (are) skew symmetric? (A) Y³Z⁴ - Z⁴Y³ (B) X⁴⁴ + Y⁴⁴ (C) X⁴Z³ - Z³X⁴ (D) X²³ + Y²³"
2015_1_Q50,Which of the following values of α satisfy the equation |(1+α)² (1+2α)² (1+3α)²; (2+α)² (2+2α)² (2+3α)²; (3+α)² (3+2α)² (3+3α)²| = -648α? (A) -4 (B) 9 (C) -9 (D) 4
2015_1_Q51,"In R³, consider the planes P₁: y = 0 and P₂: x + z = 1. Let P be a plane, different from P₁ and P₂, which passes through the intersection of P₁ and P₂. If the distance of the point (0, 1, 0) from P is 1 and the distance of a point (α, β, γ) from P is 2, then which of the following relations is (are) true? (A) 2α + β + 2γ + 2 = 0 (B) 2α - β + 2γ + 4 = 0 (C) 2α + β - 2γ – 10 = 0 (D) 2α - β + 2γ - 8 = 0"
2015_1_Q52,"In R³, let L be a straight line passing through the origin. Suppose that all the points on L are at a constant distance from the two planes P₁ : x + 2y - z + 1 = 0 and P₂: 2x - y + z - 1 = 0. Let M be the locus of the feet of the perpendiculars drawn from the points on L to the plane P₁. Which of the following points lie(s) on M? (A) (0, -5/6, -2/3) (B) (1/6, 1/3, 1/6) (C) (5/6, 0, 1/6) (D) (1/3, 0, 2/3)"
2015_1_Q53,"Let P and Q be distinct points on the parabola y² = 2x such that a circle with PQ as diameter passes through the vertex O of the parabola. If P lies in the first quadrant and the area of the triangle ΔOPQ is 3√2, then which of the following is (are) the coordinates of P? (A) (4, 2√2) (B) (9, 3√2) (C) (1/4, 1/2) (D) (1, √2)"
2015_1_Q54,"Let y(x) be a solution of the differential equation (1+eˣ)y' + yeˣ = 1. If y(0) = 2, then which of the following statements is (are) true? (A) y(-4) = 0 (B) y(-2) = 0 (C) y(x) has a critical point in the interval (-1, 0) (D) y(x) has no critical point in the interval (-1, 0)"
2015_1_Q55,"Consider the family of all circles whose centers lie on the straight line y = x. If this family of circles is represented by the differential equation Py'' + Qy' + 1 = 0, where P, Q are functions of x, y and y' (here y' = dy/dx, y'' = d²y/dx²), then which of the following statements is (are) true? (A) P = y + x (B) P = y - x (C) P + Q = 1 - x + y + y' + (y')² (D) P - Q = x + y - y' - (y')²"
2015_1_Q56,"Let g: R → R be a differentiable function with g(0) = 0, g'(0) = 0 and g'(1) ≠ 0. Let f(x) = {x/|x| g(x), x≠0; 0, x=0} and h(x) = eˣ for all x ∈ R. Let (f∘h)(x) denote f(h(x)) and (h∘f)(x) denote h(f(x)). Then which of the following is (are) true? (A) f is differentiable at x = 0 (B) h is differentiable at x = 0 (C) f∘h is differentiable at x = 0 (D) h∘f is differentiable at x = 0"
2015_1_Q57,"Let f(x) = sin (π/6 sin (π/2 sin x)) for all x ∈ R and g(x) = π/2 sin x for all x ∈ R. Let (f∘g)(x) denote f(g(x)) and (g∘f)(x) denote g(f(x)). Then which of the following is (are) true? (A) Range of f is [-1/2, 1/2] (B) Range of f∘g is [-1/2, 1/2] (C) lim_(x→0) f(x)/g(x) = π/6 (D) There is an x ∈ R such that (g∘f)(x) = 1"
2015_1_Q58,"Let ΔPQR be a triangle. Let vector `a` = QR, vector `b` = RP and vector `c` = PQ. If |vector `a`|=12, |vector `b`|= 4√3 and vector `b`⋅vector `c` = 24, then which of the following is (are) true? (A) |vector `c`|²/2 - |vector `a`|²/2 = 12 (B) |vector `a`|²/2 + |vector `b`|²/2 = 30 (C) |vector `a` x vector `b` + vector `c` x vector `a`| = 48√3 (D) vector `a`⋅vector `b` = -72"
2015_1_Q59,"Column I (A) In R², if the magnitude of the projection vector of the vector aî+ βĵ on √3î+ĵ is √3 and if α = 2 + √3β, then possible value(s) of |α| is (are) (B) Let a and b be real numbers such that the function f(x) = {3ax²-2, x<1; bx+a², x≥1} is differentiable for all x ∈ R. Then possible value(s) of a is (are) (C) Let ω ≠ 1 be a complex cube root of unity. If (3-3ω + 2ω²)⁴ⁿ⁺³ + (2+3ω-3ω²)⁴ⁿ⁺³ + (−3+2ω + 3ω²)⁴ⁿ⁺³ = 0, then possible value(s) of n is (are) (D) Let the harmonic mean of two positive real numbers a and b be 4. If q is a positive real number such that a, 5, q, b is an arithmetic progression, then the value(s) of |q-a| is (are) Column II (P) 1 (Q) 2 (R) 3 (S) 4 (T) 5"
2015_1_Q60,"Column I (A) In a triangle ΔXYZ, let a, b and c be the lengths of the sides opposite to the angles X, Y and Z, respectively. If 2(a²-b²) = c² and λ = sin(X-Y)/sin Z, then possible values of n for which cos(nπλ) = 0 is (are) (B) In a triangle ΔXYZ, let a, b and c be the lengths of the sides opposite to the angles X, Y and Z, respectively. If 1+cos 2X - 2cos 2Y = 2sin X sin Y, then possible value(s) of a/b is (are) (C) In R³, let √3î+ĵ, î+√3ĵ and βî+(1-β)ĵ be the position vectors of X, Y and Z with respect to the origin O, respectively. If the distance of Z from the bisector of the acute angle of OX with OY is 3/√2, then possible value(s) of |β| is (are) (D) Suppose that F(α) denotes the area of the region bounded by x = 0, x = 2, y² = 4x and y = |αx-1| + |αx-2| + αx, where α ∈ {0, 1}. Then the value(s) of F(α) + 8/√3, when α = 0 and α = 1, is (are) Column II (P) 1 (Q) 2 (R) 3 (S) 5 (T) 6"
2015_2_Q01,"A large spherical mass M is fixed at one position and two identical point masses m are kept on a line passing through the centre of M (see figure). The point masses are connected by a rigid massless rod of length l and this assembly is free to move along the line connecting them. All three masses interact only through their mutual gravitational interaction. When the point mass nearer to M is at a distance r = 3l from M, the tension in the rod is zero for m = k M/288 . The value of k is"
2015_2_Q02,"The energy of a system as a function of time t is given as E(t) = A² exp(-αt), where α = 0.2 s⁻¹. The measurement of A has an error of 1.25%. If the error in the measurement of time is 1.50%, the percentage error in the value of E(t) at t = 5 s is"
2015_2_Q03,"The densities of two solid spheres A and B of the same radii R vary with radial distance r as ρA(r) = k(r/R)⁵ and ρB(r) = k(r/R)⁵, respectively, where k is a constant. The moments of inertia of the individual spheres about axes passing through their centres are IA and IB, respectively. If IB/IA = n/10, the value of n is"
2015_2_Q04,"Four harmonic waves of equal frequencies and equal intensities Io have phase angles 0, π/3, 2π/3 and π. When they are superposed, the intensity of the resulting wave is nIo. The value of n is"
2015_2_Q05,"For a radioactive material, its activity A and rate of change of its activity R are defined as A=-dN/dt and R=-dA/dt, where N(t) is the number of nuclei at time t. Two radioactive sources P (mean life τ) and Q (mean life 2τ) have the same activity at t = 0. Their rates of change of activities at t = 2τ are Rp and RQ, respectively. If Rp/RQ = n/e, then the value of n is"
2015_2_Q06,A monochromatic beam of light is incident at 60° on one face of an equilateral prism of refractive index n and emerges from the opposite face making an angle θ(n) with the normal (see the figure). For n = √3 the value of θ is 60° and dθ/dn = m. The value of m is
2015_2_Q07,"In the following circuit, the current through the resistor R (= 2Ω) is I Amperes. The value of I is"
2015_2_Q08,An electron in an excited state of Li²+ ion has angular momentum 3h/2π. The de Broglie wavelength of the electron in this state is pπa₀ (where a₀ is the Bohr radius). The value of p is
2015_2_Q09,"Two spheres P and Q of equal radii have densities ρ₁ and ρ₂, respectively. The spheres are connected by a massless string and placed in liquids L₁ and L₂ of densities σ₁ and σ₂ and viscosities η₁ and η₂, respectively. They float in equilibrium with the sphere P in L₁ and sphere Q in L₂ and the string being taut (see figure). If sphere P alone in L₂ has terminal velocity →Vp, and Q alone in L₁ has terminal velocity →Vq, then (A) |→Vp|/|→Vq| = η₂/η₁ (B) |→Vp|/|→Vq| = η₁/η₂ (C) →Vp . →Vq > 0 (D) →Vp . →Vq < 0"
2015_2_Q10,"In terms of potential difference V, electric current I, permittivity ε₀, permeability µ₀ and speed of light c, the dimensionally correct equation(s) is (are) (A) µ₀I² = ε₀V² (B) ε₀I = µ₀V (C) I = ε₀cV (D) µ₀c I = ε₀V"
2015_2_Q11,"Consider a uniform spherical charge distribution of radius R₁ centred at the origin O. In this distribution, a spherical cavity of radius R₂, centred at P with distance OP = a = R₁ - R₂ (see figure) is made. If the electric field inside the cavity at position →r is →E(→r), then the correct statement(s) is(are) (A) →E is uniform, its magnitude is independent of R₂ but its direction depends on →r (B) →E is uniform, its magnitude depends on R₂ and its direction depends on →r (C) →E is uniform, its magnitude is independent of a but its direction depends on →a (D) →E is uniform and both its magnitude and direction depend on →a"
2015_2_Q12,"In plotting stress versus strain curves for two materials P and Q, a student by mistake puts strain on the y-axis and stress on the x-axis as shown in the figure. Then the correct statement(s) is (are) (A) P has more tensile strength than Q (B) P is more ductile than Q (C) P is more brittle than Q (D) The Young's modulus of P is more than that of Q"
2015_2_Q13,"A spherical body of radius R consists of a fluid of constant density and is in equilibrium under its own gravity. If P(r) is the pressure at r(r < R), then the correct option(s) is(are) (A) P(r = 0) = 0 (B) P(r = 3R/4)/P(r = 2R/3) = 63/80 (C) P(r = 3R/5)/P(r = 2R/5) = 16/21 (D) P(r = R/2)/P(r = R/3) = 20/27"
2015_2_Q14,"A parallel plate capacitor having plates of area S and plate separation d, has capacitance C₁ in air. When two dielectrics of different relative permittivities (ε₁ = 2 and ε₂ = 4) are introduced between the two plates as shown in the figure, the capacitance becomes C₂. The ratio C₂/C₁ is (A) 6/5 (B) 5/3 (C) 7/5 (D) 7/3"
2015_2_Q15,"An ideal monoatomic gas is confined in a horizontal cylinder by a spring loaded piston (as shown in the figure). Initially the gas is at temperature T₁, pressure P₁ and volume V₁ and the spring is in its relaxed state. The gas is then heated very slowly to temperature T₂, pressure P₂ and volume V₂. During this process the piston moves out by a distance x. Ignoring the friction between the piston and the cylinder, the correct statement(s) is (are) (A) If V₂ = 2V₁ and T₂ = 3T₁, then the energy stored in the spring is (1/4)P₁V₁ (B) If V₂ = 2V₁ and T₂ = 3T₁, then the change in internal energy is 3P₁V₁ (C) If V₂ = 3V₁ and T₂ = 4T₁, then the work done by the gas is (7/3)P₁V₁ (D) If V₂ = 3V₁ and T₂ = 4T₁, then the heat supplied to the gas is (17/6)P₁V₁"
2015_2_Q16,"A fission reaction is given by ²³⁶₉₂U → ¹⁴⁰₅₄Xe + ⁹⁴₃₈Sr + x + y, where x and y are two particles. Considering ²³⁶₉₂U to be at rest, the kinetic energies of the products are denoted by KXe, KSr, Kx (2 MeV) and Ky (2 MeV), respectively. Let the binding energies per nucleon of ²³⁶₉₂U, ¹⁴⁰₅₄Xe and ⁹⁴₃₈Sr be 7.5 MeV, 8.5 MeV and 8.5 MeV, respectively. Considering different conservation laws, the correct option(s) is (are) (A) x = n, y = n, KSr = 129 MeV, KXe = 86 MeV (B) x = p, y = e⁻, KSr = 129 MeV, KXe = 86 MeV (C) x = p, y = n, KSr = 129 MeV, KXe = 86 MeV (D) x = n, y = n, KSr = 86 MeV, KXe = 129 MeV"
2015_2_Q17,"Consider two different metallic strips (1 and 2) of the same material. Their lengths are the same, widths are w₁ and w₂ and thicknesses are d₁ and d₂, respectively. Two points K and M are symmetrically located on the opposite faces parallel to the x-y plane (see figure). V₁ and V₂ are the potential differences between K and M in strips 1 and 2, respectively. Then, for a given current I flowing through them in a given magnetic field strength B, the correct statement(s) is(are) (A) If w₁ = w₂ and d₁ = 2d₂, then V₂ = 2V₁ (B) If w₁ = w₂ and d₁ = 2d₂, then V₂ = (1/2)V₁ (C) If w₁ = 2w₂ and d₁ = d₂, then V₂ = 2V₁ (D) If w₁ = 2w₂ and d₁ = d₂, then V₂ = (1/2)V₁"
2015_2_Q18,"Consider two different metallic strips (1 and 2) of same dimensions (length l, width w and thickness d) with carrier densities n₁ and n₂, respectively. Strip 1 is placed in magnetic field B₁ and strip 2 is placed in magnetic field B₂, both along positive y-directions. Then V₁ and V₂ are the potential differences developed between K and M in strips 1 and 2, respectively. Assuming that the current I is the same for both the strips, the correct option(s) is(are) (A) If B₁ = B₂ and n₁ = 2n₂, then V₂ = 2V₁ (B) If B₁ = B₂ and n₁ = 2n₂, then V₂ = (1/2)V₁ (C) If B₁ = 2B₂ and n₁ = n₂, then V₂ = 0.5V₁ (D) If B₁ = 2B₂ and n₁ = n₂, then V₂ = V₁"
2015_2_Q19,"For two structures namely S₁ with n₁ = √45/4 and n₂ = 3/2, and S₂ with n₁ = 8/5 and n₂ = 7/5 and taking the refractive index of water to be 4/3 and that of air to be 1, the correct option(s) is (are) (A) NA of S₁ immersed in water is the same as that of S₂ immersed in a liquid of refractive index 16/(3√15) (B) NA of S₁ immersed in liquid of refractive index 6/√15 is the same as that of S₂ immersed in water (C) NA of S₁ placed in air is the same as that of S₂ immersed in liquid of refractive index 4/√15 (D) NA of S₁ placed in air is the same as that of S₂ placed in water"
2015_2_Q20,"If two structures of same cross-sectional area, but different numerical apertures NA₁ and NA₂ (NA₂ < NA₁) are joined longitudinally, the numerical aperture of the combined structure is (A) (NA₁ NA₂)/(NA₁ + NA₂) (B) NA₁ + NA₂ (C) NA₁ (D) NA₂"
2015_2_Q21,The number of hydroxyl group(s) in Q is
2015_2_Q22,"Among the following, the number of reaction(s) that produce(s) benzaldehyde is"
2015_2_Q23,"In the complex acetylbromidodicarbonylbis(triethylphosphine)iron(II), the number of Fe-C bond(s) is"
2015_2_Q24,"Among the complex ions, [Co(NH₂-CH₂-CH₂-NH₂)₂Cl₂]⁺, [CrCl₂(C₂O₄)₂]³⁻, [Fe(H₂O)₄(OH)₂]⁺, [Fe(NH₃)₂(CN)₄]⁻, [Co(NH₂-CH₂-CH₂-NH₂)₂(NH₃)Cl]²⁺ and [Co(NH₃)₄(H₂O)Cl]²⁺, the number of complex ion(s) that show(s) cis-trans isomerism is"
2015_2_Q25,Three moles of B₂H₆ are completely reacted with methanol. The number of moles of boron containing product formed is
2015_2_Q26,"The molar conductivity of a solution of a weak acid HX (0.01 M) is 10 times smaller than the molar conductivity of a solution of a weak acid HY (0.10 M). If λ⁰_HX/λ⁰_HY ≈ 1, the difference in their pKₐ values, pKₐ(HX) - pKₐ(HY), is (consider degree of ionization of both acids to be <<1)"
2015_2_Q27,"A closed vessel with rigid walls contains 1 mol of ²³⁸₉₂U and 1 mol of air at 298 K. Considering complete decay of ²³⁸₉₂U to ²⁰⁶₈₂Pb, the ratio of the final pressure to the initial pressure of the system at 298 K is"
2015_2_Q28,"In dilute aqueous H₂SO₄, the complex diaquodioxalatoferrate(II) is oxidized by MnO₄⁻. For this reaction, the ratio of the rate of change of [H⁺] to the rate of change of [MnO₄⁻] is"
2015_2_Q29,"In the following reactions, the product S is (A) H3C N (B) N (C) H3C N (D) H3C N"
2015_2_Q30,The major product U in the following reactions is (A) H O-O CH3 (B) H3C CH3 OH (C) H O-O CH2 (D) CH2 OH
2015_2_Q31,"In the following reactions, the major product W is (A) NEN OH (B) N=N (C) OH N-N (D) N=N"
2015_2_Q32,"The correct statement(s) regarding, (i) HClO, (ii) HClO₂, (iii) HClO₃ and (iv) HClO₄, is(are) (A) The number of Cl=O bonds in (ii) and (iii) together is two (B) The number of lone pairs of electrons on Cl in (ii) and (iii) together is three (C) The hybridization of Cl in (iv) is sp³ (D) Amongst (i) to (iv), the strongest acid is (i)"
2015_2_Q33,"The pair(s) of ions where BOTH the ions are precipitated upon passing H₂S gas in presence of dilute HCl, is(are) (A) Ba²⁺, Zn²⁺ (B) Bi³⁺, Fe³⁺ (C) Cu²⁺, Pb²⁺ (D) Hg²⁺, Bi³⁺"
2015_2_Q34,"Under hydrolytic conditions, the compounds used for preparation of linear polymer and for chain termination, respectively, are (A) CH₃SiCl₃ and Si(CH₃)₄ (B) (CH₃)₂SiCl₂ and (CH₃)₃SiCl (C) (CH₃)₂SiCl₂ and CH₃SiCl₃ (D) SiCl₄ and (CH₃)₃SiCl"
2015_2_Q35,"When O₂ is adsorbed on a metallic surface, electron transfer occurs from the metal to O₂. The TRUE statement(s) regarding this adsorption is(are) (A) O₂ is physisorbed (B) heat is released (C) occupancy of π*₂p of O₂ is increased (D) bond length of O₂ is increased"
2015_2_Q36,One mole of a monoatomic real gas satisfies the equation p(V-b) = RT where b is a constant. The relationship of interatomic potential V(r) and interatomic distance r for the gas is given by (A) V(r) vs r diagram (B) V(r) vs r diagram (C) V(r) vs r diagram (D) V(r) vs r diagram
2015_2_Q37,Enthalpy of dissociation (in kJ mol⁻¹) of acetic acid obtained from the Expt. 2 is (A) 1.0 (B) 10.0 (C) 24.5 (D) 51.4
2015_2_Q38,The pH of the solution after Expt. 2 is (A) 2.8 (B) 4.7 (C) 5.0 (D) 7.0
2015_2_Q39,"For any integer k, let αk = cos(kπ/7) + i sin(kπ/7), where i = √-1. The value of the expression (Σ from k=1 to 12 of (αk+1 - αk)) / (Σ from k=1 to 3 of |α4k-1 - α4k-2|) is"
2015_2_Q40,"Suppose that all the terms of an arithmetic progression (A.P.) are natural numbers. If the ratio of the sum of the first seven terms to the sum of the first eleven terms is 6:11 and the seventh term lies in between 130 and 140, then the common difference of this A.P. is"
2015_2_Q41,The coefficient of x⁹ in the expansion of (1 + x)(1 + x²)(1 + x³) ... (1 + x¹⁰⁰) is
2015_2_Q42,"Suppose that the foci of the ellipse x²/9 + y²/5 = 1 are (f₁, 0) and (f₂, 0) where f₁ > 0 and f₂ < 0. Let P₁ and P₂ be two parabolas with a common vertex at (0, 0) and with foci at (f₁, 0) and (2f₂, 0), respectively. Let T₁ be a tangent to P₁ which passes through (2f₂, 0) and T₂ be a tangent to P₂ which passes through (f₁, 0). If m₁ is the slope of T₁ and m₂ is the slope of T₂, then the value of (1/m₁² + 1/m₂²) is"
2015_2_Q43,Let m and n be two positive integers greater than 1. If lim a→0 (e^(cos(aⁿ)) - e) / aᵐ then the value of m/n is
2015_2_Q44,"If α = ∫ from 0 to 1 (e^(9x+3 tan⁻¹x)) (12+9x²)/(1+x²) dx where tan⁻¹x takes only principal values, then the value of logₑ|1+α| - 3π/4 is"
2015_2_Q45,"Let f: R→R be a continuous odd function, which vanishes exactly at one point and f(1) = 1/2. Suppose that F(x) = ∫ from -1 to x f(t) dt for all x ∈ [-1, 2] and G(x) = ∫ from -1 to x |f(f(t))| dt for all x ∈ [-1,2]. If lim x→1 F(x)/G(x) = 1/14, then the value of f(1/2) is"
2015_2_Q46,"Suppose that p, q and r are three non-coplanar vectors in R³. Let the components of a vector s along p, q and r be 4, 3 and 5, respectively. If the components of this vector s along (p+q+r), (p-q+r) and (-p-q+r) are x, y and z, respectively, then the value of 2x + y + z is"
2015_2_Q47,"Let S be the set of all non-zero real numbers α such that the quadratic equation αx² - x + α = 0 has two distinct real roots x₁ and x₂ satisfying the inequality |x₁-x₂|<1. Which of the following intervals is(are) a subset(s) of S? (A) (-1/2, -1/√5) (B) (-1/√5, 0) (C) (0, 1/√5) (D) (1/√5, 1/2)"
2015_2_Q48,"If α = 3sin⁻¹(6/11) and β = 3cos⁻¹(4/9) where the inverse trigonometric functions take only the principal values, then the correct option(s) is (are) (A) cosβ > 0 (B) sinβ < 0 (C) cos(α + β) > 0 (D) cosα < 0"
2015_2_Q49,"Let E₁ and E₂ be two ellipses whose centers are at the origin. The major axes of E₁ and E₂ lie along the x-axis and the y-axis, respectively. Let S be the circle x² + (y - 1)² = 2. The straight line x + y = 3 touches the curves S, E₁ and E₂ at P, Q and R, respectively. Suppose that PQ = PR = 2√2/3. If e₁ and e₂ are the eccentricities of E₁ and E₂, respectively, then the correct expression(s) is(are) (A) e₁² + e₂² = 43/40 (B) e₁ e₂ = √7/(2√10) (C) |e₁² - e₂²| = 5/8 (D) e₁e₂ = √3/4"
2015_2_Q50,"Consider the hyperbola H: x²-y² = 1 and a circle S with center N(x₂,0). Suppose that H and S touch each other at a point P(x₁,y₁) with x₁ > 1 and y₁ > 0. The common tangent to H and S at P intersects the x-axis at point M. If (l, m) is the centroid of the triangle ΔPMN, then the correct expression(s) is (are) (A) dl/dx₁ = 1 - 1/(3x₁²) for x₁ > 1 (B) dm/dx₁ = x₁/(3√(x₁²-1)) for x₁ > 1 (C) dl/dx₁ = 1 + 1/(3x₁²) for x₁ > 1 (D) dm/dy₁ = 1/3 for y₁ > 0"
2015_2_Q51,"The option(s) with the values of a and L that satisfy the following equation is(are) ∫ from 0 to 4π eᵗ(sin⁶at + cos⁴at) dt / ∫ from 0 to π eᵗ(sin⁶at + cos⁴at) dt = L? (A) a=2, L = (e⁴π-1)/(eπ-1) (B) a=2, L = (e⁴π+1)/(eπ+1) (C) a=4, L = (e⁴π-1)/(eπ-1) (D) a=4, L = (e⁴π+1)/(eπ+1)"
2015_2_Q52,"Let f,g: [-1, 2] → R be continuous functions which are twice differentiable on the interval (-1, 2). Let the values of f and g at the points -1, 0 and 2 be as given in the following table: x=-1, x=0, x=2, f(x): 3, 6, 0, g(x): 0, 1, -1. In each of the intervals (-1, 0) and (0, 2) the function (f-3g)'' never vanishes. Then the correct statement(s) is (are) (A) f'(x)-3g'(x) = 0 has exactly three solutions in (-1, 0) ∪ (0, 2) (B) f'(x)-3g'(x) = 0 has exactly one solution in (-1, 0) (C) f'(x)-3g'(x) = 0 has exactly one solution in (0, 2) (D) f'(x)-3g'(x) = 0 has exactly two solutions in (-1, 0) and exactly two solutions in (0, 2)"
2015_2_Q53,"Let f(x) = 7 tan⁸x + 7 tan⁶x - 3 tan⁴x - 3tan²x for all x ∈ (-π/2, π/2). Then the correct expression(s) is(are) (A) ∫ from 0 to π/4 x f(x) dx = 1/12 (B) ∫ from 0 to π/4 f(x)dx = 0 (C) ∫ from 0 to π/4 x f(x) dx = 1/6 (D) ∫ from 0 to π/4 f(x)dx = 1"
2015_2_Q54,"Let f'(x) = 192x³ / (2 + sin²πx) for all x ∈ R with f(1/2) = 0. If m ≤ ∫ from 0 to 1/2 f(x)dx ≤ M, then the possible values of m and M are (A) m=13, M = 24 (B) m=1/4, M=1/2 (C) m=-11, M = 0 (D) m = 1, M = 12"
2015_2_Q55,"Let n₁ and n₂ be the number of red and black balls, respectively, in box I. Let n₃ and n₄ be the number of red and black balls, respectively, in box II. One of the two boxes, box I and box II, was selected at random and a ball was drawn randomly out of this box. The ball was found to be red. If the probability that this red ball was drawn from box II is 1/3, then the correct option(s) with the possible values of n₁, n₂, n₃ and n₄ is(are) (A) n₁ = 3, n₂ = 3, n₃ = 5, n₄ = 15 (B) n₁ = 3, n₂ = 6, n₃ = 10, n₄ = 50 (C) n₁ = 8, n₂ = 6, n₃ = 5, n₄ = 20 (D) n₁ = 6, n₂ = 12, n₃ = 5, n₄ = 20"
2015_2_Q56,"A ball is drawn at random from box I and transferred to box II. If the probability of drawing a red ball from box I, after this transfer, is 1/3, then the correct option(s) with the possible values of n₁ and n₂ is(are) (A) n₁ = 4 and n₂ = 6 (B) n₁ = 2 and n₂ = 3 (C) n₁ = 10 and n₂ = 20 (D) n₁ = 3 and n₂ = 6"
2015_2_Q57,"Let F: R→R be a thrice differentiable function. Suppose that F(1) = 0, F(3) = -4 and F'(x) < 0 for all x ∈ (1/2, 3). Let f(x) = xF(x) for all x ∈ R. The correct statement(s) is (are) (A) f'(1) < 0 (B) f(2) < 0 (C) f'(x) ≠ 0 for any x ∈ (1, 3) (D) f'(x) = 0 for some x ∈ (1, 3)"
2015_2_Q58,"If ∫ from 1 to 3 x²F(x)dx = -12 and ∫ from 1 to 3 x³ F''(x)dx = 40, then the correct expression(s) is (are) (A) 9f'(3) + f'(1) – 32 = 0 (B) ∫ from 1 to 3 f(x)dx = 12 (C) 9f'(3)-f'(1) + 32 = 0 (D) ∫ from 1 to 3 f(x)dx = -12"
2016_1_Q01,"In a historical experiment to determine Planck's constant, a metal surface was irradiated with light of different wavelengths. The emitted photoelectron energies were measured by applying a stopping potential. The relevant data for the wavelength (λ) of incident light and the corresponding stopping potential (V₀) are given below:
λ (μm) | V₀ (Volt)
---|---
0.3 | 2.0
0.4 | 1.0
0.5 | 0.4
Given that c = 3 x 10⁸ m s⁻¹ and e = 1.6 × 10⁻¹⁹ C, Planck's constant (in units of J s) found from such an experiment is
(A) 6.0 × 10⁻³⁴ (B) 6.4 × 10⁻³⁴ (C) 6.6 x 10⁻³⁴ (D) 6.8 x 10⁻³⁴"
2016_1_Q02,"A uniform wooden stick of mass 1.6 kg and length l rests in an inclined manner on a smooth, vertical wall of height h(<l) such that a small portion of the stick extends beyond the wall. The reaction force of the wall on the stick is perpendicular to the stick. The stick makes an angle of 30° with the wall and the bottom of the stick is on a rough floor. The reaction of the wall on the stick is equal in magnitude to the reaction of the floor on the stick. The ratio h/l and the frictional force f at the bottom of the stick are
(g = 10 m s⁻²)
(A) h/l = √3/16, f = 4√3/3 N (B) h/l = 3/16, f = 16√3/3 N
(C) h/l = 3√3/16, f = 8√3/3 N (D) h/l = 3√3/16, f = 16√3/3 N"
2016_1_Q03,"A water cooler of storage capacity 120 litres can cool water at a constant rate of P watts. In a closed circulation system (as shown schematically in the figure), the water from the cooler is used to cool an external device that generates constantly 3 kW of heat (thermal load). The temperature of water fed into the device cannot exceed 30 °C and the entire stored 120 litres of water is initially cooled to 10 °C. The entire system is thermally insulated. The minimum value of P (in watts) for which the device can be operated for 3 hours is
(Specific heat of water is 4.2 kJ kg⁻¹ K⁻¹ and the density of water is 1000 kg m⁻³)
(A) 1600 (B) 2067 (C) 2533 (D) 3933"
2016_1_Q04,"A parallel beam of light is incident from air at an angle α on the side PQ of a right angled triangular prism of refractive index n=√2. Light undergoes total internal reflection in the prism at the face PR when α has a minimum value of 45°. The angle θ of the prism is
(A) 15° (B) 22.5° (C) 30° (D) 45°"
2016_1_Q05,"An infinite line charge of uniform electric charge density λ lies along the axis of an electrically conducting infinite cylindrical shell of radius R. At time t = 0, the space inside the cylinder is filled with a material of permittivity ε and electrical conductivity σ. The electrical conduction in the material follows Ohm's law. Which one of the following graphs best describes the subsequent variation of the magnitude of current density j(t) at any point in the material?
(A) j(t) starts high and decreases linearly to zero (B) j(t) starts high and decreases exponentially to zero
(C) j(t) starts high and decreases exponentially to a non-zero constant (D) j(t) is a constant non-zero value"
2016_1_Q06,"Highly excited states for hydrogen-like atoms (also called Rydberg states) with nuclear charge Ze are defined by their principal quantum number n, where n>>1. Which of the following statement(s) is (are) true?
(A) Relative change in the radii of two consecutive orbitals does not depend on Z
(B) Relative change in the radii of two consecutive orbitals varies as 1/n
(C) Relative change in the energy of two consecutive orbitals varies as 1/n³
(D) Relative change in the angular momenta of two consecutive orbitals varies as 1/n"
2016_1_Q07,"Two loudspeakers M and N are located 20 m apart and emit sound at frequencies 118 Hz and 121 Hz, respectively. A car is initially at a point P, 1800 m away from the midpoint Q of the line MN and moves towards Q constantly at 60 km/hr along the perpendicular bisector of MN. It crosses Q and eventually reaches a point R, 1800 m away from Q. Let v(t) represent the beat frequency measured by a person sitting in the car at time t. Let Vp, VQ and VR be the beat frequencies measured at locations P, Q and R, respectively. The speed of sound in air is 330 m s⁻¹. Which of the following statement(s) is(are) true regarding the sound heard by the person?
(A) Vp + VR = 2 VQ
(B) The rate of change in beat frequency is maximum when the car passes through Q
(C) The plot below represents schematically the variation of beat frequency with time (graph shows v(t) decreasing from P, passing through Q (minimum), and increasing towards R)
(D) The plot below represents schematically the variation of beat frequency with time (graph shows v(t) decreasing from P, then increasing through Q, and continuing to increase towards R)"
2016_1_Q08,"An incandescent bulb has a thin filament of tungsten that is heated to high temperature by passing an electric current. The hot filament emits black-body radiation. The filament is observed to break up at random locations after a sufficiently long time of operation due to non-uniform evaporation of tungsten from the filament. If the bulb is powered at constant voltage, which of the following statement(s) is (are) true?
(A) The temperature distribution over the filament is uniform
(B) The resistance over small sections of the filament decreases with time
(C) The filament emits more light at higher band of frequencies before it breaks up
(D) The filament consumes less electrical power towards the end of the life of the bulb"
2016_1_Q09,"A plano-convex lens is made of a material of refractive index n. When a small object is placed 30 cm away in front of the curved surface of the lens, an image of double the size of the object is produced. Due to reflection from the convex surface of the lens, another faint image is observed at a distance of 10 cm away from the lens. Which of the following statement(s) is(are) true?
(A) The refractive index of the lens is 2.5
(B) The radius of curvature of the convex surface is 45 cm
(C) The faint image is erect and real
(D) The focal length of the lens is 20 cm"
2016_1_Q10,"A length-scale (l) depends on the permittivity (ε) of a dielectric material, Boltzmann constant (k_B), the absolute temperature (T), the number per unit volume (n) of certain charged particles, and the charge (q) carried by each of the particles. Which of the following expression(s) for l is (are) dimensionally correct?
(A) l = √(nq² / (εk_BT)) (B) l = √(εk_BT / (nq²))
(C) l = √(q² / (εn^(2/3) k_BT)) (D) l = √(q² / (εn^(1/3) k_BT))"
2016_1_Q11,"A conducting loop in the shape of a right angled isosceles triangle of height 10 cm is kept such that the 90° vertex is very close to an infinitely long conducting wire (see the figure). The wire is electrically insulated from the loop. The hypotenuse of the triangle is parallel to the wire. The current in the triangular loop is in counterclockwise direction and increased at a constant rate of 10 A s⁻¹. Which of the following statement(s) is (are) true?
(A) The magnitude of induced emf in the wire is μ₀/π volt
(B) If the loop is rotated at a constant angular speed about the wire, an additional emf of μ₀/π volt is induced in the wire
(C) The induced current in the wire is in opposite direction to the current along the hypotenuse
(D) There is a repulsive force between the wire and the loop"
2016_1_Q12,"The position vector r⃗ of a particle of mass m is given by the following equation
r⃗(t)=αt³î + βt²ĵ,
where α=10/3 m s⁻³, β= 5 m s⁻² and m=0.1 kg. At t=1 s, which of the following statement(s) is (are) true about the particle?
(A) The velocity v⃗ is given by v⃗ = (10î + 10ĵ) m s⁻¹
(B) The angular momentum L⃗ with respect to the origin is given by L⃗ = -(5/3)k̂ N m s
(C) The force F⃗ is given by F⃗ = (î + 2ĵ)N
(D) The torque τ⃗ with respect to the origin is given by τ⃗ = -(20/3)k̂ N m"
2016_1_Q13,"A transparent slab of thickness d has a refractive index n(z) that increases with z. Here z is the vertical distance inside the slab, measured from the top. The slab is placed between two media with uniform refractive indices n₁ and n₂(>n₁), as shown in the figure. A ray of light is incident with angle θ₁ from medium 1 and emerges in medium 2 with refraction angle θ_f with a lateral displacement l.
Which of the following statement(s) is (are) true?
(A) n₁ sin θ₁ = n₂ sin θ_f
(B) n₁ sin θ₁ = (n₂ - n₁) sin θ_f
(C) l is independent of n₂
(D) l is dependent on n(z)"
2016_1_Q14,"A metal is heated in a furnace where a sensor is kept above the metal surface to read the power radiated (P) by the metal. The sensor has a scale that displays log₂(P/P₀), where P₀ is a constant. When the metal surface is at a temperature of 487 °C, the sensor shows a value 1. Assume that the emissivity of the metallic surface remains constant. What is the value displayed by the sensor when the temperature of the metal surface is raised to 2767 °C?"
2016_1_Q15,"The isotope ¹²B having a mass 12.014 u undergoes β-decay to ¹²C. ¹²C has an excited state of the nucleus (¹²C*) at 4.041 MeV above its ground state. If ¹²B decays to ¹²C*, the maximum kinetic energy of the β-particle in units of MeV is
(1 u = 931.5 MeV/c², where c is the speed of light in vacuum)."
2016_1_Q16,"A hydrogen atom in its ground state is irradiated by light of wavelength 970 Å. Taking hc/e = 1.237 x 10⁻⁶ eV m and the ground state energy of hydrogen atom as -13.6 eV, the number of lines present in the emission spectrum is"
2016_1_Q17,"Consider two solid spheres P and Q each of density 8 gm cm⁻³ and diameters 1 cm and 0.5 cm, respectively. Sphere P is dropped into a liquid of density 0.8 gm cm⁻³ and viscosity η=3 poiseulles. Sphere Q is dropped into a liquid of density 1.6 gm cm⁻³ and viscosity η=2 poiseulles. The ratio of the terminal velocities of P and Q is"
2016_1_Q18,"Two inductors L₁ (inductance 1 mH, internal resistance 3 Ω) and L₂ (inductance 2 mH, internal resistance 4 Ω), and a resistor R (resistance 12 Ω) are all connected in parallel across a 5 V battery. The circuit is switched on at time t = 0. The ratio of the maximum to the minimum current (I_max /I_min) drawn from the battery is"
2016_1_Q19,"P is the probability of finding the 1s electron of hydrogen atom in a spherical shell of infinitesimal thickness, dr, at a distance r from the nucleus. The volume of this shell is 4 πr²dr. The qualitative sketch of the dependence of P on r is
(A) graph (P increasing then decreasing linearly)
(B) graph (P increasing then decreasing with a curve, starting at P=0, r=0)
(C) graph (P increasing then decreasing with a curve, starting at P=0, r=0)
(D) graph (P increasing then decreasing with a curve, starting at P=0, r=0)"
2016_1_Q20,"One mole of an ideal gas at 300 K in thermal contact with surroundings expands isothermally from 1.0 L to 2.0 L against a constant pressure of 3.0 atm. In this process, the change in entropy of surroundings (ΔS_surr) in J K⁻¹ is
(1 L atm = 101.3 J)
(A) 5.763 (B) 1.013 (C) -1.013 (D) -5.763"
2016_1_Q21,"The increasing order of atomic radii of the following Group 13 elements is
(A) Al < Ga < In < Tl (B) Ga < Al < In < Tl
(C) Al < In < Ga < Tl (D) Al < Ga < Tl < In"
2016_1_Q22,"Among [Ni (CO)₄], [NiCl₄]²⁻, [Co(NH₃)₄Cl₂]Cl, Na₃ [CoF₆], Na₂O₂ and CsO₂, the total number of paramagnetic compounds is
(A) 2 (B) 3 (C) 4 (D) 5"
2016_1_Q23,"On complete hydrogenation, natural rubber produces
(A) ethylene-propylene copolymer (B) vulcanised rubber
(C) polypropylene (D) polybutylene"
2016_1_Q24,"According to the Arrhenius equation,
(A) a high activation energy usually implies a fast reaction.
(B) rate constant increases with increase in temperature. This is due to a greater number of collisions whose energy exceeds the activation energy.
(C) higher the magnitude of activation energy, stronger is the temperature dependence of the rate constant.
(D) the pre-exponential factor is a measure of the rate at which collisions occur, irrespective of their energy."
2016_1_Q25,"A plot of the number of neutrons (N) against the number of protons (P) of stable nuclei exhibits upward deviation from linearity for atomic number, Z > 20. For an unstable nucleus having N/P ratio less than 1, the possible mode(s) of decay is (are)
(A) β⁻-decay (β⁻ emission) (B) orbital or K-electron capture
(C) neutron emission (D) β⁺-decay (positron emission)"
2016_1_Q26,"The crystalline form of borax has
(A) tetranuclear [B₄O₅(OH)₄]²⁻ unit
(B) all boron atoms in the same plane
(C) equal number of sp² and sp³ hybridized boron atoms
(D) one terminal hydroxide per boron atom"
2016_1_Q27,"The compound(s) with TWO lone pairs of electrons on the central atom is(are)
(A) BrF₅ (B) ClF₃ (C) XeF₄ (D) SF₄"
2016_1_Q28,"The reagent(s) that can selectively precipitate S²⁻ from a mixture of S²⁻ and SO₄²⁻ in aqueous solution is(are)
(A) CuCl₂ (B) BaCl₂ (C) Pb(OOCCH₃)₂ (D) Na₂[Fe(CN)₅NO]"
2016_1_Q29,"Positive Tollen's test is observed for
(A) structure shown in (A) (H-C(=O)-H)
(B) structure shown in (B) (benzaldehyde)
(C) structure shown in (C) (ketone with phenyl groups)
(D) structure shown in (D) (ketone with phenyl groups)"
2016_1_Q30,"The product(s) of the following reaction sequence is (are)
Benzene-NH₂ --(i) Acetic anhydride/pyridine --> --(ii) KBrO₃/HBr --> --(iii) H₃O⁺, heat --> --(iv) NaNO₂/HCl, 273-278 K --> --(v) Cu/HBr -->
(A) structure shown in (A) (bromobenzene)
(B) structure shown in (B) (1,3-dibromobenzene)
(C) structure shown in (C) (1,2,4-tribromobenzene)
(D) structure shown in (D) (1,3,5-tribromobenzene)"
2016_1_Q31,"The correct statement(s) about the following reaction sequence is(are)
Cumene (C₉H₁₂) --(i) O₂; (ii) H₃O⁺ --> P --(CHCl₃/NaOH)--> Q (major) + R (minor)
Q --(NaOH)--> S
S --(PhCH₂Br)-->
(A) R is steam volatile
(B) Q gives dark violet coloration with 1% aqueous FeCl₃ solution
(C) S gives yellow precipitate with 2, 4-dinitrophenylhydrazine
(D) S gives dark violet coloration with 1% aqueous FeCl₃ solution"
2016_1_Q32,"The mole fraction of a solute in a solution is 0.1. At 298 K, molarity of this solution is the same as its molality. Density of this solution at 298 K is 2.0 g cm⁻³. The ratio of the molecular weights of the solute and solvent, MW_solute / MW_solvent, is"
2016_1_Q33,"The diffusion coefficient of an ideal gas is proportional to its mean free path and mean speed. The absolute temperature of an ideal gas is increased 4 times and its pressure is increased 2 times. As a result, the diffusion coefficient of this gas increases x times. The value of x is"
2016_1_Q34,"In neutral or faintly alkaline solution, 8 moles of permanganate anion quantitatively oxidize thiosulphate anions to produce X moles of a sulphur containing product. The magnitude of X is"
2016_1_Q35,The number of geometric isomers possible for the complex [CoL₂Cl₂]⁺ (L = H₂NCH₂CH₂O⁻) is
2016_1_Q36,"In the following monobromination reaction, the number of possible chiral products is
CH₃-CH₂-CH(CH₃)-Br (1.0 mole) --(Br₂, 1.0 mole, 300 °C)-->
(enantiomerically pure)"
2016_1_Q37,"Let -π/6 < θ < -π/12. Suppose α₁ and β₁ are the roots of the equation x²-2xsecθ+1=0 and α₂ and β₂ are the roots of the equation x²+2xtanθ-1=0. If α₁ > β₁ and α₂ > β₂, then α₁ + β₂ equals
(A) 2(secθ - tanθ) (B) 2secθ
(C) -2tanθ (D) 0"
2016_1_Q38,"A debate club consists of 6 girls and 4 boys. A team of 4 members is to be selected from this club including the selection of a captain (from among these 4 members) for the team. If the team has to include at most one boy, then the number of ways of selecting the team is
(A) 380 (B) 320 (C) 260 (D) 95"
2016_1_Q39,"Let S = {x∈(-π, π): x ≠ 0, ±π/2}. The sum of all distinct solutions of the equation
√3 secx+cosecx+2(tanx - cotx) = 0 in the set S is equal to
(A) 7π/9 (B) 2π/9 (C) 0 (D) 5π/9"
2016_1_Q40,"A computer producing factory has only two plants T₁ and T₂. Plant T₁ produces 20% and plant T₂ produces 80% of the total computers produced. 7% of computers produced in the factory turn out to be defective. It is known that
P(computer turns out to be defective given that it is produced in plant T₁) = 10 P(computer turns out to be defective given that it is produced in plant T₂),
where P(E) denotes the probability of an event E. A computer produced in the factory is randomly selected and it does not turn out to be defective. Then the probability that it is produced in plant T₂ is
(A) 36/73 (B) 47/79 (C) 78/93 (D) 75/83"
2016_1_Q41,"The least value of a ∈ R for which 4ax² + 1/x ≥ 1, for all x > 0, is
(A) 1/64 (B) 1/32 (C) 1/27 (D) 1/25"
2016_1_Q42,"Consider a pyramid OPQRS located in the first octant (x≥0, y ≥0, z≥0) with O as origin, and OP and OR along the x-axis and the y-axis, respectively. The base OPQR of the pyramid is a square with OP = 3. The point S is directly above the mid-point T of diagonal OQ such that TS = 3. Then
(A) the acute angle between OQ and OS is π/3
(B) the equation of the plane containing the triangle OQS is x - y = 0
(C) the length of the perpendicular from P to the plane containing the triangle OQS is 3/√2
(D) the perpendicular distance from O to the straight line containing RS is √(15/2)"
2016_1_Q43,"Let f: (0,∞) → R be a differentiable function such that f'(x)=2 - f(x)/x for all x ∈ (0,∞) and f(1)≠1. Then
(A) lim_(x→0⁺) f(1/x) = 1 (B) lim_(x→0⁺) xf(1/x) = 2
(C) lim_(x→0⁺) x²f'(x) = 0 (D) |f(x)| ≤ 2 for all x ∈ (0,2)"
2016_1_Q44,"Let P = 
[[3, -1, -2],
[2, 0, a],
[3, -5, 0]]
, where a ∈ R. Suppose Q = [qᵢⱼ] is a matrix such that PQ = kI, where k ∈ R, k ≠ 0 and I is the identity matrix of order 3. If q₂₃ = -k/8 and det(Q) = k²/2, then
(A) a = 0, k = 8
(B) 4a - k + 8 = 0
(C) det(P adj(Q)) = 2⁹
(D) det(Q adj(P)) = 2¹³"
2016_1_Q45,"In a triangle XYZ, let x, y, z be the lengths of sides opposite to the angles X,Y,Z, respectively, and 2s = x+y+z. If (s-x)/4 = (s-y)/3 = (s-z)/2 and area of incircle of the triangle XYZ is 8π/3, then
(A) area of the triangle XYZ is 6√6
(B) the radius of circumcircle of the triangle XYZ is 35√6 / 6
(C) sin(X/2) sin(Y/2) sin(Z/2) = 4/35
(D) sin²((X+Y)/2) = 3/5"
2016_1_Q46,"A solution curve of the differential equation (x² +xy+4x+2y+4)dy/dx - y² = 0, x>0, passes through the point (1,3). Then the solution curve
(A) intersects y = x + 2 exactly at one point
(B) intersects y = x + 2 exactly at two points
(C) intersects y = (x + 2)²
(D) does NOT intersect y = (x + 3)²"
2016_1_Q47,"Let f: R→R, g: R→R and h: R→R be differentiable functions such that f(x) = x³ +3x+2, g(f(x)) = x and h(g(g(x))) = x for all x ∈ R. Then
(A) g'(2) = 1/15 (B) h'(1) = 666
(C) h(0) = 16 (D) h(g(3)) = 36"
2016_1_Q48,"The circle C₁: x² + y² = 3, with centre at O, intersects the parabola x² = 2y at the point P in the first quadrant. Let the tangent to the circle C₁ at P touches other two circles C₂ and C₃ at R₂ and R₃, respectively. Suppose C₂ and C₃ have equal radii 2√3 and centres Q₂ and Q₃, respectively. If Q₂ and Q₃ lie on the y-axis, then
(A) Q₂Q₃ = 12
(B) R₂R₃ = 4√6
(C) area of the triangle OR₂R₃ is 6√2
(D) area of the triangle PQ₂Q₃ is 4√2"
2016_1_Q49,"Let RS be the diameter of the circle x² + y² = 1, where S is the point (1,0). Let P be a variable point (other than R and S) on the circle and tangents to the circle at S and P meet at the point Q. The normal to the circle at P intersects a line drawn through Q parallel to RS at point E. Then the locus of E passes through the point(s)
(A) (1/3, 1/√3) (B) (1/4, 1/2) (C) (1/3, -1/√3) (D) (-1/4, 1/2)"
2016_1_Q50,"The total number of distinct x ∈ R for which 
|
x | x² | 1+x³
2x | 4x² | 1+8x³
3x | 9x² | 1+27x³
| = 10 is"
2016_1_Q51,Let m be the smallest positive integer such that the coefficient of x² in the expansion of (1+x)²+(1+x)³+...+(1+x)⁴⁹+(1+mx)⁵⁰ is (3n+1) ⁵¹C₃ for some positive integer n. Then the value of n is
2016_1_Q52,"The total number of distinct x ∈ [0, 1] for which ∫₀ˣ t²/(1+t⁴) dt = 2x-1 is"
2016_1_Q53,"Let α, β ∈ R be such that lim_(x→0) x²sin(βx)/(αx-sinx) = 1. Then 6(α + β) equals"
2016_1_Q54,"Let z = (-1+√3i)/2, where i = √-1, and r,s ∈ {1,2,3}. Let P = [[(-z)ʳ, z²ˢ],[z²ˢ, zʳ]] and I be the identity matrix of order 2. Then the total number of ordered pairs (r, s) for which P² = -I is"
2016_2_Q01,"The electrostatic energy of Z protons uniformly distributed throughout a spherical nucleus of radius R is given by E = (3 Z(Z-1)e²) / (5 4πε₀ R). The measured masses of the neutron, ¹H, ¹⁵N and ¹⁵O are 1.008665 u, 1.007825 u, 15.000109 u and 15.003065 u, respectively. Given that the radii of both the ¹⁵N and ¹⁵O nuclei are same, 1 u = 931.5 MeV/c² (c is the speed of light) and e²/(4πε₀)=1.44 MeV fm. Assuming that the difference between the binding energies of ¹⁵N and ¹⁵O is purely due to the electrostatic energy, the radius of either of the nuclei is (1 fm = 10⁻¹⁵ m)
(A) 2.85 fm (B) 3.03 fm (C) 3.42 fm (D) 3.80 fm"
2016_2_Q02,"An accident in a nuclear laboratory resulted in deposition of a certain amount of radioactive material of half-life 18 days inside the laboratory. Tests revealed that the radiation was 64 times more than the permissible level required for safe operation of the laboratory. What is the minimum number of days after which the laboratory can be considered safe for use?
(A) 64 (B) 90 (C) 108 (D) 120"
2016_2_Q03,"A gas is enclosed in a cylinder with a movable frictionless piston. Its initial thermodynamic state at pressure Pᵢ=10⁵ Pa and volume Vᵢ = 10⁻³ m³ changes to a final state at P_f = (1/32) × 10⁵ Pa and V_f = 8×10⁻³ m³ in an adiabatic quasi-static process, such that P³V⁵ = constant. Consider another thermodynamic process that brings the system from the same initial state to the same final state in two steps: an isobaric expansion at Pᵢ followed by an isochoric (isovolumetric) process at volume V_f. The amount of heat supplied to the system in the two-step process is approximately
(A) 112 J (B) 294 J (C) 588 J (D) 813 J"
2016_2_Q04,"The ends Q and R of two thin wires, PQ and RS, are soldered (joined) together. Initially each of the wires has a length of 1 m at 10 °C. Now the end P is maintained at 10 °C, while the end S is heated and maintained at 400 °C. The system is thermally insulated from its surroundings. If the thermal conductivity of wire PQ is twice that of the wire RS and the coefficient of linear thermal expansion of PQ is 1.2 × 10⁻⁵ K⁻¹, the change in length of the wire PQ is
(A) 0.78 mm (B) 0.90 mm (C) 1.56 mm (D) 2.34 mm"
2016_2_Q05,"A small object is placed 50 cm to the left of a thin convex lens of focal length 30 cm. A convex spherical mirror of radius of curvature 100 cm is placed to the right of the lens at a distance of 50 cm. The mirror is tilted such that the axis of the mirror is at an angle θ = 30° to the axis of the lens, as shown in the figure. If the origin of the coordinate system is taken to be at the centre of the lens, the coordinates (in cm) of the point (x,y) at which the image is formed are
(A) (0,0) (B) (50 - 25√3, 25) (C) (25, 25√3) (D) (125/3, 25/√3)"
2016_2_Q06,"There are two Vernier calipers both of which have 1 cm divided into 10 equal divisions on the main scale. The Vernier scale of one of the calipers (C₁) has 10 equal divisions that correspond to 9 main scale divisions. The Vernier scale of the other caliper (C₂) has 10 equal divisions that correspond to 11 main scale divisions. The readings of the two calipers are shown in the figure. The measured values (in cm) by calipers C₁ and C₂, respectively, are
(A) 2.85 and 2.82 (B) 2.87 and 2.83 (C) 2.87 and 2.86 (D) 2.87 and 2.87"
2016_2_Q07,"Two thin circular discs of mass m and 4m, having radii of a and 2a, respectively, are rigidly fixed by a massless, rigid rod of length l= √24 a through their centers. This assembly is laid on a firm and flat surface, and set rolling without slipping on the surface so that the angular speed about the axis of the rod is ω. The angular momentum of the entire assembly about the point 'O' is L (see the figure). Which of the following statement(s) is(are) true?
(A) The center of mass of the assembly rotates about the z-axis with an angular speed of ω/5 (B) The magnitude of angular momentum of center of mass of the assembly about the point O is 81 ma²ω (C) The magnitude of angular momentum of the assembly about its center of mass is 17 ma²ω/2 (D) The magnitude of the z-component of L is 55 ma²ω"
2016_2_Q08,"Light of wavelength λ_ph falls on a cathode plate inside a vacuum tube as shown in the figure. The work function of the cathode surface is φ and the anode is a wire mesh of conducting material kept at a distance d from the cathode. A potential difference V is maintained between the electrodes. If the minimum de Broglie wavelength of the electrons passing through the anode is λ_e, which of the following statement(s) is (are) true?
(A) λ_e decreases with increase in φ and λ_ph (B) λ_e is approximately halved, if d is doubled (C) For large potential difference (V >> φ/e), λ_e is approximately halved if V is made four times (D) λ_e increases at the same rate as λ_ph for λ_ph < hc/φ"
2016_2_Q09,"In an experiment to determine the acceleration due to gravity g, the formula used for the time period of a periodic motion is T = 2π√(7(R-r)/(5g)). The values of R and r are measured to be (60 ± 1) mm and (10 ± 1) mm, respectively. In five successive measurements, the time period is found to be 0.52 s, 0.56 s, 0.57 s, 0.54 s and 0.59 s. The least count of the watch used for the measurement of time period is 0.01 s. Which of the following statement(s) is (are) true?
(A) The error in the measurement of r is 10% (B) The error in the measurement of T is 3.57% (C) The error in the measurement of T is 2% (D) The error in the determined value of g is 11%"
2016_2_Q10,"Consider two identical galvanometers and two identical resistors with resistance R. If the internal resistance of the galvanometers R_G < R/2, which of the following statement(s) about any one of the galvanometers is(are) true?
(A) The maximum voltage range is obtained when all the components are connected in series (B) The maximum voltage range is obtained when the two resistors and one galvanometer are connected in series, and the second galvanometer is connected in parallel to the first galvanometer (C) The maximum current range is obtained when all the components are connected in parallel (D) The maximum current range is obtained when the two galvanometers are connected in series and the combination is connected in parallel with both the resistors"
2016_2_Q11,"In the circuit shown below, the key is pressed at time t = 0. Which of the following statement(s) is (are) true?
(A) The voltmeter displays - 5 V as soon as the key is pressed, and displays +5 V after a long time (B) The voltmeter will display 0 V at time t = ln 2 seconds (C) The current in the ammeter becomes 1/e of the initial value after 1 second (D) The current in the ammeter becomes zero after a long time"
2016_2_Q12,"A block with mass M is connected by a massless spring with stiffness constant k to a rigid wall and moves without friction on a horizontal surface. The block oscillates with small amplitude A about an equilibrium position x₀. Consider two cases: (i) when the block is at x₀; and (ii) when the block is at x = x₀ + A. In both the cases, a particle with mass m(<M) is softly placed on the block after which they stick to each other. Which of the following statement(s) is (are) true about the motion after the mass m is placed on the mass M?
(A) The amplitude of oscillation in the first case changes by a factor of √(M/(m+M)) whereas in the second case it remains unchanged (B) The final time period of oscillation in both the cases is same (C) The total energy decreases in both the cases (D) The instantaneous speed at x₀ of the combined masses decreases in both the cases"
2016_2_Q13,"While conducting the Young's double slit experiment, a student replaced the two slits with a large opaque plate in the x-y plane containing two small holes that act as two coherent point sources (S₁, S₂) emitting light of wavelength 600 nm. The student mistakenly placed the screen parallel to the x-z plane (for z > 0) at a distance D = 3 m from the mid-point of S₁S₂, as shown schematically in the figure. The distance between the sources d = 0.6003 mm. The origin O is at the intersection of the screen and the line joining S₁S₂. Which of the following is(are) true of the intensity pattern on the screen?
(A) Straight bright and dark bands parallel to the x-axis (B) The region very close to the point O will be dark (C) Hyperbolic bright and dark bands with foci symmetrically placed about O in the x-direction (D) Semi circular bright and dark bands centered at point O"
2016_2_Q14,"A rigid wire loop of square shape having side of length L and resistance R is moving along the x-axis with a constant velocity v₀ in the plane of the paper. At t = 0, the right edge of the loop enters a region of length 3L where there is a uniform magnetic field B₀ into the plane of the paper, as shown in the figure. For sufficiently large v₀, the loop eventually crosses the region. Let x be the location of the right edge of the loop. Let v(x), I(x) and F(x) represent the velocity of the loop, current in the loop, and force on the loop, respectively, as a function of x. Counter-clockwise current is taken as positive. Which of the following schematic plot(s) is (are) correct? (Ignore gravity)
(A) A plot of v(x) vs x: v(x) starts at v₀, is constant for 0 < x < L, then decreases to 0 at x=2L, remains 0 for 2L < x < 3L, then decreases linearly again for 3L < x < 4L. (B) A plot of I(x) vs x: I(x) is 0 at x=0, then is negative and constant for 0 < x < L, then is 0 for L < x < 2L, then is positive and constant for 2L < x < 3L, then is 0 for x > 3L. (C) A plot of I(x) vs x: I(x) is 0 at x=0, then is positive and constant for 0 < x < L, then is 0 for L < x < 2L. (D) A plot of F(x) vs x: F(x) is 0 at x=0, then is negative and constant for 0 < x < L, then is 0 for L < x < 2L, then is positive and constant for 2L < x < 3L, then is 0 for x > 3L."
2016_2_Q15,"The distance r of the block at time t is
(A) (R/4)(e^(ωt)+e^(-ωt)) (B) (R/2)cos(ωt) (C) (R/4)(e^(2ωt)+e^(-2ωt)) (D) (R/2)cos(2ωt)"
2016_2_Q16,"The net reaction of the disc on the block is
(A) (1/2)mω²R(e^(2ωt)-e^(-2ωt))ĵ+mgk (B) (1/2)mω²R(e^(ωt)-e^(-ωt))ĵ+mgk (C) -mω²R cos(ωt)ĵ-mgk (D) mω²R sin(ωt)ĵ-mgk"
2016_2_Q17,"Which one of the following statements is correct?
(A) The balls will stick to the top plate and remain there (B) The balls will bounce back to the bottom plate carrying the same charge they went up with (C) The balls will bounce back to the bottom plate carrying the opposite charge they went up with (D) The balls will execute simple harmonic motion between the two plates"
2016_2_Q18,"The average current in the steady state registered by the ammeter in the circuit will be
(A) zero (B) proportional to the potential V₀ (C) proportional to V₀^(1/2) (D) proportional to V₀²"
2016_2_Q19,"For the following electrochemical cell at 298 K, Pt(s)|H₂(g, 1 bar)|H⁺(aq, 1 M)||M²⁺(aq), M⁴⁺(aq)|Pt(s) E_cell = 0.092 V when [M²⁺(aq)]/[M⁴⁺(aq)] = 10ˣ. Given: E⁰_M⁴⁺/M²⁺ = 0.151 V; 2.303 RT/F = 0.059 V The value of x is
(A) -2 (B) -1 (C) 1 (D) 2"
2016_2_Q20,"The qualitative sketches I, II and III given below show the variation of surface tension with molar concentration of three different aqueous solutions of KCl, CH₃OH and CH₃(CH₂)₁₁OSO₃⁻Na⁺ at room temperature. The correct assignment of the sketches is
(A) I: KCl II: CH₃OH III: CH₃(CH₂)₁₁OSO₃⁻Na⁺ (B) I: CH₃(CH₂)₁₁OSO₃⁻Na⁺ II: CH₃OH III: KCl (C) I: KCl II: CH₃(CH₂)₁₁OSO₃⁻Na⁺ III: CH₃OH (D) I: CH₃OH II: KCl III: CH₃(CH₂)₁₁OSO₃⁻Na⁺"
2016_2_Q21,"In the following reaction sequence in aqueous solution, the species X, Y and Z, respectively, are
(A) [Ag(S₂O₃)₂]³⁻, Ag₂S₂O₃, Ag₂S (B) [Ag(S₂O₃)₃]⁵⁻, Ag₂SO₃, Ag₂S (C) [Ag(SO₃)₂]³⁻, Ag₂S₂O₃, Ag (D) [Ag(SO₃)₃]⁵⁻, Ag₂SO₄, Ag"
2016_2_Q22,"The geometries of the ammonia complexes of Ni²⁺, Pt²⁺ and Zn²⁺, respectively, are
(A) octahedral, square planar and tetrahedral (B) square planar, octahedral and tetrahedral (C) tetrahedral, square planar and octahedral (D) octahedral, tetrahedral and square planar"
2016_2_Q23,"The correct order of acidity for the following compounds is
(A) I > II > III > IV (B) I > III > II > IV (C) III > IV > II > I (D) I > III > IV > II"
2016_2_Q24,"The major product of the following reaction sequence is
(A) A benzene ring with a -CH₂OH group and a -CH₂CH₃ group attached. (B) A benzene ring with a -CH₂OH group and two -CH₃ groups attached. (C) A benzene ring with a -CH₂OH group and a -CH(CH₃)₂ group attached. (D) A benzene ring with a -CH₂OH group and a -CH₃ group attached."
2016_2_Q25,"According to Molecular Orbital Theory,
(A) C₂²⁻ is expected to be diamagnetic (B) O₂²⁺ is expected to have a longer bond length than O₂ (C) N₂⁺ and N₂⁻ have the same bond order (D) He₂⁺ has the same energy as two isolated He atoms"
2016_2_Q26,"Mixture(s) showing positive deviation from Raoult's law at 35 °C is(are)
(A) carbon tetrachloride + methanol (B) carbon disulphide + acetone (C) benzene + toluene (D) phenol + aniline"
2016_2_Q27,"The CORRECT statement(s) for cubic close packed (ccp) three dimensional structure is(are)
(A) The number of the nearest neighbours of an atom present in the topmost layer is 12 (B) The efficiency of atom packing is 74% (C) The number of octahedral and tetrahedral voids per atom are 1 and 2, respectively (D) The unit cell edge length is 2√2 times the radius of the atom"
2016_2_Q28,"Extraction of copper from copper pyrite (CuFeS₂) involves
(A) crushing followed by concentration of the ore by froth-flotation (B) removal of iron as slag (C) self-reduction step to produce 'blister copper' following evolution of SO₂ (D) refining of 'blister copper' by carbon reduction"
2016_2_Q29,"The nitrogen containing compound produced in the reaction of HNO₃ with P₄O₁₀
(A) can also be prepared by reaction of P₄ and HNO₃ (B) is diamagnetic (C) contains one N-N bond (D) reacts with Na metal producing a brown gas"
2016_2_Q30,"For 'invert sugar', the correct statement(s) is (are) (Given: specific rotations of (+)-sucrose, (+)-maltose, L-(-)-glucose and L-(+)-fructose in aqueous solution are +66°, +140°, -52° and +92°, respectively)
(A) 'invert sugar' is prepared by acid catalyzed hydrolysis of maltose (B) 'invert sugar' is an equimolar mixture of D-(+)-glucose and D-(-)-fructose (C) specific rotation of 'invert sugar' is -20° (D) on reaction with Br₂ water, 'invert sugar' forms saccharic acid as one of the products"
2016_2_Q31,"Reagent(s) which can be used to bring about the following transformation is(are) [A cyclic ester transforms to a compound with a carboxylic acid group and two hydroxyl groups.]
(A) LiAlH₄ in (C₂H₅)₂O (B) BH₃ in THF (C) NaBH₄ in C₂H₅OH (D) Raney Ni/H₂ in THF"
2016_2_Q32,"Among the following, reaction(s) which gives(give) tert-butyl benzene as the major product is(are)
(A) Benzene reacting with bromoethane (CH₃CH₂Br) in the presence of NaOC₂H₅. (B) Benzene reacting with chloromethane (CH₃Cl) in the presence of AlCl₃. (C) Benzene reacting with propene (CH₃CH=CH₂) in the presence of H₂SO₄. (D) Benzene reacting with tert-butyl alcohol ((CH₃)₃C-OH) in the presence of BF₃OEt₂."
2016_2_Q33,"The equilibrium constant Kₚ for this reaction at 298 K, in terms of β_equilibrium, is
(A) (8β²_equilibrium)/(2-β_equilibrium) (B) (8β²_equilibrium)/(4-β_equilibrium) (C) (4β²_equilibrium)/(2-β_equilibrium) (D) (4β²_equilibrium)/(4-β_equilibrium)"
2016_2_Q34,"The INCORRECT statement among the following, for this reaction, is
(A) Decrease in the total pressure will result in formation of more moles of gaseous X (B) At the start of the reaction, dissociation of gaseous X₂ takes place spontaneously (C) β_equilibrium = 0.7 (D) Kₚ < 1"
2016_2_Q35,"The compound R is
(A) A benzene ring with two adjacent -NH₂ groups. (B) A benzene ring with two adjacent -Br groups. (C) A benzene ring with two adjacent -NHBr groups. (D) A benzene ring with two adjacent =NBr groups."
2016_2_Q36,"The compound T is
(A) glycine (B) alanine (C) valine (D) serine"
2016_2_Q37,"Let P = [[1,0,0],[4,1,0],[16,4,1]] and I be the identity matrix of order 3. If Q = [q_ij] is a matrix such that P⁵⁰ - Q = I, then (q₃₁ + q₃₂)/q₂₁ equals
(A) 52 (B) 103 (C) 201 (D) 205"
2016_2_Q38,"Let b_i > 1 for i = 1, 2, ..., 101. Suppose log_e b₁, log_e b₂, ..., log_e b₁₀₁ are in Arithmetic Progression (A.P.) with the common difference log_e 2. Suppose a₁, a₂, ..., a₁₀₁ are in A.P. such that a₁ = b₁ and a₅₁ = b₅₁. If t = b₁ + b₂ + ... + b₅₁ and s = a₁ + a₂ + ... + a₅₁, then
(A) s > t and a₁₀₁ > b₁₀₁ (B) s > t and a₁₀₁ < b₁₀₁ (C) s < t and a₁₀₁ > b₁₀₁ (D) s < t and a₁₀₁ < b₁₀₁"
2016_2_Q39,"The value of Σ_{k=1}^{13} 1/(sin(π/4 + (k-1)π/6) sin(π/4 + kπ/6)) is equal to
(A) 3-√3 (B) 2(3-√3) (C) 2(√3-1) (D) 2(2+√3)"
2016_2_Q40,"The value of ∫_{-π/2}^{π/2} (x²cosx)/(1+eˣ) dx is equal to
(A) π²/4 - 2 (B) π²/4 + 2 (C) π² - 2 (D) π² + 2"
2016_2_Q41,"Area of the region {(x, y) ∈ R²: y ≥ √(x+3), 5y ≤ x+9 ≤ 15} is equal to
(A) 1/6 (B) 4/3 (C) 3/2 (D) 5/3"
2016_2_Q42,"Let P be the image of the point (3,1,7) with respect to the plane x - y + z = 3. Then the equation of the plane passing through P and containing the straight line (x-1)/1 = (y-2)/2 = (z-3)/1 is
(A) x+y-3z = 0 (B) 3x + z = 0 (C) x-4y+7z = 0 (D) 2x - y = 0"
2016_2_Q43,"Let f(x) = lim_{n→∞} (n(x+n)(x+n/2)...(x+n/n)) / (n!(x²+n²)(x²+n²/2²)...(x²+n²/n²)) for all x > 0. Then
(A) f(1/2) ≥ f(1) (B) f(1/3) < f(2/3) (C) f'(2) ≤ 0 (D) f'(3)/f(3) > f'(2)/f(2)"
2016_2_Q44,"Let a, b ∈ R and f: R→R be defined by f(x) = a cos(|x³-x|)+b|x|sin(|x³+x|). Then f is
(A) differentiable at x = 0 if a = 0 and b = 1 (B) differentiable at x = 1 if a = 1 and b = 0 (C) NOT differentiable at x = 0 if a = 1 and b = 0 (D) NOT differentiable at x = 1 if a = 1 and b = 1"
2016_2_Q45,"Let f: R→(0,∞) and g: R→R be twice differentiable functions such that f'' and g'' are continuous functions on R. Suppose f'(2) = g(2) = 0, f''(2)≠0 and g'(2)≠0. If lim_{x→2} f(x)g(x)/(f'(x)g'(x)) = 1, then
(A) f has a local minimum at x = 2 (B) f has a local maximum at x = 2 (C) f''(2) > f(2) (D) f(x)-f(x) = 0 for at least one x ∈ R"
2016_2_Q46,"Let f: [-1/2, 1/2]→R and g: [-1/2, 1/2]→R be functions defined by f(x) = [x²-3] and g(x) = |x|f(x)+|4x-7|f(x), where [y] denotes the greatest integer less than or equal to y for y ∈ R. Then
(A) f is discontinuous exactly at three points in [-1/2, 1/2] (B) f is discontinuous exactly at four points in [-1/2, 1/2] (C) g is NOT differentiable exactly at four points in [-1/2, 1/2] (D) g is NOT differentiable exactly at five points in [-1/2, 1/2]"
2016_2_Q47,"Let a,b ∈ R and a²+b²≠0. Suppose S = {z ∈ C : z = 1/(a+ibt), t ∈ R, t≠0}, where i = √-1. If z=x+iy and z ∈ S, then (x, y) lies on
(A) the circle with radius 1/(2a) and centre (1/(2a), 0) for a > 0, b ≠ 0 (B) the circle with radius -1/(2a) and centre (-1/(2a), 0) for a < 0, b ≠ 0 (C) the x-axis for a ≠ 0, b = 0 (D) the y-axis for a = 0, b ≠ 0"
2016_2_Q48,"Let P be the point on the parabola y² = 4x which is at the shortest distance from the center S of the circle x² + y² - 4x - 16y + 64 = 0. Let Q be the point on the circle dividing the line segment SP internally. Then
(A) SP = 2√5 (B) SQ:QP = (√5+1):2 (C) the x-intercept of the normal to the parabola at P is 6 (D) the slope of the tangent to the circle at Q is 1/2"
2016_2_Q49,"Let α, λ, μ ∈ R. Consider the system of linear equations αx + 2y = λ and 3x - 2y = μ. Which of the following statement(s) is (are) correct?
(A) If α = -3, then the system has infinitely many solutions for all values of λ and μ (B) If α ≠ -3, then the system has a unique solution for all values of λ and μ (C) If λ + μ = 0, then the system has infinitely many solutions for α = -3 (D) If λ + μ ≠ 0, then the system has no solution for α = -3"
2016_2_Q50,"Let û = u₁î + u₂ĵ + u₃k be a unit vector in R³ and ŵ = (1/√6)(î + ĵ + 2k). Given that there exists a vector v in R³ such that |û x v| = 1 and ŵ⋅(û x v) = 1. Which of the following statement(s) is(are) correct?
(A) There is exactly one choice for such û (B) There are infinitely many choices for such û (C) If û lies in the xy-plane then |u₁| = |u₂| (D) If û lies in the xz-plane then 2|u₁| = |u₃|"
2016_2_Q51,"P(X > Y) is
(A) 1/4 (B) 5/12 (C) 1/2 (D) 7/12"
2016_2_Q52,"P(X = Y) is
(A) 11/36 (B) 1/3 (C) 13/36 (D) 1/2"
2016_2_Q53,"The orthocentre of the triangle F₁MN is
(A) (-9/10, 0) (B) (2/3, 0) (C) (9/10, 0) (D) (2/√6, 0)"
2016_2_Q54,"If the tangents to the ellipse at M and N meet at R and the normal to the parabola at M meets the x-axis at Q, then the ratio of area of the triangle MQR to area of the quadrilateral MF₁NF₂ is
(A) 3:4 (B) 4:5 (C) 5:8 (D) 2:3"
2017_1_Q01,"A flat plate is moving normal to its plane through a gas under the action of a constant force F. The gas is kept at a very low pressure. The speed of the plate v is much less than the average speed u of the gas molecules. Which of the following options is/are true?
[A] The pressure difference between the leading and trailing faces of the plate is proportional to uv
[B] The resistive force experienced by the plate is proportional to v
[C] The plate will continue to move with constant non-zero acceleration, at all times
[D] At a later time the external force F balances the resistive force"
2017_1_Q02,"A block of mass M has a circular cut with a frictionless surface as shown. The block rests on the horizontal frictionless surface of a fixed table. Initially the right edge of the block is at x = 0, in a co-ordinate system fixed to the table. A point mass m is released from rest at the topmost point of the path as shown and it slides down. When the mass loses contact with the block, its position is x and the velocity is v. At that instant, which of the following options is/are correct?
[A] The position of the point mass m is: x = -√2 MR/(M+m)
[B] The velocity of the point mass m is: v = √(2gR/(1+ m/M))
[C] The x component of displacement of the center of mass of the block M is: -mR/(M+m)
[D] The velocity of the block M is: V = -m/M √(2gR)"
2017_1_Q03,"A block M hangs vertically at the bottom end of a uniform rope of constant mass per unit length. The top end of the rope is attached to a fixed rigid support at O. A transverse wave pulse (Pulse 1) of wavelength λo is produced at point O on the rope. The pulse takes time TOA to reach point A. If the wave pulse of wavelength λo is produced at point A (Pulse 2) without disturbing the position of M it takes time TAO to reach point O. Which of the following options is/are correct?
[A] The time TAO = TOA
[B] The velocities of the two pulses (Pulse 1 and Pulse 2) are the same at the midpoint of rope
[C] The wavelength of Pulse 1 becomes longer when it reaches point A
[D] The velocity of any pulse along the rope is independent of its frequency and wavelength"
2017_1_Q04,"A human body has a surface area of approximately 1 m². The normal body temperature is 10 K above the surrounding room temperature To. Take the room temperature to be To = 300 K. For To = 300 K, the value of σT₀⁴ = 460 Wm⁻² (where σ is the Stefan-Boltzmann constant). Which of the following options is/are correct?
[A] The amount of energy radiated by the body in 1 second is close to 60 Joules
[B] If the surrounding temperature reduces by a small amount ∆To << To, then to maintain the same body temperature the same (living) human being needs to radiate ΔW = 4σT₀³ ΔTo more energy per unit time
[C] Reducing the exposed surface area of the body (e.g. by curling up) allows humans to maintain the same body temperature while reducing the energy lost by radiation
[D] If the body temperature rises significantly then the peak in the spectrum of electromagnetic radiation emitted by the body would shift to longer wavelengths"
2017_1_Q05,"A circular insulated copper wire loop is twisted to form two loops of area A and 2A as shown in the figure. At the point of crossing the wires remain electrically insulated from each other. The entire loop lies in the plane (of the paper). A uniform magnetic field B points into the plane of the paper. At t = 0, the loop starts rotating about the common diameter as axis with a constant angular velocity ω in the magnetic field. Which of the following options is/are correct?
[A] The emf induced in the loop is proportional to the sum of the areas of the two loops
[B] The amplitude of the maximum net emf induced due to both the loops is equal to the amplitude of maximum emf induced in the smaller loop alone
[C] The net emf induced due to both the loops is proportional to cos ωt
[D] The rate of change of the flux is maximum when the plane of the loops is perpendicular to plane of the paper"
2017_1_Q06,"In the circuit shown, L = 1 μH, C = 1 μF and R = 1 kΩ. They are connected in series with an a.c. source V = V₀ sin ωt as shown. Which of the following options is/are correct?
[A] The current will be in phase with the voltage if ω = 10⁴ rad. s⁻¹
[B] The frequency at which the current will be in phase with the voltage is independent of R
[C] At ω≈0 the current flowing through the circuit becomes nearly zero
[D] At ω >> 10⁶ rad. s⁻¹, the circuit behaves like a capacitor"
2017_1_Q07,"For an isosceles prism of angle A and refractive index μ, it is found that the angle of minimum deviation δm = A. Which of the following options is/are correct?
[A] For the angle of incidence i₁ = A, the ray inside the prism is parallel to the base of the prism
[B] For this prism, the refractive index μ and the angle of prism A are related as A = 2 cos⁻¹(μ/2)
[C] At minimum deviation, the incident angle i₁ and the refracting angle r₁ at the first refracting surface are related by r₁ = (i₁/2)
[D] For this prism, the emergent ray at the second surface will be tangential to the surface when the angle of incidence at the first surface is i₁ = sin⁻¹[sin A √(4 cos²(A/2) - 1 - cos A)]"
2017_1_Q08,A drop of liquid of radius R = 10⁻² m having surface tension S = 1/(4π) Nm⁻¹ divides itself into K identical drops. In this process the total change in the surface energy ∆U = 10⁻³ J. If K = 10⁶ then the value of α is
2017_1_Q09,"An electron in a hydrogen atom undergoes a transition from an orbit with quantum number ni to another with quantum number nf. Vi and Vf are respectively the initial and final potential energies of the electron. If Vi/Vf = 6.25, then the smallest possible nf is"
2017_1_Q10,"A monochromatic light is travelling in a medium of refractive index n = 1.6. It enters a stack of glass layers from the bottom side at an angle θ = 30°. The interfaces of the glass layers are parallel to each other. The refractive indices of different glass layers are monotonically decreasing as nm = n – m∆n, where nm is the refractive index of the mth slab and ∆n = 0.1 (see the figure). The ray is refracted out parallel to the interface between the (m - 1)th and mth slabs from the right side of the stack. What is the value of m?"
2017_1_Q11,A stationary source emits sound of frequency f₀ = 492 Hz. The sound is reflected by a large car approaching the source with a speed of 2 ms⁻¹. The reflected signal is received by the source and superposed with the original. What will be the beat frequency of the resulting signal in Hz? (Given that the speed of sound in air is 330 ms⁻¹ and the car reflects the sound at the frequency it has received).
2017_1_Q12,"¹³¹I is an isotope of Iodine that β decays to an isotope of Xenon with a half-life of 8 days. A small amount of a serum labelled with ¹³¹I is injected into the blood of a person. The activity of the amount of ¹³¹I injected was 2.4×10⁵ Becquerel (Bq). It is known that the injected serum will get distributed uniformly in the blood stream in less than half an hour. After 11.5 hours, 2.5 ml of blood is drawn from the person's body, and gives an activity of 115 Bq. The total volume of blood in the person's body, in liters is approximately (you may use eˣ ≈ 1 + x for |x| << 1 and ln 2 ≈ 0.7)."
2017_1_Q13,"Answer Q.13, Q.14 and Q.15 by appropriately matching the information given in the three columns of the following table.
A charged particle (electron or proton) is introduced at the origin (x = 0, y = 0, z = 0) with a given initial velocity v. A uniform electric field E and a uniform magnetic field B exist everywhere. The velocity v, electric field E and magnetic field B are given in columns 1, 2 and 3, respectively. The quantities E₀, B₀ are positive in magnitude.
Column 1: (I) Electron with v = 2(E₀/B₀)x̂ (II) Electron with v = (E₀/B₀)ŷ (III) Proton with v = 0 (IV) Proton with v = 2(E₀/B₀)x̂
Column 2: (i) E = E₀ẑ (ii) E = −E₀ŷ (iii) E = −E₀x̂ (iv) E = E₀x̂
Column 3: (P) B = −B₀x̂ (Q) B = B₀x̂ (R) B = B₀ŷ (S) B = B₀ẑ
Q.13 In which case will the particle move in a straight line with constant velocity?
[A] (III) (ii) (R) (B) (IV) (i) (S) (C) (III) (iii) (P) (D) (II) (iii) (S)"
2017_1_Q14,"Answer Q.13, Q.14 and Q.15 by appropriately matching the information given in the three columns of the following table.
A charged particle (electron or proton) is introduced at the origin (x = 0, y = 0, z = 0) with a given initial velocity v. A uniform electric field E and a uniform magnetic field B exist everywhere. The velocity v, electric field E and magnetic field B are given in columns 1, 2 and 3, respectively. The quantities E₀, B₀ are positive in magnitude.
Column 1: (I) Electron with v = 2(E₀/B₀)x̂ (II) Electron with v = (E₀/B₀)ŷ (III) Proton with v = 0 (IV) Proton with v = 2(E₀/B₀)x̂
Column 2: (i) E = E₀ẑ (ii) E = −E₀ŷ (iii) E = −E₀x̂ (iv) E = E₀x̂
Column 3: (P) B = −B₀x̂ (Q) B = B₀x̂ (R) B = B₀ŷ (S) B = B₀ẑ
Q.14 In which case will the particle describe a helical path with axis along the positive z direction?
[A] (IV) (i) (S) (B) (II) (ii) (R) (C) (III) (iii) (P) (D) (IV) (ii) (R)"
2017_1_Q15,"Answer Q.13, Q.14 and Q.15 by appropriately matching the information given in the three columns of the following table.
A charged particle (electron or proton) is introduced at the origin (x = 0, y = 0, z = 0) with a given initial velocity v. A uniform electric field E and a uniform magnetic field B exist everywhere. The velocity v, electric field E and magnetic field B are given in columns 1, 2 and 3, respectively. The quantities E₀, B₀ are positive in magnitude.
Column 1: (I) Electron with v = 2(E₀/B₀)x̂ (II) Electron with v = (E₀/B₀)ŷ (III) Proton with v = 0 (IV) Proton with v = 2(E₀/B₀)x̂
Column 2: (i) E = E₀ẑ (ii) E = −E₀ŷ (iii) E = −E₀x̂ (iv) E = E₀x̂
Column 3: (P) B = −B₀x̂ (Q) B = B₀x̂ (R) B = B₀ŷ (S) B = B₀ẑ
Q.15 In which case would the particle move in a straight line along the negative direction of y-axis (i.e., move along – ŷ)?
[A] (II) (iii) (Q) (B) (III) (ii) (R) (C) (IV) (ii) (S) (D) (III) (ii) (P)"
2017_1_Q16,"Answer Q.16, Q.17 and Q.18 by appropriately matching the information given in the three columns of the following table.
An ideal gas is undergoing a cyclic thermodynamic process in different ways as shown in the corresponding P – V diagrams in column 3 of the table. Consider only the path from state 1 to state 2. W denotes the corresponding work done on the system. The equations and plots in the table have standard notations as used in thermodynamic processes. Here γ is the ratio of heat capacities at constant pressure and constant volume. The number of moles in the gas is n.
Column 1: (I) W₁₋₂ = (1/(γ-1))(P₂V₂ - P₁V₁) (II) W₁₋₂ = -PV₂ + PV₁ (III) W₁₋₂ = 0 (IV) W₁₋₂ = -nRT ln(V₂/V₁)
Column 2: (i) Isothermal (ii) Isochoric (iii) Isobaric (iv) Adiabatic
Column 3: (P) P-V diagram with curve going down and right (1 to 2) (Q) P-V diagram with vertical line (1 to 2) (R) P-V diagram with horizontal line (1 to 2) (S) P-V diagram with curve going down and right steeper than P
Q.16 Which of the following options is the only correct representation of a process in which ∆U = ∆Q – P∆V?
[A] (II) (iv) (R) (B) (III) (iii) (P) (C) (II) (iii) (S) (D) (II) (iii) (P)"
2017_1_Q17,"Answer Q.16, Q.17 and Q.18 by appropriately matching the information given in the three columns of the following table.
An ideal gas is undergoing a cyclic thermodynamic process in different ways as shown in the corresponding P – V diagrams in column 3 of the table. Consider only the path from state 1 to state 2. W denotes the corresponding work done on the system. The equations and plots in the table have standard notations as used in thermodynamic processes. Here γ is the ratio of heat capacities at constant pressure and constant volume. The number of moles in the gas is n.
Column 1: (I) W₁₋₂ = (1/(γ-1))(P₂V₂ - P₁V₁) (II) W₁₋₂ = -PV₂ + PV₁ (III) W₁₋₂ = 0 (IV) W₁₋₂ = -nRT ln(V₂/V₁)
Column 2: (i) Isothermal (ii) Isochoric (iii) Isobaric (iv) Adiabatic
Column 3: (P) P-V diagram with curve going down and right (1 to 2) (Q) P-V diagram with vertical line (1 to 2) (R) P-V diagram with horizontal line (1 to 2) (S) P-V diagram with curve going down and right steeper than P
Q.17 Which one of the following options is the correct combination?
[A] (IV) (ii) (S) (B) (III) (ii) (S) (C) (II) (iv) (P) (D) (II) (iv) (R)"
2017_1_Q18,"Answer Q.16, Q.17 and Q.18 by appropriately matching the information given in the three columns of the following table.
An ideal gas is undergoing a cyclic thermodynamic process in different ways as shown in the corresponding P – V diagrams in column 3 of the table. Consider only the path from state 1 to state 2. W denotes the corresponding work done on the system. The equations and plots in the table have standard notations as used in thermodynamic processes. Here γ is the ratio of heat capacities at constant pressure and constant volume. The number of moles in the gas is n.
Column 1: (I) W₁₋₂ = (1/(γ-1))(P₂V₂ - P₁V₁) (II) W₁₋₂ = -PV₂ + PV₁ (III) W₁₋₂ = 0 (IV) W₁₋₂ = -nRT ln(V₂/V₁)
Column 2: (i) Isothermal (ii) Isochoric (iii) Isobaric (iv) Adiabatic
Column 3: (P) P-V diagram with curve going down and right (1 to 2) (Q) P-V diagram with vertical line (1 to 2) (R) P-V diagram with horizontal line (1 to 2) (S) P-V diagram with curve going down and right steeper than P
Q.18 Which one of the following options correctly represents a thermodynamic process that is used as a correction in the determination of the speed of sound in an ideal gas?
[A] (I) (ii) (Q) (B) (IV) (ii) (R) (C) (III) (iv) (R) (D) (I) (iv) (Q)"
2017_1_Q19,"An ideal gas is expanded from (p₁, V₁, T₁) to (p₂, V₂, T₂) under different conditions. The correct statement(s) among the following is(are)
[A] The work done on the gas is maximum when it is compressed irreversibly from (p₂, V₂) to (p₁, V₁) against constant pressure p₁
[B] If the expansion is carried out freely, it is simultaneously both isothermal as well as adiabatic
[C] The work done by the gas is less when it is expanded reversibly from V₁ to V₂ under adiabatic conditions as compared to that when expanded reversibly from V₁ to V₂ under isothermal conditions
[D] The change in internal energy of the gas is (i) zero, if it is expanded reversibly with T₁ = T₂, and (ii) positive, if it is expanded reversibly under adiabatic conditions with T₁ ≠ T₂"
2017_1_Q20,"For a solution formed by mixing liquids L and M, the vapour pressure of L plotted against the mole fraction of M in solution is shown in the following figure. Here XL and XM represent mole fractions of L and M, respectively, in the solution. The correct statement(s) applicable to this system is(are)
[A] The point Z represents vapour pressure of pure liquid M and Raoult's law is obeyed from xL = 0 to xL = 1
[B] The point Z represents vapour pressure of pure liquid L and Raoult's law is obeyed when XL → 1
[C] The point Z represents vapour pressure of pure liquid M and Raoult's law is obeyed when XL → 0
[D] Attractive intermolecular interactions between L-L in pure liquid L and M-M in pure liquid M are stronger than those between L-M when mixed in solution"
2017_1_Q21,"The correct statement(s) about the oxoacids, HClO₄ and HClO, is(are)
[A] The central atom in both HClO₄ and HClO is sp³ hybridized
[B] HClO₄ is more acidic than HClO because of the resonance stabilization of its anion
[C] HClO₄ is formed in the reaction between Cl₂ and H₂O
[D] The conjugate base of HClO₄ is weaker base than H₂O"
2017_1_Q22,"The colour of the X₂ molecules of group 17 elements changes gradually from yellow to violet down the group. This is due to
[A] the physical state of X₂ at room temperature changes from gas to solid down the group
[B] decrease in ionization energy down the group
[C] decrease in π*-σ* gap down the group
[D] decrease in HOMO-LUMO gap down the group"
2017_1_Q23,"Addition of excess aqueous ammonia to a pink coloured aqueous solution of MCl₂·6H₂O (X) and NH₄Cl gives an octahedral complex Y in the presence of air. In aqueous solution, complex Y behaves as 1:3 electrolyte. The reaction of X with excess HCl at room temperature results in the formation of a blue coloured complex Z. The calculated spin only magnetic moment of X and Z is 3.87 B.M., whereas it is zero for complex Y. Among the following options, which statement(s) is(are) correct?
[A] Addition of silver nitrate to Y gives only two equivalents of silver chloride
[B] The hybridization of the central metal ion in Y is d²sp³
[C] Z is a tetrahedral complex
[D] When X and Z are in equilibrium at 0°C, the colour of the solution is pink"
2017_1_Q24,"The IUPAC name(s) of the following compound is(are) (Image shows a benzene ring with a methyl group and a chlorine atom at para positions, H₃C-C₆H₄-Cl)
[A] 1-chloro-4-methylbenzene
[B] 4-chlorotoluene
[C] 4-methylchlorobenzene
[D] 1-methyl-4-chlorobenzene"
2017_1_Q25,"The correct statement(s) for the following addition reactions is(are)
(i) H₃C-CH=CH-CH₃ with Br₂/CHCl₃ yields M and N
(ii) H₃C-C(CH₃)=C(CH₃)-CH₃ with Br₂/CHCl₃ yields O and P
[A] O and P are identical molecules
[B] (M and O) and (N and P) are two pairs of diastereomers
[C] (M and O) and (N and P) are two pairs of enantiomers
[D] Bromination proceeds through trans-addition in both the reactions"
2017_1_Q26,"A crystalline solid of a pure substance has a face-centred cubic structure with a cell edge of 400 pm. If the density of the substance in the crystal is 8 g cm⁻³, then the number of atoms present in 256 g of the crystal is N×10²⁴. The value of N is"
2017_1_Q27,The conductance of a 0.0015 M aqueous solution of a weak monobasic acid was determined by using a conductivity cell consisting of platinized Pt electrodes. The distance between the electrodes is 120 cm with an area of cross section of 1 cm². The conductance of this solution was found to be 5×10⁻⁷ S. The pH of the solution is 4. The value of limiting molar conductivity (Λ₀) of this weak monobasic acid in aqueous solution is Z×10² S cm² mol⁻¹. The value of Z is
2017_1_Q28,"The sum of the number of lone pairs of electrons on each central atom in the following species is
[TeBr₆]²⁻, [BrF₂]⁺, SNF₃, and [XeF₃]⁻
(Atomic numbers: N = 7, F = 9, S = 16, Br = 35, Te = 52, Xe = 54)"
2017_1_Q29,"Among H₂, He₂⁺, Li₂, Be₂, B₂, C₂, N₂, O₂⁻, and F₂, the number of diamagnetic species is (Atomic numbers: H = 1, He = 2, Li = 3, Be = 4, B = 5, C = 6, N = 7, O = 8, F = 9)"
2017_1_Q30,"Among the following, the number of aromatic compound(s) is (Image shows 6 cyclic compounds)"
2017_1_Q31,"Answer Q.31, Q.32 and Q.33 by appropriately matching the information given in the three columns of the following table.
The wave function, ψn,l,m_l is a mathematical function whose value depends upon spherical polar coordinates (r,θ,φ) of the electron and characterized by the quantum numbers n, l and m_l. Here r is distance from nucleus, θ is colatitude and φ is azimuth. In the mathematical functions given in the Table, Z is atomic number and a₀ is Bohr radius.
Column 1: (I) 1s orbital (II) 2s orbital (III) 2pz orbital (IV) 3d_z² orbital
Column 2: (i) ψn,l,m_l α (Z/a₀)^(3/2) e^(-Zr/a₀) (ii) One radial node (iii) ψn,l,m_l α (Z/a₀)^(5/2) re^(-Zr/2a₀) cosθ (iv) xy-plane is a nodal plane
Column 3: (P) Image of ψn,l,m_l(r) vs r/a₀ showing a peak at r=0 and decay. (Q) Probability density at nucleus α 1/a₀³ (R) Probability density is maximum at nucleus (S) Energy needed to excite electron from n = 2 state to n = 4 state is 27/32 times the energy needed to excite electron from n = 2 state to n = 6 state
Q.31 For the given orbital in Column 1, the only CORRECT combination for any hydrogen-like species is
[A] (I) (ii) (S) (B) (IV) (iv) (R) (C) (II) (ii) (P) (D) (III) (iii) (P)"
2017_1_Q32,"Answer Q.31, Q.32 and Q.33 by appropriately matching the information given in the three columns of the following table.
The wave function, ψn,l,m_l is a mathematical function whose value depends upon spherical polar coordinates (r,θ,φ) of the electron and characterized by the quantum numbers n, l and m_l. Here r is distance from nucleus, θ is colatitude and φ is azimuth. In the mathematical functions given in the Table, Z is atomic number and a₀ is Bohr radius.
Column 1: (I) 1s orbital (II) 2s orbital (III) 2pz orbital (IV) 3d_z² orbital
Column 2: (i) ψn,l,m_l α (Z/a₀)^(3/2) e^(-Zr/a₀) (ii) One radial node (iii) ψn,l,m_l α (Z/a₀)^(5/2) re^(-Zr/2a₀) cosθ (iv) xy-plane is a nodal plane
Column 3: (P) Image of ψn,l,m_l(r) vs r/a₀ showing a peak at r=0 and decay. (Q) Probability density at nucleus α 1/a₀³ (R) Probability density is maximum at nucleus (S) Energy needed to excite electron from n = 2 state to n = 4 state is 27/32 times the energy needed to excite electron from n = 2 state to n = 6 state
Q.32 For hydrogen atom, the only CORRECT combination is
[A] (I) (i) (S) (B) (II) (i) (Q) (C) (I) (i) (P) (D) (I) (iv) (R)"
2017_1_Q33,"Answer Q.31, Q.32 and Q.33 by appropriately matching the information given in the three columns of the following table.
The wave function, ψn,l,m_l is a mathematical function whose value depends upon spherical polar coordinates (r,θ,φ) of the electron and characterized by the quantum numbers n, l and m_l. Here r is distance from nucleus, θ is colatitude and φ is azimuth. In the mathematical functions given in the Table, Z is atomic number and a₀ is Bohr radius.
Column 1: (I) 1s orbital (II) 2s orbital (III) 2pz orbital (IV) 3d_z² orbital
Column 2: (i) ψn,l,m_l α (Z/a₀)^(3/2) e^(-Zr/a₀) (ii) One radial node (iii) ψn,l,m_l α (Z/a₀)^(5/2) re^(-Zr/2a₀) cosθ (iv) xy-plane is a nodal plane
Column 3: (P) Image of ψn,l,m_l(r) vs r/a₀ showing a peak at r=0 and decay. (Q) Probability density at nucleus α 1/a₀³ (R) Probability density is maximum at nucleus (S) Energy needed to excite electron from n = 2 state to n = 4 state is 27/32 times the energy needed to excite electron from n = 2 state to n = 6 state
Q.33 For He⁺ ion, the only INCORRECT combination is
[A] (I) (i) (R) (B) (II) (ii) (Q) (C) (I) (iii) (R) (D) (I) (i) (S)"
2017_1_Q34,"Answer Q.34, Q.35 and Q.36 by appropriately matching the information given in the three columns of the following table.
Columns 1, 2 and 3 contain starting materials, reaction conditions, and type of reactions, respectively.
Column 1: (I) Toluene (II) Acetophenone (III) Benzaldehyde (IV) Phenol
Column 2: (i) NaOH/ Br₂ (ii) Br₂/ hν (iii) (CH₃CO)₂O/ CH₃COOK (iv) NaOH/ CO₂
Column 3: (P) Condensation (Q) Carboxylation (R) Substitution (S) Haloform
Q.34 For the synthesis of benzoic acid, the only CORRECT combination is
[A] (II) (i) (S) (B) (IV) (ii) (P) (C) (I) (iv) (Q) (D) (III) (iv) (R)"
2017_1_Q35,"Answer Q.34, Q.35 and Q.36 by appropriately matching the information given in the three columns of the following table.
Columns 1, 2 and 3 contain starting materials, reaction conditions, and type of reactions, respectively.
Column 1: (I) Toluene (II) Acetophenone (III) Benzaldehyde (IV) Phenol
Column 2: (i) NaOH/ Br₂ (ii) Br₂/ hν (iii) (CH₃CO)₂O/ CH₃COOK (iv) NaOH/ CO₂
Column 3: (P) Condensation (Q) Carboxylation (R) Substitution (S) Haloform
Q.35 The only CORRECT combination that gives two different carboxylic acids is
[A] (II) (iv) (R) (B) (IV) (iii) (Q) (C) (III) (iii) (P) (D) (I) (i) (S)"
2017_1_Q36,"Answer Q.34, Q.35 and Q.36 by appropriately matching the information given in the three columns of the following table.
Columns 1, 2 and 3 contain starting materials, reaction conditions, and type of reactions, respectively.
Column 1: (I) Toluene (II) Acetophenone (III) Benzaldehyde (IV) Phenol
Column 2: (i) NaOH/ Br₂ (ii) Br₂/ hν (iii) (CH₃CO)₂O/ CH₃COOK (iv) NaOH/ CO₂
Column 3: (P) Condensation (Q) Carboxylation (R) Substitution (S) Haloform
Q.36 The only CORRECT combination in which the reaction proceeds through radical mechanism is
[A] (III) (ii) (P) (B) (IV) (i) (Q) (C) (II) (iii) (R) (D) (I) (ii) (R)"
2017_1_Q37,"If 2x - y + 1 = 0 is a tangent to the hyperbola x²/a² - y²/16 = 1, then which of the following CANNOT be sides of a right angled triangle?
[A] a, 4, 1
[B] a, 4, 2
[C] 2a, 8, 1
[D] 2a, 4, 1"
2017_1_Q38,"If a chord, which is not a tangent, of the parabola y² = 16x has the equation 2x + y = p, and midpoint (h, k), then which of the following is(are) possible value(s) of p, h and k?
[A] p = −2, h = 2, k = −4
[B] p = −1, h = 1, k = −3
[C] p = 2, h = 3, k = −4
[D] p = 5, h = 4, k = −3"
2017_1_Q39,"Let [x] be the greatest integer less than or equals to x. Then, at which of the following point(s) the function f(x) = x cos(π(x + [x])) is discontinuous?
[A] x = −1 (B) x = 0 (C) x = 1 (D) x = 2"
2017_1_Q40,"Let f: ℝ → (0,1) be a continuous function. Then, which of the following function(s) has(have) the value zero at some point in the interval (0, 1)?
[A] x⁹ − f(x)
[B] x - ∫₀^(π/2) f(t) cos t dt
[C] eˣ - ∫₀ˣ f(t) sin t dt
[D] f(x) + ∫₀^(π/2) f(t) sin t dt"
2017_1_Q41,"Which of the following is(are) NOT the square of a 3×3 matrix with real entries?
[A] [[1, 0, 0], [0, 1, 0], [0, 0, 1]]
[B] [[1, 0, 0], [0, 1, 0], [0, 0, -1]]
[C] [[1, 0, 0], [0, -1, 0], [0, 0, -1]]
[D] [[-1, 0, 0], [0, -1, 0], [0, 0, -1]]"
2017_1_Q42,"Let a, b, x and y be real numbers such that a − b = 1 and y ≠ 0. If the complex number z = x + iy satisfies Im((az+b)/(z+1)) = y, then which of the following is(are) possible value(s) of x?
[A] -1 + √(1 - y²)
[B] -1 - √(1 - y²)
[C] 1 + √(1 + y²)
[D] 1 - √(1 + y²)"
2017_1_Q43,"Let X and Y be two events such that P(X) = 1/3, P(X|Y) = 1/2 and P(Y|X) = 2/5. Then
[A] P(Y) = 4/15
[B] P(X'|Y) = 1/2
[C] P(X ∩ Y) = 1/5
[D] P(X ∪ Y) = 2/5"
2017_1_Q44,"For how many values of p, the circle x² + y² + 2x + 4y – p = 0 and the coordinate axes have exactly three common points?"
2017_1_Q45,"Let f: ℝ → ℝ be a differentiable function such that f(0) = 0, f(π/2) = 3 and f'(0) = 1. If g(x) = ∫x^(π/2) [f'(t) cosec t − cot t cosec t f(t)]dt for x ∈ (0, π/2], then limx→0 g(x) ="
2017_1_Q46,"For a real number α, if the system
[[1, α, α²], [α, 1, α], [α², α, 1]] [[x], [y], [z]] = [[1], [-1], [1]]
of linear equations, has infinitely many solutions, then 1 + α + α² ="
2017_1_Q47,"Words of length 10 are formed using the letters A, B, C, D, E, F, G, H, I, J. Let x be the number of such words where no letter is repeated; and let y be the number of such words where exactly one letter is repeated twice and no other letter is repeated. Then, y/(9x) ="
2017_1_Q48,"The sides of a right angled triangle are in arithmetic progression. If the triangle has area 24, then what is the length of its smallest side?"
2017_1_Q49,"Answer Q.49, Q.50 and Q.51 by appropriately matching the information given in the three columns of the following table.
Columns 1, 2 and 3 contain conics, equations of tangents to the conics and points of contact, respectively.
Column 1: (I) x² + y² = a² (II) x²/a² + y²/a² = a² (III) y² = 4ax (IV) x² - a²y² = a²
Column 2: (i) my = m²x + a (ii) y = mx + a√(m²+1) (iii) y = mx + √(a²m²-1) (iv) y = mx + √(a²m²+1)
Column 3: (P) (a/m², 2a/m) (Q) (-ma/√(m²+1), a/√(m²+1)) (R) (-a²m/√(a²m²+1), 1/√(a²m²+1)) (S) (-a²m/√(a²m²-1), -1/√(a²m²-1))
Q.49 For a = √2, if a tangent is drawn to a suitable conic (Column 1) at the point of contact (-1,1), then which of the following options is the only CORRECT combination for obtaining its equation?
[A] (I) (i) (P) (B) (I) (ii) (Q) (C) (II) (ii) (Q) (D) (III) (i) (P)"
2017_1_Q50,"Answer Q.49, Q.50 and Q.51 by appropriately matching the information given in the three columns of the following table.
Columns 1, 2 and 3 contain conics, equations of tangents to the conics and points of contact, respectively.
Column 1: (I) x² + y² = a² (II) x²/a² + y²/a² = a² (III) y² = 4ax (IV) x² - a²y² = a²
Column 2: (i) my = m²x + a (ii) y = mx + a√(m²+1) (iii) y = mx + √(a²m²-1) (iv) y = mx + √(a²m²+1)
Column 3: (P) (a/m², 2a/m) (Q) (-ma/√(m²+1), a/√(m²+1)) (R) (-a²m/√(a²m²+1), 1/√(a²m²+1)) (S) (-a²m/√(a²m²-1), -1/√(a²m²-1))
Q.50 If a tangent to a suitable conic (Column 1) is found to be y = x + 8 and its point of contact is (8, 16), then which of the following options is the only CORRECT combination?
[A] (I) (ii) (Q) (B) (II) (iv) (R) (C) (III) (i) (P) (D) (III) (ii) (Q)"
2017_1_Q51,"Answer Q.49, Q.50 and Q.51 by appropriately matching the information given in the three columns of the following table.
Columns 1, 2 and 3 contain conics, equations of tangents to the conics and points of contact, respectively.
Column 1: (I) x² + y² = a² (II) x²/a² + y²/a² = a² (III) y² = 4ax (IV) x² - a²y² = a²
Column 2: (i) my = m²x + a (ii) y = mx + a√(m²+1) (iii) y = mx + √(a²m²-1) (iv) y = mx + √(a²m²+1)
Column 3: (P) (a/m², 2a/m) (Q) (-ma/√(m²+1), a/√(m²+1)) (R) (-a²m/√(a²m²+1), 1/√(a²m²+1)) (S) (-a²m/√(a²m²-1), -1/√(a²m²-1))
Q.51 The tangent to a suitable conic (Column 1) at (√3, 1/2) is found to be √3x + 2y = 4, then which of the following options is the only CORRECT combination?
[A] (IV) (iii) (S) (B) (IV) (iv) (S) (C) (II) (iii) (R) (D) (II) (iv) (R)"
2017_1_Q52,"Answer Q.52, Q.53 and Q.54 by appropriately matching the information given in the three columns of the following table.
Let f(x) = x + log_e x - x log_e x, x ∈ (0,∞).
• Column 1 contains information about zeros of f(x), f'(x) and f''(x).
• Column 2 contains information about the limiting behavior of f(x), f'(x) and f''(x) at infinity.
• Column 3 contains information about increasing/decreasing nature of f(x) and f'(x).
Column 1: (I) f(x) = 0 for some x ∈ (1, e²) (II) f'(x) = 0 for some x ∈ (1, e) (III) f''(x) = 0 for some x ∈ (0, 1) (IV) f''(x) = 0 for some x ∈ (1, e)
Column 2: (i) lim_x→∞ f(x) = 0 (ii) lim_x→∞ f'(x) = -∞ (iii) lim_x→∞ f'(x) = -∞ (iv) lim_x→∞ f''(x) = 0
Column 3: (P) f is increasing in (0, 1) (Q) f is decreasing in (e, e²) (R) f' is increasing in (0, 1) (S) f' is decreasing in (e, e²)
Q.52 Which of the following options is the only CORRECT combination?
[A] (I) (i) (P) (B) (II) (ii) (Q) (C) (III) (iii) (R) (D) (IV) (iv) (S)"
2017_1_Q53,"Answer Q.52, Q.53 and Q.54 by appropriately matching the information given in the three columns of the following table.
Let f(x) = x + log_e x - x log_e x, x ∈ (0,∞).
• Column 1 contains information about zeros of f(x), f'(x) and f''(x).
• Column 2 contains information about the limiting behavior of f(x), f'(x) and f''(x) at infinity.
• Column 3 contains information about increasing/decreasing nature of f(x) and f'(x).
Column 1: (I) f(x) = 0 for some x ∈ (1, e²) (II) f'(x) = 0 for some x ∈ (1, e) (III) f''(x) = 0 for some x ∈ (0, 1) (IV) f''(x) = 0 for some x ∈ (1, e)
Column 2: (i) lim_x→∞ f(x) = 0 (ii) lim_x→∞ f'(x) = -∞ (iii) lim_x→∞ f'(x) = -∞ (iv) lim_x→∞ f''(x) = 0
Column 3: (P) f is increasing in (0, 1) (Q) f is decreasing in (e, e²) (R) f' is increasing in (0, 1) (S) f' is decreasing in (e, e²)
Q.53 Which of the following options is the only CORRECT combination?
[A] (I) (ii) (R) (B) (II) (iii) (S) (C) (III) (iv) (P) (D) (IV) (i) (S)"
2017_1_Q54,"Answer Q.52, Q.53 and Q.54 by appropriately matching the information given in the three columns of the following table.
Let f(x) = x + log_e x - x log_e x, x ∈ (0,∞).
• Column 1 contains information about zeros of f(x), f'(x) and f''(x).
• Column 2 contains information about the limiting behavior of f(x), f'(x) and f''(x) at infinity.
• Column 3 contains information about increasing/decreasing nature of f(x) and f'(x).
Column 1: (I) f(x) = 0 for some x ∈ (1, e²) (II) f'(x) = 0 for some x ∈ (1, e) (III) f''(x) = 0 for some x ∈ (0, 1) (IV) f''(x) = 0 for some x ∈ (1, e)
Column 2: (i) lim_x→∞ f(x) = 0 (ii) lim_x→∞ f'(x) = -∞ (iii) lim_x→∞ f'(x) = -∞ (iv) lim_x→∞ f''(x) = 0
Column 3: (P) f is increasing in (0, 1) (Q) f is decreasing in (e, e²) (R) f' is increasing in (0, 1) (S) f' is decreasing in (e, e²)
Q.54 Which of the following options is the only INCORRECT combination?
[A] (I) (iii) (P) (B) (II) (iv) (Q) (C) (III) (i) (R) (D) (II) (iii) (P)"
2017_2_Q01,"Consider an expanding sphere of instantaneous radius R whose total mass remains constant. The expansion is such that the instantaneous density ρ remains uniform throughout the volume. The rate of fractional change in density (dρ/dt) is constant. The velocity v of any point on the surface of the expanding sphere is proportional to
[A] R [B] R³ [C] 1/R [D] R²/³"
2017_2_Q02,"Consider regular polygons with number of sides n = 3,4,5...... as shown in the figure. The center of mass of all the polygons is at height h from the ground. They roll on a horizontal surface about the leading vertex without slipping and sliding as depicted. The maximum increase in height of the locus of the center of mass for each polygon is ∆. Then ∆ depends on n and h as
[A] ∆= h sin² (π/n) [C] ∆= h sin (2π/n) [B] ∆= h(1/cos(π/n) - 1) [D] ∆= h tan² (π/2n)"
2017_2_Q03,"A photoelectric material having work-function φ0 is illuminated with light of wavelength λ (λ < hc/φ0). The fastest photoelectron has a de Broglie wavelength λd. A change in wavelength of the incident light by ∆λ results in a change ∆λd in λd. Then the ratio ∆λd/∆λ is proportional to
[Α] λd/λ [Β] λd²/λ [C] λd³/λ [D] λd⁴/λ"
2017_2_Q04,"A symmetric star shaped conducting wire loop is carrying a steady state current I as shown in the figure. The distance between the diametrically opposite vertices of the star is 4a. The magnitude of the magnetic field at the center of the loop is
[A] (μoI / 4πa) 6[√3 – 1] [C] (μoI / 4πa) 3[√3 – 1] [B] (μoI / 4πa) 6[√3 + 1] [D] (μoI / 4πa) 3[2 - √3]"
2017_2_Q05,"Three vectors P, Q and R are shown in the figure. Let S be any point on the vector R. The distance between the points P and S is b|R|. The general relation among vectors P, Q and S is
[A] S = (1 −b)P + bQ [C] S = (1 − b²)P + bQ [B] S = (b − 1)P + bQ [D] S = (1 −b)P + b²Q"
2017_2_Q06,"A rocket is launched normal to the surface of the Earth, away from the Sun, along the line joining the Sun and the Earth. The Sun is 3×10⁵ times heavier than the Earth and is at a distance 2.5×10⁴ times larger than the radius of the Earth. The escape velocity from Earth's gravitational field is ve = 11.2 km s⁻¹. The minimum initial velocity (vs) required for the rocket to be able to leave the Sun-Earth system is closest to
(Ignore the rotation and revolution of the Earth and the presence of any other planet)
[A] vs = 22 km s⁻¹ [C] vs = 62 km s⁻¹ [B] νs = 42 km s⁻¹ [D] vs = 72 km s⁻¹"
2017_2_Q07,"A person measures the depth of a well by measuring the time interval between dropping a stone and receiving the sound of impact with the bottom of the well. The error in his measurement of time is δT = 0.01 seconds and he measures the depth of the well to be L = 20 meters. Take the acceleration due to gravity g = 10 ms⁻² and the velocity of sound is 300 ms⁻¹. Then the fractional error in the measurement, δL/L, is closest to
[A] 0.2% [B] 1% [C] 3% [D] 5%"
2017_2_Q08,"A uniform magnetic field B exists in the region between x = 0 and x = 3R/2 (region 2 in the figure) pointing normally into the plane of the paper. A particle with charge +Q and momentum p directed along x-axis enters region 2 from region 1 at point P₁ (y = −R). Which of the following option(s) is/are correct?
[A] For B > (2p / 3QR), the particle will re-enter region 1 [B] For B = (8p / 13QR), the particle will enter region 3 through the point P₂ on x-axis [C] When the particle re-enters region 1 through the longest possible path in region 2, the magnitude of the change in its linear momentum between point P₁ and the farthest point from y-axis is p/√2 [D] For a fixed B, particles of same charge Q and same velocity v, the distance between the point P₁ and the point of re-entry into region 1 is inversely proportional to the mass of the particle"
2017_2_Q09,"The instantaneous voltages at three terminals marked X, Y and Z are given by
Vx = Vo sin ωt,
Vy = Vo sin (ωt + 2π/3) and
Vz = Vo sin (ωt + 4π/3).
An ideal voltmeter is configured to read rms value of the potential difference between its terminals. It is connected between points X and Y and then between Y and Z. The reading(s) of the voltmeter will be
[A] Vrms_XY = Vo√(3/2) [B] Vrms_YZ = Vo√(1/2) [C] Vrms_XY = Vo [D] independent of the choice of the two terminals"
2017_2_Q10,"A point charge +Q is placed just outside an imaginary hemispherical surface of radius R as shown in the figure. Which of the following statements is/are correct?
[A] The electric flux passing through the curved surface of the hemisphere is -(Q / 2ε₀) (1 - 1/√2) [B] Total flux through the curved and the flat surfaces is Q/ε₀ [C] The component of the electric field normal to the flat surface is constant over the surface [D] The circumference of the flat surface is an equipotential"
2017_2_Q11,"Two coherent monochromatic point sources S₁ and S2 of wavelength λ = 600 nm are placed symmetrically on either side of the center of the circle as shown. The sources are separated by a distance d = 1.8 mm. This arrangement produces interference fringes visible as alternate bright and dark spots on the circumference of the circle. The angular separation between two consecutive bright spots is ∆θ. Which of the following options is/are correct?
[A] A dark spot will be formed at the point P2 [B] At P2 the order of the fringe will be maximum [C] The total number of fringes produced between P1 and P2 in the first quadrant is close to 3000 [D] The angular separation between two consecutive bright spots decreases as we move from P1 to P2 along the first quadrant"
2017_2_Q12,"A source of constant voltage V is connected to a resistance R and two ideal inductors L₁ and L2 through a switch S as shown. There is no mutual inductance between the two inductors. The switch S is initially open. At t = 0, the switch is closed and current begins to flow. Which of the following options is/are correct?
[A] After a long time, the current through L₁ will be (V L2 / R(L1+L2)) [B] After a long time, the current through L2 will be (V L1 / R(L1+L2)) [C] The ratio of the currents through L₁ and L₂ is fixed at all times (t > 0) [D] At t = 0, the current through the resistance R is V/R"
2017_2_Q13,"A rigid uniform bar AB of length L is slipping from its vertical position on a frictionless floor (as shown in the figure). At some instant of time, the angle made by the bar with the vertical is θ. Which of the following statements about its motion is/are correct?
[A] The midpoint of the bar will fall vertically downward [B] The trajectory of the point A is a parabola [C] Instantaneous torque about the point in contact with the floor is proportional to sin θ [D] When the bar makes an angle θ with the vertical, the displacement of its midpoint from the initial position is proportional to (1 − cos θ)"
2017_2_Q14,"A wheel of radius R and mass M is placed at the bottom of a fixed step of height R as shown in the figure. A constant force is continuously applied on the surface of the wheel so that it just climbs the step without slipping. Consider the torque τ about an axis normal to the plane of the paper passing through the point Q. Which of the following options is/are correct?
[A] If the force is applied at point P tangentially then τ decreases continuously as the wheel climbs [B] If the force is applied normal to the circumference at point X then τ is constant [C] If the force is applied normal to the circumference at point P then τ is zero [D] If the force is applied tangentially at point S then τ ≠ 0 but the wheel never climbs the step"
2017_2_Q15,"In Process 1, the energy stored in the capacitor Ec and heat dissipated across resistance ED are related by:
[A] Ec = ED [B] Ec = ED In 2 [C] Ec = (1/2) ED [D] Ec = 2ED"
2017_2_Q16,"In Process 2, total energy dissipated across the resistance ED is:
[A] ED = (1/2) CV₀² [B] ED = 3 (1/2 CV₀²) [C] ED = (1/3) (1/2 CV₀²) [D] ED = 3 CV₀²"
2017_2_Q17,"The total kinetic energy of the ring is
[Α] Mω₀²R² [C] Mω₀²(R – r)² [Β] (1/2) Mω₀²(R – r)² [D] (3/2) Mω₀²(R – r)²"
2017_2_Q18,"The minimum value of ω₀ below which the ring will drop down is
[A] √(g / μ(R-r)) [B] √(2g / μ(R-r)) [C] √(3g / 2μ(R-r)) [D] √(g / 2μ(R-r))"
2017_2_Q19,"Pure water freezes at 273 K and 1 bar. The addition of 34.5 g of ethanol to 500 g of water changes the freezing point of the solution. Use the freezing point depression constant of water as 2 K kg mol⁻¹. The figures shown below represent plots of vapour pressure (V.P.) versus temperature (T). [molecular weight of ethanol is 46 g mol⁻¹]
Among the following, the option representing change in the freezing point is
[A] (graph image) [B] (graph image) [C] (graph image) [D] (graph image)"
2017_2_Q20,"For the following cell,
Zn(s) | ZnSO₄(aq) || CuSO₄(aq) | Cu(s)
when the concentration of Zn²⁺ is 10 times the concentration of Cu²⁺, the expression for ∆G (in J mol⁻¹) is
[F is Faraday constant; R is gas constant; T is temperature; E°(cell) =1.1V ]
[A] 1.1F [C] 2.303RT + 1.1F [B] 2.303RT – 2.2F [D] -2.2F"
2017_2_Q21,"The standard state Gibbs free energies of formation of C(graphite) and C(diamond) at T = 298 K are
∆G°[C(graphite)] = 0 kJ mol⁻¹
∆G°[C(diamond)] = 2.9 kJ mol⁻¹.
The standard state means that the pressure should be 1 bar, and substance should be pure at a given temperature. The conversion of graphite [C(graphite)] to diamond [C(diamond)] reduces its volume by 2×10⁻⁶ m³ mol⁻¹. If C(graphite) is converted to C(diamond) isothermally at T = 298 K, the pressure at which C(graphite) is in equilibrium with C(diamond), is
[Useful information: 1 J = 1 kg m² s⁻²; 1 Pa = 1 kg m⁻¹ s⁻²; 1 bar = 10⁵ Pa]
[A] 14501 bar [B] 58001 bar [C] 1450 bar [D] 29001 bar"
2017_2_Q22,"Which of the following combination will produce H₂ gas?
[A] Fe metal and conc. HNO₃ [B] Cu metal and conc. HNO₃ [C] Zn metal and NaOH(aq) [D] Au metal and NaCN(aq) in the presence of air"
2017_2_Q23,"The order of the oxidation state of the phosphorus atom in H₃PO₂, H₃PO₄, H₃PO₃, and H₄P₂O₆ is
[A] H₃PO₃ > H₃PO₂> H₃PO₄ > H₄P₂O₆ [B] H₃PO₄> H₃PO₂> H₃PO₃ > H₄P₂O₆ [C] H₃PO₄> H₄P₂O₆>H₃PO₃ > H₃PO₂ [D] H₃PO₂> H₃PO₃ > H₄P₂O₆ > H₃PO₄"
2017_2_Q24,"The major product of the following reaction is
[A] (chemical structure image) [B] (chemical structure image) [C] (chemical structure image) [D] (chemical structure image)"
2017_2_Q25,"The order of basicity among the following compounds is
[A] II>I>IV > III [B] IV > II > III > I [C] IV > I > II > III [D] I>IV > III > II"
2017_2_Q26,"The correct statement(s) about surface properties is(are)
[A] Adsorption is accompanied by decrease in enthalpy and decrease in entropy of the system [B] The critical temperatures of ethane and nitrogen are 563 K and 126 K, respectively. The adsorption of ethane will be more than that of nitrogen on same amount of activated charcoal at a given temperature [C] Cloud is an emulsion type of colloid in which liquid is dispersed phase and gas is dispersion medium [D] Brownian motion of colloidal particles does not depend on the size of the particles but depends on viscosity of the solution"
2017_2_Q27,"For a reaction taking place in a container in equilibrium with its surroundings, the effect of temperature on its equilibrium constant K in terms of change in entropy is described by
[A] With increase in temperature, the value of K for exothermic reaction decreases because the entropy change of the system is positive [B] With increase in temperature, the value of K for endothermic reaction increases because unfavourable change in entropy of the surroundings decreases [C] With increase in temperature, the value of K for endothermic reaction increases because the entropy change of the system is negative [D] With increase in temperature, the value of K for exothermic reaction decreases because favourable change in entropy of the surroundings decreases"
2017_2_Q28,"In a bimolecular reaction, the steric factor P was experimentally determined to be 4.5. The correct option(s) among the following is(are)
[A] The activation energy of the reaction is unaffected by the value of the steric factor [B] Experimentally determined value of frequency factor is higher than that predicted by Arrhenius equation [C] Since P = 4.5, the reaction will not proceed unless an effective catalyst is used [D] The value of frequency factor predicted by Arrhenius equation is higher than that determined experimentally"
2017_2_Q29,"For the following compounds, the correct statement(s) with respect to nucleophilic substitution reactions is(are)
[A] I and III follow SN1 mechanism [B] I and II follow SN2 mechanism [C] Compound IV undergoes inversion of configuration [D] The order of reactivity for I, III and IV is: IV > I > III"
2017_2_Q30,"Among the following, the correct statement(s) is(are)
[A] Al(CH₃)₃ has the three-centre two-electron bonds in its dimeric structure [B] BH₃ has the three-centre two-electron bonds in its dimeric structure [C] AlCl₃ has the three-centre two-electron bonds in its dimeric structure [D] The Lewis acidity of BCl₃ is greater than that of AlCl₃"
2017_2_Q31,"The option(s) with only amphoteric oxides is(are)
[A] Cr₂O₃, BeO, SnO, SnO₂ [B] Cr₂O₃, CrO, SnO, PbO [C] NO, B₂O₃, PbO, SnO₂ [D] ZnO, Al₂O₃, PbO, PbO₂"
2017_2_Q32,"Compounds P and R upon ozonolysis produce Q and S, respectively. The molecular formula of Q and S is C₈H₈O. Q undergoes Cannizzaro reaction but not haloform reaction, whereas S undergoes haloform reaction but not Cannizzaro reaction.
The option(s) with suitable combination of P and R, respectively, is(are)
[A] (chemical structure image) [B] (chemical structure image) [C] (chemical structure image) [D] (chemical structure image)"
2017_2_Q33,"W and X are, respectively
[A] O₃ and P₄O₆ [C] O₂ and P₄O₁₀ [B] O₂ and P₄O₆ [D] O₃ and P₄O₁₀"
2017_2_Q34,"Y and Z are, respectively
[A] N₂O₃ and H₃PO₄ [C] N₂O₄ and HPO₃ [B] N₂O₅ and HPO₃ [D] N₂O₄ and H₃PO₃"
2017_2_Q35,"The product S is
[A] (chemical structure image) [B] (chemical structure image) [C] (chemical structure image) [D] (chemical structure image)"
2017_2_Q36,"The reactions, Q to R and R to S, are
[A] Dehydration and Friedel-Crafts acylation [B] Aromatic sulfonation and Friedel-Crafts acylation [C] Friedel-Crafts alkylation, dehydration and Friedel-Crafts acylation [D] Friedel-Crafts alkylation and Friedel-Crafts acylation"
2017_2_Q37,"The equation of the plane passing through the point (1, 1, 1) and perpendicular to the planes 2x + y – 2z = 5 and 3x – 6y – 2z = 7, is
[A] 14x + 2y – 15z = 1 [C] 14x + 2y + 15z = 31 [B] 14x – 2y + 15z = 27 [D] -14x + 2y + 15z = 3"
2017_2_Q38,"Let O be the origin and let PQR be an arbitrary triangle. The point S is such that
OP · OQ + OR · OS = OR · OP + OQ · OS = OQ · OR + OP · OS
Then the triangle PQR has S as its
[A] centroid [B] circumcentre [C] incentre [D] orthocenter"
2017_2_Q39,"If y = y(x) satisfies the differential equation
8√x / (9 + √x) dy = (4 + √(9 + √x))⁻¹ dx, x > 0
and y(0) = √7, then y(256) =
[A] 3 [B] 9 [C] 16 [D] 80"
2017_2_Q40,"If f: R → R is a twice differentiable function such that f''(x) > 0 for all x ∈ R, and f(1/2)=f(1) = 1, then
[A] f′(1) ≤ 0 [B] 0 < f'(1) ≤ 1/2 [C] 1/2 < f′(1) ≤ 1 [D] f′(1) > 1"
2017_2_Q41,"How many 3×3 matrices M with entries from {0, 1, 2} are there, for which the sum of the diagonal entries of MᵀM is 5?
[A] 126 [B] 198 [C] 162 [D] 135"
2017_2_Q42,"Let S = {1, 2, 3, ..., 9}. For k = 1, 2, ...,5, let Nk be the number of subsets of S, each containing five elements out of which exactly k are odd. Then N₁ + N₂ + N₃ + N₄ + N₅ =
[A] 210 [B] 252 [C] 125 [D] 126"
2017_2_Q43,"Three randomly chosen nonnegative integers x, y and z are found to satisfy the equation x + y + z = 10. Then the probability that z is even, is
[A] 36/55 [B] 6/11 [C] 1/2 [D] 5/11"
2017_2_Q44,"If g(x) = ∫sin(2x) sin⁻¹(t) dt, then
[A] g'(π/2) = -2π [C] g'(π/2) = 2π [B] g'(-π/2) = 2π [D] g'(-π/2) = -2π"
2017_2_Q45,"Let α and β be nonzero real numbers such that 2(cos β − cos α) + cos α cos β = 1. Then which of the following is/are true?
[A] tan(α/2) + √3 tan(β/2) = 0 [B] √3 tan(α/2) + tan(β/2) = 0 [C] tan(α/2) - √3 tan(β/2) = 0 [D] √3 tan(α/2) - tan(β/2) = 0"
2017_2_Q46,"If f: R → R is a differentiable function such that f'(x) > 2f(x) for all x ∈ R, and f(0) = 1, then
[A] f(x) is increasing in (0,∞) [C] f(x) > e²x in (0,∞) [B] f(x) is decreasing in (0,∞) [D] f'(x) < e2x in (0,∞)"
2017_2_Q47,"Let f(x) = (1-x(1+|1-x|))/|1-x| cos (1/(1-x)) for x ≠ 1. Then
[A] limx→1− f(x) = 0 [B] limx→1- f(x) does not exist [C] limx→1+ f(x) = 0 [D] limx→1+ f(x) does not exist"
2017_2_Q48,"If f(x) = |cos(2x) cos(2x) sin(2x)| |cos x cos x sin x| |sin x sin x cos x| then
[A] f'(x) = 0 at exactly three points in (−π,π) [B] f'(x) = 0 at more than three points in (−π,π) [C] f(x) attains its maximum at x = 0 [D] f(x) attains its minimum at x = 0"
2017_2_Q49,"If the line x = α divides the area of region R = {(x, y) ∈ R²: x³ ≤ y ≤ x, 0 ≤ x ≤ 1} into two equal parts, then
[A] 0 < α < 1/2 [B] 1/2 < α < 1 [C] 2α⁴ − 4α² + 1 = 0 [D] α⁴ + 4α² − 1 = 0"
2017_2_Q50,"If I = Σ(k=1 to 98) ∫(k to k+1) (k+1)/(x(x+1)) dx, then
[A] I > loge 99 [B] I < loge 99 [C] I < 49/50 [D] I > 49/50"
2017_2_Q51,"| OX×OY |= 
[A] sin(P + Q) [B] sin 2R [C] sin(P+R) [D] sin(Q + R)"
2017_2_Q52,"If the triangle PQR varies, then the minimum value of
cos(P + Q) +cos(Q + R) +cos(R + P)
is
[A] -5/3 [B] -3/2 [C] 3/2 [D] 5/3"
2017_2_Q53,"a₁₂ =
[A] a₁₁ - a₁₀ [B] a₁₁ + a₁₀ [C] 2a₁₁ + a₁₀ [D] a₁₁ + 2a₁₀"
2017_2_Q54,"If a₄ = 28, then p + 2q =
[A] 21 [B] 14 [C] 7 [D] 12"
2018_1_Q01,"The potential energy of a particle of mass m at a distance r from a fixed point O is given by V(r) = kr²/2, where k is a positive constant of appropriate dimensions. This particle is moving in a circular orbit of radius R about the point O. If v is the speed of the particle and L is the magnitude of its angular momentum about O, which of the following statements is (are) true? (A) v = R √(k/(2m)) (B) v = R √(k/m) (C) L = √(mk) R² (D) L = √(mk/2) R²"
2018_1_Q02,"Consider a body of mass 1.0 kg at rest at the origin at time t = 0. A force F = (at î + β ĵ) is applied on the body, where α = 1.0 Ns⁻¹ and β = 1.0 N. The torque acting on the body about the origin at time t = 1.0 s is τ. Which of the following statements is (are) true? (A) |τ| = (1/3) N m (B) The torque τ is in the direction of the unit vector + k (C) The velocity of the body at t = 1 s is v = (1/2)(î + 2ĵ) m s⁻¹ (D) The magnitude of displacement of the body at t = 1 s is (1/6) m"
2018_1_Q03,"A uniform capillary tube of inner radius r is dipped vertically into a beaker filled with water. The water rises to a height h in the capillary tube above the water surface in the beaker. The surface tension of water is σ. The angle of contact between water and the wall of the capillary tube is θ. Ignore the mass of water in the meniscus. Which of the following statements is (are) true? (A) For a given material of the capillary tube, h decreases with increase in r (B) For a given material of the capillary tube, h is independent of σ (C) If this experiment is performed in a lift going up with a constant acceleration, then h decreases (D) h is proportional to contact angle θ"
2018_1_Q04,"In the figure below, the switches S₁ and S₂ are closed simultaneously at t = 0 and a current starts to flow in the circuit. Both the batteries have the same magnitude of the electromotive force (emf) and the polarities are as indicated in the figure. Ignore mutual inductance between the inductors. The current I in the middle wire reaches its maximum magnitude Imax at time t = τ. Which of the following statements is (are) true? (A) Imax = V/(2R) (B) Imax = V/(4R) (C) τ = (L/R) ln 2 (D) τ = (2L/R) ln 2"
2018_1_Q05,"Two infinitely long straight wires lie in the xy-plane along the lines x = ±R. The wire located at x = +R carries a constant current I₁ and the wire located at x = -R carries a constant current I₂. A circular loop of radius R is suspended with its centre at (0,0,√3R) and in a plane parallel to the xy-plane. This loop carries a constant current I in the clockwise direction as seen from above the loop. The current in the wire is taken to be positive if it is in the +î direction. Which of the following statements regarding the magnetic field B is (are) true? (A) If I₁ = I₂, then B cannot be equal to zero at the origin (0, 0, 0) (B) If I₁ > 0 and I₂ < 0, then B can be equal to zero at the origin (0, 0, 0) (C) If I₁ < 0 and I₂ > 0, then B can be equal to zero at the origin (0,0,0) (D) If I₁ = I₂, then the z-component of the magnetic field at the centre of the loop is (-μ₀I)/(2R)"
2018_1_Q06,"One mole of a monatomic ideal gas undergoes a cyclic process as shown in the figure (where V is the volume and T is the temperature). Which of the statements below is (are) true? (A) Process I is an isochoric process (B) In process II, gas absorbs heat (C) In process IV, gas releases heat (D) Processes I and III are not isobaric"
2018_1_Q07,"Two vectors A and B are defined as A = a î and B = a (cos ωt î + sin ωt ĵ), where a is a constant and ω = π/6 rad s⁻¹. If |A + B| = √3|A – B| at time t = τ for the first time, the value of τ, in seconds, is _____"
2018_1_Q08,"Two men are walking along a horizontal straight line in the same direction. The man in front walks at a speed 1.0 m s⁻¹ and the man behind walks at a speed 2.0 m s⁻¹. A third man is standing at a height 12 m above the same horizontal line such that all three men are in a vertical plane. The two walking men are blowing identical whistles which emit a sound of frequency 1430 Hz. The speed of sound in air is 330 m s⁻¹. At the instant, when the moving men are 10 m apart, the stationary man is equidistant from them. The frequency of beats in Hz, heard by the stationary man at this instant, is _____"
2018_1_Q09,"A ring and a disc are initially at rest, side by side, at the top of an inclined plane which makes an angle 60° with the horizontal. They start to roll without slipping at the same instant of time along the shortest path. If the time difference between their reaching the ground is (2 - √3)/√10 s, then the height of the top of the inclined plane, in metres, is _____. Take g = 10 m s⁻²."
2018_1_Q10,"A spring-block system is resting on a frictionless floor as shown in the figure. The spring constant is 2.0 N m⁻¹ and the mass of the block is 2.0 kg. Ignore the mass of the spring. Initially the spring is in an unstretched condition. Another block of mass 1.0 kg moving with a speed of 2.0 m s⁻¹ collides elastically with the first block. The collision is such that the 2.0 kg block does not hit the wall. The distance, in metres, between the two blocks when the spring returns to its unstretched position for the first time after the collision is _____"
2018_1_Q11,"Three identical capacitors C₁, C₂ and C₃ have a capacitance of 1.0 µF each and they are uncharged initially. They are connected in a circuit as shown in the figure and C₁ is then filled completely with a dielectric material of relative permittivity εᵣ. The cell electromotive force (emf) V₀ = 8 V. First the switch S₁ is closed while the switch S₂ is kept open. When the capacitor C₃ is fully charged, S₁ is opened and S₂ is closed simultaneously. When all the capacitors reach equilibrium, the charge on C₃ is found to be 5 µC. The value of εᵣ = _____"
2018_1_Q12,"In the xy-plane, the region y > 0 has a uniform magnetic field B₁k and the region y < 0 has another uniform magnetic field B₂k. A positively charged particle is projected from the origin along the positive y-axis with speed v₀ = π m s⁻¹ at t = 0, as shown in the figure. Neglect gravity in this problem. Let t = T be the time when the particle crosses the x-axis from below for the first time. If B₂ = 4B₁, the average speed of the particle, in m s⁻¹, along the x-axis in the time interval T is _____"
2018_1_Q13,"Sunlight of intensity 1.3 kW m⁻² is incident normally on a thin convex lens of focal length 20 cm. Ignore the energy loss of light due to the lens and assume that the lens aperture size is much smaller than its focal length. The average intensity of light, in kW m⁻², at a distance 22 cm from the lens on the other side is _____"
2018_1_Q14,"Two conducting cylinders of equal length but different radii are connected in series between two heat baths kept at temperatures T₁ = 300 K and T₂ = 100 K, as shown in the figure. The radius of the bigger cylinder is twice that of the smaller one and the thermal conductivities of the materials of the smaller and the larger cylinders are K₁ and K₂ respectively. If the temperature at the junction of the two cylinders in the steady state is 200 K, then K₁/K₂ = _____"
2018_1_Q15,The relation between [E] and [B] is (A) [E] = [B] [L] [T] (B) [E] = [B] [L]⁻¹ [T] (C) [E] = [B] [L] [T]⁻¹ (D) [E] = [B] [L]⁻¹ [T]⁻¹
2018_1_Q16,The relation between [ε₀] and [µ₀] is (A) [µ₀] = [ε₀] [L]² [T]⁻² (B) [µ₀] = [ε₀] [L]⁻² [T]² (C) [µ₀] = [ε₀]⁻¹ [L]² [T]⁻² (D) [µ₀] = [ε₀]⁻¹ [L]⁻² [T]²
2018_1_Q17,"Consider the ratio r = (1-a)/(1+a) to be determined by measuring a dimensionless quantity a. If the error in the measurement of a is Δα (Δα/α « 1), then what is the error Δr in determining r? (A) Δα/((1+a)²) (B) 2Δα/((1+a)²) (C) 2Δα/((1-a)²) (D) 2αΔα/((1-a)²)"
2018_1_Q18,"In an experiment the initial number of radioactive nuclei is 3000. It is found that 1000 ± 40 nuclei decayed in the first 1.0 s. For |x| « 1, ln(1 + x) = x up to first power in x. The error Δλ, in the determination of the decay constant λ, in s⁻¹, is (A) 0.04 (B) 0.03 (C) 0.02 (D) 0.01"
2018_1_Q19,The compound(s) which generate(s) N₂ gas upon thermal decomposition below 300°C is (are) (A) NH₄NO₃ (B) (NH₄)₂Cr₂O₇ (C) Ba(N₃)₂ (D) Mg₃N₂
2018_1_Q20,"The correct statement(s) regarding the binary transition metal carbonyl compounds is (are) (Atomic numbers: Fe = 26, Ni = 28) (A) Total number of valence shell electrons at metal centre in Fe(CO)₅ or Ni(CO)₄ is 16 (B) These are predominantly low spin in nature (C) Metal-carbon bond strengthens when the oxidation state of the metal is lowered (D) The carbonyl C–O bond weakens when the oxidation state of the metal is increased"
2018_1_Q21,"Based on the compounds of group 15 elements, the correct statement(s) is (are) (A) Bi₂O₅ is more basic than N₂O₅ (B) NF₃ is more covalent than BiF₃ (C) PH₃ boils at lower temperature than NH₃ (D) The N–N single bond is stronger than the P–P single bond"
2018_1_Q22,"In the following reaction sequence, the correct structure(s) of X is (are) 1) PBr₃, Et₂O Me --N₃ X 2) NaI, Me₂CO 3) NaN₃, HCONMe₂ enantiomerically pure (A) [Image of chemical structure] (B) [Image of chemical structure] (C) [Image of chemical structure] (D) [Image of chemical structure]"
2018_1_Q23,"The reaction(s) leading to the formation of 1,3,5-trimethylbenzene is (are) (A) Acetone reacting with Conc. H₂SO₄ and heat (Δ). (B) Propyne reacting with heated iron tube at 873 K. (C) A diketone structure, reacting with 1) Br₂, NaOH; 2) H₃O⁺; 3) sodalime, Δ. (D) Benzene-1,3,5-tricarbaldehyde reacting with Zn/Hg, HCl."
2018_1_Q24,"A reversible cyclic process for an ideal gas is shown below. Here, P, V, and T are pressure, volume and temperature, respectively. The thermodynamic parameters q, w, H and U are heat, work, enthalpy and internal energy, respectively. The correct option(s) is (are) (A) qAC = ΔUBC and wAB = P₂(V₂ - V₁) (B) wBC = P₂(V₂ - V₁) and qBC = ΔHAC (C) ΔHCA < ΔUCA and qAC = ΔUBC (D) qBC = ΔHAC and ΔHCA > ΔUCA"
2018_1_Q25,"Among the species given below, the total number of diamagnetic species is _____. H atom, NO₂ monomer, O₂⁻ (superoxide), dimeric sulphur in vapour phase, Mn₃O₄, (NH₄)₂[FeCl₄], (NH₄)₂[NiCl₄], K₂MnO₄, K₂CrO₄"
2018_1_Q26,"The ammonia prepared by treating ammonium sulphate with calcium hydroxide is completely used by NiCl₂.6H₂O to form a stable coordination compound. Assume that both the reactions are 100% complete. If 1584 g of ammonium sulphate and 952 g of NiCl₂.6H₂O are used in the preparation, the combined weight (in grams) of gypsum and the nickel-ammonia coordination compound thus produced is _____. (Atomic weights in g mol⁻¹: H = 1, N = 14, O = 16, S = 32, Cl = 35.5, Ca = 40, Ni = 59)"
2018_1_Q27,Consider an ionic solid MX with NaCl structure. Construct a new structure (Z) whose unit cell is constructed from the unit cell of MX following the sequential instructions given below. Neglect the charge balance. (i) Remove all the anions (X) except the central one (ii) Replace all the face centered cations (M) by anions (X) (iii) Remove all the corner cations (M) (iv) Replace the central anion (X) with cation (M) The value of (number of anions) / (number of cations) in Z is _____
2018_1_Q28,"For the electrochemical cell, Mg(s) | Mg²⁺ (aq, 1 M) || Cu²⁺ (aq, 1 M) | Cu(s) the standard emf of the cell is 2.70 V at 300 K. When the concentration of Mg²⁺ is changed to x M, the cell potential changes to 2.67 V at 300 K. The value of x is _____. (given, F/R = 11500 K V⁻¹, where F is the Faraday constant and R is the gas constant, ln(10) = 2.30)"
2018_1_Q29,"A closed tank has two compartments A and B, both filled with oxygen (assumed to be ideal gas). The partition separating the two compartments is fixed and is a perfect heat insulator (Figure 1). If the old partition is replaced by a new partition which can slide and conduct heat but does NOT allow the gas to leak across (Figure 2), the volume (in m³) of the compartment A after the system attains equilibrium is _____"
2018_1_Q30,"Liquids A and B form ideal solution over the entire range of composition. At temperature T, equimolar binary solution of liquids A and B has vapour pressure 45 Torr. At the same temperature, a new solution of A and B having mole fractions XA and XB, respectively, has vapour pressure of 22.5 Torr. The value of XA/XB in the new solution is _____. (given that the vapour pressure of pure liquid A is 20 Torr at temperature T)"
2018_1_Q31,The solubility of a salt of weak acid (AB) at pH 3 is Y×10⁻³ mol L⁻¹. The value of Y is _____. (Given that the value of solubility product of AB (Ksp) = 2×10⁻¹⁰ and the value of ionization constant of HB (Ka) = 1×10⁻⁸)
2018_1_Q32,"The plot given below shows P – T curves (where P is the pressure and T is the temperature) for two solvents X and Y and isomolal solutions of NaCl in these solvents. NaCl completely dissociates in both the solvents. On addition of equal number of moles of a non-volatile solute S in equal amount (in kg) of these solvents, the elevation of boiling point of solvent X is three times that of solvent Y. Solute S is known to undergo dimerization in these solvents. If the degree of dimerization is 0.7 in solvent Y, the degree of dimerization in solvent X is _____"
2018_1_Q33,The compound Y is (A) [Image of chemical structure] (B) [Image of chemical structure] (C) [Image of chemical structure] (D) [Image of chemical structure]
2018_1_Q34,The compound Z is (A) [Image of chemical structure] (B) [Image of chemical structure] (C) [Image of chemical structure] (D) [Image of chemical structure]
2018_1_Q35,The compound R is (A) [Image of chemical structure] (B) [Image of chemical structure] (C) [Image of chemical structure] (D) [Image of chemical structure]
2018_1_Q36,The compound S is (A) [Image of chemical structure] (B) [Image of chemical structure] (C) [Image of chemical structure] (D) [Image of chemical structure]
2018_1_Q37,"For a non-zero complex number z, let arg(z) denote the principal argument with -π < arg(z) ≤ π. Then, which of the following statement(s) is (are) FALSE? (A) arg(-1 - i) = -π/4, where i = √-1 (B) The function f: R → (-π, π], defined by f(t) = arg(-1 + it) for all t ∈ R, is continuous at all points of R, where i = √-1 (C) For any two non-zero complex numbers z₁ and z₂, arg(z₁/z₂) = arg(z₁) + arg(z₂) is an integer multiple of 2π (D) For any three given distinct complex numbers z₁, z₂ and z₃, the locus of the point z satisfying the condition arg(((z-z₁)(z₂-z₃))/((z-z₃)(z₂-z₁))) = π, lies on a straight line"
2018_1_Q38,"In a triangle PQR, let ∠PQR = 30° and the sides PQ and QR have lengths 10√3 and 10, respectively. Then, which of the following statement(s) is (are) TRUE? (A) ∠QPR = 45° (B) The area of the triangle PQR is 25√3 and ∠QRP = 120° (C) The radius of the incircle of the triangle PQR is 10√3 – 15 (D) The area of the circumcircle of the triangle PQR is 100 π"
2018_1_Q39,"Let P₁: 2x + y - z = 3 and P₂: x + 2y + z = 2 be two planes. Then, which of the following statement(s) is (are) TRUE? (A) The line of intersection of P₁ and P₂ has direction ratios 1, 2, -1 (B) The line (3x-4)/9 = (1-3y)/9 = z/3 is perpendicular to the line of intersection of P₁ and P₂ (C) The acute angle between P₁ and P₂ is 60° (D) If P₃ is the plane passing through the point (4, 2, -2) and perpendicular to the line of intersection of P₁ and P₂, then the distance of the point (2, 1, 1) from the plane P₃ is 2/√3"
2018_1_Q40,"For every twice differentiable function f: R → [-2,2] with (f(0))² + (f'(0))² = 85, which of the following statement(s) is (are) TRUE? (A) There exist r,s ∈ R, where r < s, such that f is one-one on the open interval (r, s) (B) There exists x₀ ∈ (−4, 0) such that |f'(x₀)| ≤ 1 (C) lim (x→∞) f(x) = 1 (D) There exists α ∈ (−4,4) such that f(α) + f''(α) = 0 and f'(α) ≠ 0"
2018_1_Q41,"Let f: R → R and g: R → R be two non-constant differentiable functions. If f'(x) = (e^(f(x)-g(x)))g'(x) for all x ∈ R, and f(1) = g(2) = 1, then which of the following statement(s) is (are) TRUE? (A) f(2) < 1- logₑ 2 (B) f(2) > 1 - logₑ 2 (C) g(1) > 1 - logₑ 2 (D) g(1) < 1 - logₑ 2"
2018_1_Q42,"Let f: [0, ∞) → R be a continuous function such that f(x) = 1 - 2x + ∫₀ˣ e^(x-t)f(t)dt for all x ∈ [0,∞). Then, which of the following statement(s) is (are) TRUE? (A) The curve y = f(x) passes through the point (1, 2) (B) The curve y = f(x) passes through the point (2, -1) (C) The area of the region {(x, y) ∈ [0, 1] × R : f(x) ≤ y ≤ √(1 − x²) } is (π-2)/4 (D) The area of the region {(x, y) ∈ [0,1] × R : f(x) ≤ y ≤ √(1 − x²) } is (π-1)/4"
2018_1_Q43,The value of ((log₂ 9)²)^(1/(log₂ (log₂ 9))) × (√7)^(1/(log₄ 7)) is _____
2018_1_Q44,"The number of 5 digit numbers which are divisible by 4, with digits from the set {1, 2, 3, 4, 5} and the repetition of digits is allowed, is _____"
2018_1_Q45,"Let X be the set consisting of the first 2018 terms of the arithmetic progression 1, 6, 11, ..., and Y be the set consisting of the first 2018 terms of the arithmetic progression 9, 16, 23, ... . Then, the number of elements in the set X ∪ Y is _____"
2018_1_Q46,"The number of real solutions of the equation ∑ᵢ₁^∞ sin⁻¹((xⁱ⁺¹ - xⁱ)/(1+x²ⁱ)) = π/2 - ∑ᵢ₁^∞ cos⁻¹(((i - (-x)ⁱ)/(i + (-x)ⁱ))) lying in the interval (-1/2, 1/2) is _____. (Here, the inverse trigonometric functions sin⁻¹x and cos⁻¹x assume values in [-π/2, π/2] and [0, π], respectively.)"
2018_1_Q47,"For each positive integer n, let Yₙ = (1/n) ((n + 1)(n + 2) ... (n + n))^(1/n). For x ∈ R, let [x] be the greatest integer less than or equal to x. If lim (n→∞) Yₙ = L, then the value of [L] is _____"
2018_1_Q48,"Let a and b be two unit vectors such that a ⋅ b = 0. For some x, y ∈ R, let c = x a + y b + (a × b). If |c| = 2 and the vector c is inclined at the same angle α to both a and b, then the value of 8 cos² α is _____"
2018_1_Q49,"Let a, b, c be three non-zero real numbers such that the equation √3 a cos x + 2 b sin x = c, x ∈ [-π/2, π/2] has two distinct real roots α and β with α + β = π/3. Then, the value of b/a is _____"
2018_1_Q50,"A farmer F₁ has a land in the shape of a triangle with vertices at P(0,0), Q(1,1) and R(2,0). From this land, a neighbouring farmer F₂ takes away the region which lies between the side PQ and a curve of the form y = xⁿ (n > 1). If the area of the region taken away by the farmer F₂ is exactly 30% of the area of ΔPQR, then the value of n is _____"
2018_1_Q51,"Let E₁E₂ and F₁F₂ be the chords of S passing through the point P₀ (1, 1) and parallel to the x-axis and the y-axis, respectively. Let G₁G₂ be the chord of S passing through P₀ and having slope –1. Let the tangents to S at E₁ and E₂ meet at E₃, the tangents to S at F₁ and F₂ meet at F₃, and the tangents to S at G₁ and G₂ meet at G₃. Then, the points E₃, F₃, and G₃ lie on the curve (A) x + y = 4 (B) (x - 4)² + (y − 4)² = 16 (C) (x - 4)(y − 4) = 4 (D) xy = 4"
2018_1_Q52,"Let P be a point on the circle S with both coordinates being positive. Let the tangent to S at P intersect the coordinate axes at the points M and N. Then, the mid-point of the line segment MN must lie on the curve (A) (x + y)² = 3xy (B) x^(2/3) + y^(2/3) = 2^(4/3) (C) x² + y² = 2xy (D) x² + y² = x² y²"
2018_1_Q53,"The probability that, on the examination day, the student S₁ gets the previously allotted seat R₁, and NONE of the remaining students gets the seat previously allotted to him/her is (A) 3/40 (B) 1/8 (C) 7/40 (D) 1/5"
2018_1_Q54,"For i = 1, 2, 3, 4, let Tᵢ denote the event that the students Sᵢ and Sᵢ₊₁ do NOT sit adjacent to each other on the day of the examination. Then, the probability of the event T₁ ∩ T₂ ∩ T₃ ∩ T₄ is (A) 1/15 (B) 1/10 (C) 7/60 (D) 1/5"
2018_2_Q01,"A particle of mass m is initially at rest at the origin. It is subjected to a force and starts moving along the x-axis. Its kinetic energy K changes with time as dK/dt = γt, where γ is a positive constant of appropriate dimensions. Which of the following statements is (are) true? (A) The force applied on the particle is constant (B) The speed of the particle is proportional to time (C) The distance of the particle from the origin increases linearly with time (D) The force is conservative"
2018_2_Q02,Consider a thin square plate floating on a viscous liquid in a large tank. The height h of the liquid in the tank is much less than the width of the tank. The floating plate is pulled horizontally with a constant velocity u0. Which of the following statements is (are) true? (A) The resistive force of liquid on the plate is inversely proportional to h (B) The resistive force of liquid on the plate is independent of the area of the plate (C) The tangential (shear) stress on the floor of the tank increases with u0 (D) The tangential (shear) stress on the plate varies linearly with the viscosity η of the liquid
2018_2_Q03,"An infinitely long thin non-conducting wire is parallel to the z-axis and carries a uniform line charge density λ. It pierces a thin non-conducting spherical shell of radius R in such a way that the arc PQ subtends an angle 120° at the centre O of the spherical shell, as shown in the figure. The permittivity of free space is ε0. Which of the following statements is (are) true? (A) The electric flux through the shell is √3Rλ/ε0 (B) The z-component of the electric field is zero at all the points on the surface of the shell (C) The electric flux through the shell is √2Rλ/ε0 (D) The electric field is normal to the surface of the shell at all points"
2018_2_Q04,"A wire is bent in the shape of a right angled triangle and is placed in front of a concave mirror of focal length f, as shown in the figure. Which of the figures shown in the four options qualitatively represent(s) the shape of the image of the bent wire? (These figures are not to scale.) (A) (B) (C) (D)"
2018_2_Q05,"In a radioactive decay chain, 236Th nucleus decays to 232Pb nucleus. Let Nα and Nβ be the number of α and β¯ particles, respectively, emitted in this decay process. Which of the following statements is (are) true? (A) Nα = 5 (B) Nα = 6 (C) Nβ = 2 (D) Nβ = 4"
2018_2_Q06,"In an experiment to measure the speed of sound by a resonating air column, a tuning fork of frequency 500 Hz is used. The length of the air column is varied by changing the level of water in the resonance tube. Two successive resonances are heard at air columns of length 50.7 cm and 83.9 cm. Which of the following statements is (are) true? (A) The speed of sound determined from this experiment is 332 m s¯¹ (B) The end correction in this experiment is 0.9 cm (C) The wavelength of the sound wave is 66.4 cm (D) The resonance at 50.7 cm corresponds to the fundamental harmonic"
2018_2_Q07,"A solid horizontal surface is covered with a thin layer of oil. A rectangular block of mass m = 0.4 kg is at rest on this surface. An impulse of 1.0 N s is applied to the block at time t = 0 so that it starts moving along the x-axis with a velocity v(t) = v0e-t/τ, where v0 is a constant and τ = 4 s. The displacement of the block, in metres, at t = τ is _______. Take e-1 = 0.37."
2018_2_Q08,"A ball is projected from the ground at an angle of 45° with the horizontal surface. It reaches a maximum height of 120 m and returns to the ground. Upon hitting the ground for the first time, it loses half of its kinetic energy. Immediately after the bounce, the velocity of the ball makes an angle of 30° with the horizontal surface. The maximum height it reaches after the bounce, in metres, is _______."
2018_2_Q09,"A particle, of mass 10-3kg and charge 1.0 C, is initially at rest. At time t = 0, the particle comes under the influence of an electric field E(t) = E0 sin ωt î, where E0 = 1.0 N C¯¹and ω = 103 rad s¯¹. Consider the effect of only the electrical force on the particle. Then the maximum speed, in m s¯¹, attained by the particle at subsequent times is _______."
2018_2_Q10,"A moving coil galvanometer has 50 turns and each turn has an area 2 × 10−4 m². The magnetic field produced by the magnet inside the galvanometer is 0.02 T. The torsional constant of the suspension wire is 10−4 N m rad−1. When a current flows through the galvanometer, a full scale deflection occurs if the coil rotates by 0.2 rad. The resistance of the coil of the galvanometer is 50 Ω. This galvanometer is to be converted into an ammeter capable of measuring current in the range 0 – 1.0 A. For this purpose, a shunt resistance is to be added in parallel to the galvanometer. The value of this shunt resistance, in ohms, is _______."
2018_2_Q11,"A steel wire of diameter 0.5 mm and Young's modulus 2 × 1011 N m¯² carries a load of mass M. The length of the wire with the load is 1.0 m. A vernier scale with 10 divisions is attached to the end of this wire. Next to the steel wire is a reference wire to which a main scale, of least count 1.0 mm, is attached. The 10 divisions of the vernier scale correspond to 9 divisions of the main scale. Initially, the zero of vernier scale coincides with the zero of main scale. If the load on the steel wire is increased by 1.2 kg, the vernier scale division which coincides with a main scale division is _______. Take g = 10 m s¯² and π = 3.2."
2018_2_Q12,"One mole of a monatomic ideal gas undergoes an adiabatic expansion in which its volume becomes eight times its initial value. If the initial temperature of the gas is 100 K and the universal gas constant R = 8.0 J mol¯¹K−¹, the decrease in its internal energy, in Joule, is _______."
2018_2_Q13,In a photoelectric experiment a parallel beam of monochromatic light with power of 200 W is incident on a perfectly absorbing cathode of work function 6.25 eV. The frequency of light is just above the threshold frequency so that the photoelectrons are emitted with negligible kinetic energy. Assume that the photoelectron emission efficiency is 100%. A potential difference of 500 V is applied between the cathode and the anode. All the emitted electrons are incident normally on the anode and are absorbed. The anode experiences a force F = n × 10-4N due to the impact of the electrons. The value of n is _______. Mass of the electron me = 9 × 10-31kg and 1.0 eV = 1.6 × 10-19 J.
2018_2_Q14,"Consider a hydrogen-like ionized atom with atomic number Z with a single electron. In the emission spectrum of this atom, the photon emitted in the n = 2 to n = 1 transition has energy 74.8 eV higher than the photon emitted_in_the_n = 3 to n = 2 transition. The ionization energy of the hydrogen atom is 13.6 eV. The value of Z is _______."
2018_2_Q15,"The electric field E is measured at a point P(0, 0, d) generated due to various charge distributions and the dependence of E on d is found to be different for different charge distributions. List-I contains different relations between E and d. List-II describes different electric charge distributions, along with their locations. Match the functions in List-I with the related charge distributions in List-II. LIST-I P. E is independent of d Q. E ∝ 1/d R. E ∝ 1/d2 S. E ∝ 1/d3 LIST-II 1. A point charge Q at the origin 2. A small dipole with point charges Q at (0, 0, l) and – Q at (0,0,-l). Take 2l << d 3. An infinite line charge coincident with the x-axis, with uniform linear charge density λ 4. Two infinite wires carrying uniform linear charge density parallel to the x- axis. The one along (y = 0, z = l) has a charge density +λ and the one along (y = 0, z = −l) has a charge density – λ. Take 2l << d 5. Infinite plane charge coincident with the xy-plane with uniform surface charge density (A) P→5; Q → 3, 4; R → 1; S-2 (B) P→5; Q → 3; R→1, 4; S→2 (C) P→5; Q→3; R→1,2; S→4 (D) P→4; Q → 2, 3; R → 1; S-5"
2018_2_Q16,"A planet of mass M, has two natural satellites with masses m1 and m2. The radii of their circular orbits are R1 and R2 respectively. Ignore the gravitational force between the satellites. Define v1, L1, K1 and T1 to be, respectively, the orbital speed, angular momentum, kinetic energy and time period of revolution of satellite 1; and V2, L2, K2 and T2 to be the corresponding quantities of satellite 2. Given m1/m2 = 2 and R1/R2 = 1/4, match the ratios in List-I to the numbers in List-II. LIST-I P. v1/v2 Q. L1/L2 R. K1/K2 S. T1/T2 LIST-II 1. 1/8 2. 1 3. 2 4. 8 (A) P→4; Q → 2; R → 1;S → 3 (B) P→3; Q → 2; R → 4;S → 1 (C) P → 2; Q → 3; R → 1; S → 4 (D) P→2; Q → 3; R → 4; S → 1"
2018_2_Q17,"One mole of a monatomic ideal gas undergoes four thermodynamic processes as shown schematically in the PV-diagram below. Among these four processes, one is isobaric, one is isochoric, one is isothermal and one is adiabatic. Match the processes mentioned in List-1 with the corresponding statements in List-II. LIST-I P. In process I Q. In process II R. In process III S. In process IV LIST-II 1. Work done by the gas is zero 2. Temperature of the gas remains unchanged 3. No heat is exchanged between the gas and its surroundings 4. Work done by the gas is 6P0V0 (A) P→4; Q → 3; R → 1;S → 2 (B) P→1; Q → 3; R → 2; S → 4 (C) P→3; Q → 4; R → 1; S → 2 (D) P→3; Q → 4; R → 2;S → 1"
2018_2_Q18,"In the List-I below, four different paths of a particle are given as functions of time. In these functions, α and β are positive constants of appropriate dimensions and α ≠ β. In each case, the force acting on the particle is either zero or conservative. In List-II, five physical quantities of the particle are mentioned: p is the linear momentum, L is the angular momentum about the origin, K is the kinetic energy, U is the potential energy and E is the total energy. Match each path in List-I with those quantities in List-II, which are conserved for that path. LIST-I P. r(t) = at î + βt ĵ Q. r(t) = α cos ωt î + β sin ωt ĵ R. r(t) = α (cos ωt î + sin ωt ĵ) S. r(t) = at î + (1/2)t²ĵ LIST-II 1. p 2. L 3. K 4. U 5. E (A) P → 1, 2, 3, 4, 5; Q → 2,5; R → 2, 3, 4, 5; S → 5 (B) P → 1, 2, 3, 4, 5; Q → 3, 5; R → 2, 3, 4, 5; S → 2,5 (C) P → 2, 3, 4; Q-5; R → 1, 2, 4; S→ 2,5 (D) P → 1, 2, 3, 5; Q→ 2,5; R→2, 3, 4, 5; S → 2,5"
2018_2_Q19,The correct option(s) regarding the complex [Co(en)(NH3)3(H2O)]3+ (en = H2NCH2CH2NH2) is (are) (A) It has two geometrical isomers (B) It will have three geometrical isomers if bidentate ‘en' is replaced by two cyanide ligands (C) It is paramagnetic (D) It absorbs light at longer wavelength as compared to [Co(en)(NH3)4]3+
2018_2_Q20,The correct option(s) to distinguish nitrate salts of Mn2+ and Cu2+ taken separately is (are) (A) Mn2+ shows the characteristic green colour in the flame test (B) Only Cu2+ shows the formation of precipitate by passing H2S in acidic medium (C) Only Mn2+ shows the formation of precipitate by passing H2S in faintly basic medium (D) Cu2+/Cu has higher reduction potential than Mn2+/Mn (measured under similar conditions)
2018_2_Q21,"Aniline reacts with mixed acid (conc. HNO3 and conc. H2SO4) at 288 K to give P (51%), Q (47%) and R (2%). The major product(s) of the following reaction sequence is (are) (A) (B) (C) (D)"
2018_2_Q22,The Fischer presentation of D-glucose is given below. D-glucose The correct structure(s) of β-L-glucopyranose is (are) (A) (B) (C) (D)
2018_2_Q23,"For a first order reaction A(g) → 2B(g) + C(g) at constant volume and 300 K, the total pressure at the beginning (t = 0) and at time t are P0 and Pt, respectively. Initially, only A is present with concentration [A]0, and t1/3 is the time required for the partial pressure of A to reach 1/3rd of its initial value. The correct option(s) is (are) (Assume that all these gases behave as ideal gases) (A) (B) (C) (D)"
2018_2_Q24,"For a reaction, A ⇌ P, the plots of [A] and [P] with time at temperatures T1 and T2 are given below. If T2 > T1, the correct statement(s) is (are) (Assume ∆H⁰ and ∆S⁰ are independent of temperature and ratio of lnK at T1 to lnK at T2 is greater than T2/T1. Here H, S, G and K are enthalpy, entropy, Gibbs energy and equilibrium constant, respectively.) (A) ∆H⁰ < 0, ∆S⁰ < 0 (B) ∆G⁰ < 0, ∆H⁰ > 0 (C) ∆G⁰ < 0, ∆S⁰ < 0 (D) ∆G⁰ < 0, ∆S⁰ > 0"
2018_2_Q25,"The total number of compounds having at least one bridging oxo group among the molecules given below is _______. N2O3, N2O5, P4O6, P4O7, H4P2O5, H5P3O10, H2S2O3, H2S2O5"
2018_2_Q26,"Galena (an ore) is partially oxidized by passing air through it at high temperature. After some time, the passage of air is stopped, but the heating is continued in a closed furnace such that the contents undergo self-reduction. The weight (in kg) of Pb produced per kg of O2 consumed is _______. (Atomic weights in g mol¯¹: O = 16, S = 32, Pb = 207)"
2018_2_Q27,"To measure the quantity of MnCl2 dissolved in an aqueous solution, it was completely converted to KMnO4 using the reaction, MnCl2 + K2S2O8 + H2O → KMnO4 + H2SO4 + HCl (equation not balanced). Few drops of concentrated HCl were added to this solution and gently warmed. Further, oxalic acid (225 mg) was added in portions till the colour of the permanganate ion disappeared. The quantity of MnCl2 (in mg) present in the initial solution is _______. (Atomic weights in g mol¯¹: Mn = 55, Cl = 35.5)"
2018_2_Q28,"For the given compound X, the total number of optically active stereoisomers is _______."
2018_2_Q29,"In the following reaction sequence, the amount of D (in g) formed from 10 moles of acetophenone is _______. (Atomic weights in g mol-1: H = 1, C = 12, N = 14, O = 16, Br = 80. The yield (%) corresponding to the product in each step is given in the parenthesis)"
2018_2_Q30,"The surface of copper gets tarnished by the formation of copper oxide. N2 gas was passed to prevent the oxide formation during heating of copper at 1250 K. However, the N2 gas contains 1 mole % of water vapour as impurity. The water vapour oxidises copper as per the reaction given below: 2Cu(s) + H2O(g) → Cu2O(s) + H2(g) PH₂ is the minimum partial pressure of H2 (in bar) needed to prevent the oxidation at 1250 K. The value of ln(pH₂) is _______. (Given: total pressure = 1 bar, R (universal gas constant) = 8 J K¯¹ mol¯¹, ln(10) = 2.3. Cu(s) and Cu2O(s) are mutually immiscible. At 1250 K: 2Cu(s) + ½ O2(g) → Cu2O(s); ∆G⁰ = − 78,000 J mol-1 H2(g) + 1/2 O2(g) → H2O(g); ∆G⁰ = − 1,78,000 J mol¯¹; G is the Gibbs energy)"
2018_2_Q31,"Consider the following reversible reaction, A(g) + B(g) ⇌ AB(g). The activation energy of the backward reaction exceeds that of the forward reaction by 2RT (in J mol¯¹). If the pre-exponential factor of the forward reaction is 4 times that of the reverse reaction, the absolute value of ∆G⁰ (in J mol¯¹) for the reaction at 300 K is _______. (Given; ln(2) = 0.7, RT = 2500 J mol¯¹ at 300 K and G is the Gibbs energy)"
2018_2_Q32,"Consider an electrochemical cell: A(s) | An+ (aq, 2 M) || B2n+ (aq, 1 M) | B(s). The value of ∆Hº for the cell reaction is twice that of ∆Gº at 300 K. If the emf of the cell is zero, the ∆Sº (in J K¯¹ mol¯¹) of the cell reaction per mole of B formed at 300 K is _______. (Given: ln(2) = 0.7, R (universal gas constant) = 8.3 J K¯¹ mol¯¹. H, S and G are enthalpy, entropy and Gibbs energy, respectively.)"
2018_2_Q33,"Match each set of hybrid orbitals from LIST-I with complex(es) given in LIST-II. LIST-I P. dsp² Q. sp³ R. sp³d2 S. d2sp³ LIST-II 1. [FeF6]4- 2. [Ti(H2O)3Cl3] 3. [Cr(NH3)6]3+ 4. [FeCl4]2- 5. Ni(CO)4 6. [Ni(CN)4]2- The correct option is (A) P→5; Q → 4,6; R → 2,3; S → 1 (B) P → 5,6; Q → 4; R → 3; S → 1,2 (C) P→6; Q → 4,5; R → 1; S → 2,3 (D) P → 4,6; Q → 5,6; R → 1,2; S → 3"
2018_2_Q34,"The desired product X can be prepared by reacting the major product of the reactions in LIST-I with one or more appropriate reagents in LIST-II. (given, order of migratory aptitude: aryl > alkyl > hydrogen) LIST-I P. [structure] + H2SO4 Q. [structure] + HNO2 R. [structure] + H2SO4 S. [structure] + AgNO3 LIST-II 1. I2, NaOH 2. [Ag(NH3)2]OH 3. Fehling solution 4. HCHO, NaOH 5. NaOBr The correct option is (A) P→1; Q → 2,3; R → 1,4; S → 2,4 (B) P → 1,5; Q → 3,4; R → 4,5; S → 3 (C) P → 1,5; Q → 3,4; R → 5; S→ 2,4 (D) P → 1,5; Q → 2,3; R → 1,5; S → 2,3"
2018_2_Q35,"LIST-I contains reactions and LIST-II contains major products. LIST-I P. XONa + Br Q. XOMe + HBr R. XBr + NaOMe S. XONa + MeBr LIST-II 1. XOH 2. XBr 3. XOMe 4. [structure] 5. [structure] Match each reaction in LIST-I with one or more products in LIST-II and choose the correct option. (A) P → 1,5; Q → 2; R → 3; S → 4 (B) P → 1,4; Q → 2; R → 4; S → 3 (C) P → 1,4; Q → 1,2; R → 3,4; S → 4 (D) P → 4,5; Q → 4; R → 4; S→3,4"
2018_2_Q36,"Dilution processes of different aqueous solutions, with water, are given in LIST-I. The effects of dilution of the solutions on [H+] are given in LIST-II. (Note: Degree of dissociation (α) of weak acid and weak base is << 1; degree of hydrolysis of salt <<1; [H+] represents the concentration of H+ ions) LIST-I P. (10 mL of 0.1 M NaOH + 20 mL of 0.1 M acetic acid) diluted to 60 mL Q. (20 mL of 0.1 M NaOH + 20 mL of 0.1 M acetic acid) diluted to 80 mL R. (20 mL of 0.1 M HCl + 20 mL of 0.1 M ammonia solution) diluted to 80 mL S. 10 mL saturated solution of Ni(OH)2 in equilibrium with excess solid Ni(OH)2 is diluted to 20 mL (solid Ni(OH)2 is still present after dilution). LIST-II 1. the value of [H+] does not change on dilution 2. the value of [H+] changes to half of its initial value on dilution 3. the value of [H+] changes to two times of its initial value on dilution 4. the value of [H+] changes to 1/√2 times of its initial value on dilution 5. the value of [H+] changes to √2 times of its initial value on dilution Match each process given in LIST-I with one or more effect(s) in LIST-II. The correct option is (A) P → 4; Q → 2; R → 3; S → 1 (B) P → 4; Q → 3; R → 2; S →3 (C) P → 1; Q → 4; R → 5; S→3 (D) P → 1; Q → 5; R → 4; S → 1"
2018_2_Q37,"For any positive integer n, define fn: (0, ∞) → R as fn(x) = ∑nj=1 tan⁻¹ (1 / (1+(x+j)(x+j-1))) for all x ∈ (0,∞). (Here, the inverse trigonometric function tan⁻¹x assumes values in (-π/2, π/2).) Then, which of the following statement(s) is (are) TRUE? (A) ∑nj=1 tan² (f j (0)) = 55 (B) ∑nj=1(1 + fj' (0)) sec² (f j (0)) = 10 (C) For any fixed positive integer n, lim x→∞ tan (fn(x)) = 1/n (D) For any fixed positive integer n, lim x→∞ sec²(fn(x)) = 1"
2018_2_Q38,"Let T be the line passing through the points P(−2, 7) and Q(2, −5). Let F₁ be the set of all pairs of circles (S1, S2) such that T is tangent to S₁ at P and tangent to S2 at Q, and also such that S₁ and S2 touch each other at a point, say, M. Let E₁ be the set representing the locus of M as the pair (S1, S2) varies in F₁. Let the set of all straight line segments joining a pair of distinct points of E₁ and passing through the point R(1, 1) be F2. Let E2 be the set of the mid-points of the line segments in the set F2. Then, which of the following statement(s) is (are) TRUE? (A) The point (−2, 7) lies in E₁ (B) The point (5/2, 2) does NOT lie in E2 (C) The point (1/2, 1) lies in E2 (D) The point (0, 3/2) does NOT lie in E₁"
2018_2_Q39,"Let S be the set of all column matrices [b1 b2 b3] such that b1, b2, b3 ∈ R and the system of equations (in real variables) -x + 2y + 5z = b1 2x – 4y + 3z = b2 x – 2y + 2z = b3 has at least one solution. Then, which of the following system(s) (in real variables) has (have) at least one solution for each [b1 b2 b3] ∈ S? (A) x + 2y + 3z = b1, 4y + 5z = b2 and x + 2y + 6z = b3 (B) x + y + 3z = b1, 5x + 2y + 6z = b2 and -2x - y - 3z = b3 (C) -x + 2y - 5z = b1, 2x – 4y + 10z = b2 and x – 2y + 5z = b3 (D) x + 2y + 5z = b1, 2x + 3z = b2 and x + 4y – 5z = b3"
2018_2_Q40,"Consider two straight lines, each of which is tangent to both the circle x² + y² = 1/2 and the parabola y² = 4x. Let these lines intersect at the point Q. Consider the ellipse whose center is at the origin O(0,0) and whose semi-major axis is OQ. If the length of the minor axis of this ellipse is √2, then which of the following statement(s) is (are) TRUE? (A) For the ellipse, the eccentricity is 1/√2 and the length of the latus rectum is 1 (B) For the ellipse, the eccentricity is 1/2 and the length of the latus rectum is 1/2 (C) The area of the region bounded by the ellipse between the lines x = 1/√2 and x = 1 is 1/(4√2) (π – 2) (D) The area of the region bounded by the ellipse between the lines x = 1/√2 and x = 1 is 1/16 (π – 2)"
2018_2_Q41,"Let s,t,r be non-zero complex numbers and L be the set of solutions z = x + iy (x, y ∈ R, i = √−1) of the equation sz + t`z + r = 0, where `z = x − iy. Then, which of the following statement(s) is (are) TRUE? (A) If L has exactly one element, then |s| ≠ |t| (B) If |s| = |t|, then L has infinitely many elements (C) The number of elements in L∩{z : |z − 1 + i| = 5} is at most 2 (D) If L has more than one element, then L has infinitely many elements"
2018_2_Q42,"Let f: (0, π) → R be a twice differentiable function such that lim t→x (f(x) sin t - f(t) sin x) / (t - x) = sin²x for all x ∈ (0,π). If f(π/6) = π/12, then which of the following statement(s) is (are) TRUE? (A) f(π/3) = π/(4√2) (B) f(x) < x⁴/2 - x² for all x ∈ (0, π) (C) There exists α ∈ (0,π) such that f'(α) = 0 (D) f''(π/2) + f(π/2) = 0"
2018_2_Q43,The value of the integral ∫0^(1/2) (1 + √3) / (((x + 1)²(1 - x)⁶)^(1/2)) dx is _______.
2018_2_Q44,"Let P be a matrix of order 3 × 3 such that all the entries in P are from the set {-1, 0, 1}. Then, the maximum possible value of the determinant of P is _______."
2018_2_Q45,"Let X be a set with exactly 5 elements and Y be a set with exactly 7 elements. If α is the number of one-one functions from X to Y and β is the number of onto functions from Y to X, then the value of 1/5! (β - α) is _______."
2018_2_Q46,"Let f: R → R be a differentiable function with f(0) = 0. If y = f(x) satisfies the differential equation dy/dx = (2 + 5y)(5y – 2), then the value of lim x→∞ f(x) is _______."
2018_2_Q47,"Let f: R → R be a differentiable function with f(0) = 1 and satisfying the equation f(x + y) = f(x)f'(y) + f'(x)f(y) for all x, y ∈ R. Then, the value of loge (f(4)) is _______."
2018_2_Q48,"Let P be a point in the first octant, whose image Q in the plane x + y = 3 (that is, the line segment PQ is perpendicular to the plane x + y = 3 and the mid-point of PQ lies in the plane x + y = 3) lies on the z-axis. Let the distance of P from the x-axis be 5. If R is the image of P in the xy-plane, then the length of PR is _______."
2018_2_Q49,"Consider the cube in the first octant with sides OP, OQ and OR of length 1, along the x-axis, y-axis and z-axis, respectively, where O(0,0,0) is the origin. Let S(1/2, 1/2, 1/2) be the centre of the cube and T be the vertex of the cube opposite to the origin O such that S lies on the diagonal OT. If p = SP, q = SQ, r = SR and t = ST, then the value of |(p × q) × (r × t)| is _______."
2018_2_Q50,"Let X = (¹⁰C₁)² + 2(¹⁰C₂)² + 3(¹⁰C₃)² + ... + 10(¹⁰C₁₀)², where ¹⁰Cr, r ∈ {1,2,…, 10} denote binomial coefficients. Then, the value of 1/1430 X is _______."
2018_2_Q51,"Let E₁ = {x ∈ R : x ≠ 1 and (x/(x-1)) > 0} and E2 = {x ∈ E₁: sin⁻¹ (loge(x/(x-1))) is a real number} (Here, the inverse trigonometric function sin⁻¹ x assumes values in [-π/2, π/2]). Let f: E1 → R be the function defined by f (x) = loge (x/(x-1)) and g: E2 → R be the function defined by g(x) = sin⁻¹ (loge(x/(x-1))). LIST-I P. The range of f is Q. The range of g contains R. The domain of f contains S. The domain of g is LIST-II 1. (-∞, 1/(1-e)) U [e/(e-1), ∞) 2. (0,1) 3. [-1/2, 1/2] 4. (-∞, 0) ∪ (0,∞) 5. (-∞, e/(e-1)) 6. (-∞, 0) ∪ (e/(e-1), ∞) The correct option is: (A) P → 4; Q → 2; R → 1; S → 1 (B) P → 3; Q → 3; R → 6; S → 5 (C) P → 4; Q → 2; R → 1; S → 6 (D) P → 4; Q → 3; R → 6; S → 5"
2018_2_Q52,"In a high school, a committee has to be formed from a group of 6 boys M1, M2, M3, M4, M5, M6 and 5 girls G1, G2, G3, G4, G5. (i) Let α1 be the total number of ways in which the committee can be formed such that the committee has 5 members, having exactly 3 boys and 2 girls. (ii) Let α2 be the total number of ways in which the committee can be formed such that the committee has at least 2 members, and having an equal number of boys and girls. (iii) Let α3 be the total number of ways in which the committee can be formed such that the committee has 5 members, at least 2 of them being girls. (iv) Let α4 be the total number of ways in which the committee can be formed such that the committee has 4 members, having at least 2 girls and such that both M1 and G1 are NOT in the committee together. LIST-I P. The value of α1 is Q. The value of α2 is R. The value of α3 is S. The value of α4 is LIST-II 1. 136 2. 189 3. 192 4. 200 5. 381 6. 461 The correct option is: (A) P → 4; Q → 6; R → 2; S → 1 (B) P → 1; Q → 4; R → 2; S → 3 (C) P → 4; Q → 6; R → 5; S → 2 (D) P → 4; Q → 2; R → 3; S → 1"
2018_2_Q53,"Let H: x²/a² - y²/b² = 1, where a > b > 0, be a hyperbola in the xy-plane whose conjugate axis LM subtends an angle of 60° at one of its vertices N. Let the area of the triangle LMN be 4√3. LIST-I P. The length of the conjugate axis of H is Q. The eccentricity of H is R. The distance between the foci of H is S. The length of the latus rectum of H is LIST-II 1. 8 2. 4/√3 3. 2/√3 4. 4 The correct option is: (A) P → 4; Q → 2; R → 1; S → 3 (B) P → 4; Q → 3; R → 1; S → 2 (C) P→ 4; Q → 1; R → 3; S → 2 (D) P → 3; Q → 4; R → 2; S → 1"
2018_2_Q54,"Let f₁: R → R, f₂: (-π/2, π/2)→R, f₃: (-1, e²-2) → R and f₄: R → R be functions defined by (i) f₁(x) = sin (√1-e⁻x²), (ii) f₂(x) = { |sin x| / tan⁻¹ x if x ≠ 0 , where the inverse trigonometric function tan⁻¹ x assumes values in (-π/2, π/2) 1 if x = 0 (iii) f₃(x) = [sin(loge(x + 2))], where, for t ∈ R, [t] denotes the greatest integer less than or equal to t, (iv) f₄(x) = { x² sin (1/x) if x ≠ 0 0 if x = 0 LIST-I P. The function f₁ is Q. The function f₂ is R. The function f₃ is S. The function f₄ is LIST-II 1. NOT continuous at x = 0 2. continuous at x = 0 and NOT differentiable at x = 0 3. differentiable at x = 0 and its derivative is NOT continuous at x = 0 4. differentiable at x = 0 and its derivative is continuous at x = 0 The correct option is: (A) P → 2; Q → 3; R → 1; S → 4 (B) P→ 4; Q → 1; R → 2; S → 3 (C) P → 4; Q → 2; R → 1; S → 3 (D) P → 2; Q → 1; R → 4; S → 3"
2019_1_English_Q01,"Consider a spherical gaseous cloud of mass density ρ(r) in free space where r is the radial distance from its center. The gaseous cloud is made of particles of equal mass m moving in circular orbits about the common center with the same kinetic energy K. The force acting on the particles is their mutual gravitational force. If ρ(r) is constant in time, the particle number density n(r) = ρ(r)/m is [G is universal gravitational constant] (A) K / (2πr²m²G) (B) K / (πr²m²G) (C) 3K / (πr²m²G) (D) K / (6πr²m²G)"
2019_1_English_Q02,"A thin spherical insulating shell of radius R carries a uniformly distributed charge such that the potential at its surface is V₀. A hole with a small area α4πR² (α << 1) is made on the shell without affecting the rest of the shell. Which one of the following statements is correct? (A) The potential at the center of the shell is reduced by 2αV₀ (B) The magnitude of electric field at the center of the shell is reduced by αV₀ / (2R) (C) The ratio of the potential at the center of the shell to that of the point at R/2 from center towards the hole will be (1-α) / (1-2α) (D) The magnitude of electric field at a point, located on a line passing through the hole and shell's center, on a distance 2R from the center of the spherical shell will be reduced by αV₀ / (2R)"
2019_1_English_Q03,"A current carrying wire heats a metal rod. The wire provides a constant power (P) to the rod. The metal rod is enclosed in an insulated container. It is observed that the temperature (T) in the metal rod changes with time (t) as T(t) = T₀(1 + βt)¹/², where β is a constant with appropriate dimension while T₀ is a constant with dimension of temperature. The heat capacity of the metal is, (A) 4P(T(t)-T₀)³ / (β⁴T₀) (B) 4P(T(t)-T₀)⁴ / (β⁴T₀⁵) (C) 4P(T(t)-T₀)² / (β⁴T₀³) (D) 4P(T(t)-T₀) / (β⁴T₀)"
2019_1_English_Q04,"In a radioactive sample, ⁴⁰K nuclei either decay into stable ⁴⁰Ca nuclei with decay constant 4.5 × 10⁻¹⁰ per year or into stable ⁴⁰Ar nuclei with decay constant 0.5 × 10⁻¹⁰ per year. Given that in this sample all the stable ⁴⁰Ca and ⁴⁰Ar nuclei are produced by the ⁴⁰K nuclei only. In time t × 10⁹ years, if the ratio of the sum of stable ⁴⁰Ca and ⁴⁰Ar nuclei to the radioactive ⁴⁰K nuclei is 99, the value of t will be, [Given: ln 10 = 2.3] (A) 1.15 (B) 9.2 (C) 2.3 (D) 4.6"
2019_1_English_Q05,"A cylindrical capillary tube of 0.2 mm radius is made by joining two capillaries T1 and T2 of different materials having water contact angles of 0° and 60°, respectively. The capillary tube is dipped vertically in water in two different configurations, case I and II as shown in figure. Which of the following option(s) is(are) correct? [Surface tension of water = 0.075 N/m, density of water = 1000 kg/m³, take g = 10 m/s²] (A) The correction in the height of water column raised in the tube, due to weight of water contained in the meniscus, will be different for both cases. (B) For case II, if the capillary joint is 5 cm above the water surface, the height of water column raised in the tube will be 3.75 cm. (Neglect the weight of the water in the meniscus) (C) For case I, if the joint is kept at 8 cm above the water surface, the height of water column in the tube will be 7.5 cm. (Neglect the weight of the water in the meniscus) (D) For case I, if the capillary joint is 5 cm above the water surface, the height of water column raised in the tube will be more than 8.75 cm. (Neglect the weight of the water in the meniscus)"
2019_1_English_Q06,"A conducting wire of parabolic shape, initially y = x², is moving with velocity V⃗ = V₀î in a non-uniform magnetic field B⃗ = B₀ (1 + (y/L)²) k̂, as shown in figure. If V₀, B₀, L and β are positive constants and ΔΦ is the potential difference developed between the ends of the wire, then the correct statement(s) is/are: (A) |ΔΦ| = ½ B₀V₀L for β = 0 (B) |ΔΦ| = ⅔ B₀V₀L for β = 2 (C) |ΔΦ| remains the same if the parabolic wire is replaced by a straight wire, y = x initially, of length √2 L (D) |ΔΦ| is proportional to the length of the wire projected on the y-axis."
2019_1_English_Q07,"In the circuit shown, initially there is no charge on capacitors and keys S₁ and S₂ are open. The values of the capacitors are C₁ = 10 µF, C₂ = 30 µF and C₃ = C₄ = 80 µF. Which of the statement(s) is/are correct? (A) At time t = 0, the key S₁ is closed, the instantaneous current in the closed circuit will be 25 mA. (B) If key S₁ is kept closed for long time such that capacitors are fully charged, the voltage across the capacitor C₁ will be 4 V. (C) The key S₁ is kept closed for long time such that capacitors are fully charged. Now key S₂ is closed. At this time, the instantaneous current across 30 Ω resistor (between points P and Q) will be 0.2 A (round off to 1st decimal place). (D) If key S₁ is kept closed for long time such that capacitors are fully charged, the voltage difference between points P and Q will be 10 V."
2019_1_English_Q08,"A charged shell of radius R carries a total charge Q. Given Φ as the flux of electric field through a closed cylindrical surface of height h, radius r and with its center same as that of the shell. Here, center of the cylinder is a point on the axis of the cylinder which is equidistant from its top and bottom surfaces. Which of the following option(s) is(are) correct? [ε₀ is the permittivity of free space] (A) If h > 2R and r > R then Φ = Q/ε₀ (B) If h < 8R/5 and r = 3R/5 then Φ = 0 (C) If h > 2R and r = 3R/5 then Φ = Q/5ε₀ (D) If h > 2R and r = 4R/5 then Φ = Q/5ε₀"
2019_1_English_Q09,"One mole of a monatomic ideal gas goes through a thermodynamic cycle, as shown in the volume versus temperature (V-T) diagram. The correct statement(s) is/are: [R is the gas constant] (A) Work done in this thermodynamic cycle (1→2→3→4→1) is |W| = ½RT₀ (B) The above thermodynamic cycle exhibits only isochoric and adiabatic processes. (C) The ratio of heat transfer during processes 1 → 2 and 2 → 3 is |Q₁₋₂| / |Q₂₋₃| = 5/3 (D) The ratio of heat transfer during processes 1 → 2 and 3 → 4 is |Q₁₋₂| / |Q₃₋₄| = ½"
2019_1_English_Q10,"A thin convex lens is made of two materials with refractive indices n₁ and n₂, as shown in figure. The radius of curvature of the left and right spherical surfaces are equal. f is the focal length of the lens when n₁ = n₂ = n. The focal length is f + Δf when n₁ = n and n₂ = n + Δn. Assuming Δn << (n - 1) and 1 < n < 2, the correct statement(s) is/are, (A) |Δf| / f < |Δn| / n (B) For n = 1.5, Δn = 10⁻³ and f = 20 cm, the value of |Δf| will be 0.02 cm (round off to 2nd decimal place). (C) If Δn/n < 0 then Δf/f > 0 (D) The relation between Δf/f and Δn/n remains unchanged if both the convex surfaces are replaced by concave surfaces of the same radius of curvature."
2019_1_English_Q11,"Let us consider a system of units in which mass and angular momentum are dimensionless. If length has dimension of L, which of the following statement(s) is/are correct? (A) The dimension of linear momentum is L⁻¹ (B) The dimension of energy is L⁻² (C) The dimension of force is L⁻³ (D) The dimension of power is L⁻⁵"
2019_1_English_Q12,Two identical moving coil galvanometers have 10 Ω resistance and full scale deflection at 2 µA current. One of them is converted into a voltmeter of 100 mV full scale reading and the other into an Ammeter of 1mA full scale current using appropriate resistors. These are then used to measure the voltage and current in the Ohm's law experiment with R = 1000 Ω resistor by using an ideal cell. Which of the following statement(s) is/are correct? (A) The resistance of the Voltmeter will be 100 kΩ (B) The resistance of the Ammeter will be 0.02 Ω (round off to 2nd decimal place) (C) The measured value of R will be 978 Ω < R < 982 Ω (D) If the ideal cell is replaced by a cell having internal resistance of 5 Ω then the measured value of R will be more than 1000 Ω
2019_1_English_Q13,"A particle is moved along a path AB-BC-CD-DE-EF-FA, as shown in figure, in presence of a force F⃗ = (ayî + 2axŵ) N, where x and y are in meter and a = -1 Nm⁻¹. The work done on the particle by this force F⃗ will be _______ Joule."
2019_1_English_Q14,"A block of weight 100 N is suspended by copper and steel wires of same cross sectional area 0.5 cm² and, length √3 m and 1 m, respectively. Their other ends are fixed on a ceiling as shown in figure. The angles subtended by copper and steel wires with ceiling are 30° and 60°, respectively. If elongation in copper wire is (Δl_c) and elongation in steel wire is (Δl_s), then the ratio Δl_c / Δl_s is _______. [Young's modulus for copper and steel are 1×10¹¹ N/m² and 2×10¹¹ N/m², respectively.]"
2019_1_English_Q15,"A train S1, moving with a uniform velocity of 108 km/h, approaches another train S2 standing on a platform. An observer O moves with a uniform velocity of 36 km/h towards S2, as shown in figure. Both the trains are blowing whistles of same frequency 120 Hz. When O is 600 m away from S2 and distance between S1 and S2 is 800 m, the number of beats heard by O is _______. [Speed of the sound = 330 m/s]"
2019_1_English_Q16,"A parallel plate capacitor of capacitance C has spacing d between two plates having area A. The region between the plates is filled with N dielectric layers, parallel to its plates, each with thickness δ = d/N. The dielectric constant of the mth layer is K_m = K (1 + (m-½)/N)². For a very large N (>> 10³), the capacitance C is α (Kε₀A)/d. The value of α will be _______. [ε₀ is the permittivity of free space]"
2019_1_English_Q17,A liquid at 30°C is poured very slowly into a Calorimeter that is at temperature of 110°C. The boiling temperature of the liquid is 80°C. It is found that the first 5 gm of the liquid completely evaporates. After pouring another 80 gm of the liquid the equilibrium temperature is found to be 50°C. The ratio of the Latent heat of the liquid to its specific heat will be _______ °C. [Neglect the heat exchange with surrounding]
2019_1_English_Q18,"A planar structure of length L and width W is made of two different optical media of refractive indices n₁ = 1.5 and n₂ = 1.44 as shown in figure. If L >> W, a ray entering from end AB will emerge from end CD only if the total internal reflection condition is met inside the structure. For L = 9.6 m, if the incident angle θ is varied, the maximum time taken by a ray to exit the plane CD is t × 10⁻⁹ s, where t is _______. [Speed of light c = 3 × 10⁸ m/s]"
2019_1_English_Q19,The green colour produced in the borax bead test of a chromium(III) salt is due to (A) Cr(BO₂)₃ (B) Cr₂(B₄O₇)₃ (C) Cr₂O₃ (D) CrB
2019_1_English_Q20,"Calamine, malachite, magnetite and cryolite, respectively, are (A) ZnSO₄, CuCO₃, Fe₂O₃, AlF₃ (B) ZnSO₄, Cu(OH)₂, Fe₃O₄, Na₃AlF₆ (C) ZnCO₃, CuCO₃·Cu(OH)₂, Fe₃O₄, Na₃AlF₆ (D) ZnCO₃, CuCO₃, Fe₂O₃, Na₃AlF₆"
2019_1_English_Q21,"Molar conductivity (Λ_m) of aqueous solution of sodium stearate, which behaves as a strong electrolyte, is recorded at varying concentrations (c) of sodium stearate. Which one of the following plots provides the correct representation of micelle formation in the solution? (critical micelle concentration (CMC) is marked with an arrow in the figures) (A) A graph where Λ_m decreases with increasing √c, shows a sharp decrease at CMC, and then continues to decrease with a smaller slope. (B) A graph where Λ_m decreases with increasing √c, shows a sharp decrease at CMC, and then becomes constant. (C) A graph where Λ_m decreases with increasing √c, shows a sharp decrease at CMC, and then increases. (D) A graph where Λ_m decreases with increasing √c, and then becomes constant after CMC."
2019_1_English_Q22,The correct order of acid strength of the following carboxylic acids is (A) III > II > I > IV (B) I > II > III > IV (C) I > III > II > IV (D) II > I > IV > III
2019_1_English_Q23,A tin chloride Q undergoes the following reactions (not balanced) Q+Cl⁻ → X Q+Me₃N → Y Q+CuCl₂ → Z + CuCl X is a monoanion having pyramidal geometry. Both Y and Z are neutral compounds. Choose the correct option(s) (A) The central atom in X is sp³ hybridized (B) There is a coordinate bond in Y (C) The oxidation state of the central atom in Z is +2 (D) The central atom in Z has one lone pair of electrons
2019_1_English_Q24,"Fusion of MnO₂ with KOH in presence of O₂ produces a salt W. Alkaline solution of W upon electrolytic oxidation yields another salt X. The manganese containing ions present in W and X, respectively, are Y and Z. Correct statement(s) is(are) (A) In aqueous acidic solution, Y undergoes disproportionation reaction to give Z and MnO₂ (B) Both Y and Z are coloured and have tetrahedral shape (C) Y is diamagnetic in nature while Z is paramagnetic (D) In both Y and Z, π-bonding occurs between p-orbitals of oxygen and d-orbitals of manganese"
2019_1_English_Q25,"Choose the reaction(s) from the following options, for which the standard enthalpy of reaction is equal to the standard enthalpy of formation. (A) 2H₂(g) + O₂(g) → 2H₂O (l) (B) 2C(g) + 3H₂(g) → C₂H₆(g) (C) ¾O₂(g) → O₃ (g) (D) ⅛S₈(s) + O₂(g) → SO₂(g)"
2019_1_English_Q26,Which of the following statement(s) is (are) correct regarding the root mean square speed (u_rms) and average translational kinetic energy (ε_av) of a molecule in a gas at equilibrium ? (A) u_rms is doubled when its temperature is increased four times (B) ε_av is doubled when its temperature is increased four times (C) ε_av at a given temperature does not depend on its molecular mass (D) u_rms is inversely proportional to the square root of its molecular mass
2019_1_English_Q27,"Each of the following options contains a set of four molecules. Identify the option(s) where all four molecules possess permanent dipole moment at room temperature. (A) BeCl₂, CO₂, BCl₃, CHCl₃ (B) NO₂, NH₃, POCl₃, CH₃Cl (C) BF₃, O₃, SF₆, XeF₆ (D) SO₂, C₆H₅Cl, H₂Se, BrF₅"
2019_1_English_Q28,"In the decay sequence, ²³⁸U →⁻⁸¹ ²³⁴Th →⁻⁸² ²³⁴Pa →⁻⁸³ ²³⁴Z →⁻⁸´ ²³⁰Th X₁,X₂, X₃ and X₄ are particles/radiation emitted by the respective isotopes. The correct option(s) is(are) (A) X₁ will deflect towards negatively charged plate (B) X₂ is β⁻ (C) X₃ is γ-ray (D) Z is an isotope of uranium"
2019_1_English_Q29,Which of the following statement(s) is (are) true? (A) Monosaccharides cannot be hydrolysed to give polyhydroxy aldehydes and ketones (B) Oxidation of glucose with bromine water gives glutamic acid (C) Hydrolysis of sucrose gives dextrorotatory glucose and laevorotatory fructose (D) The two six-membered cyclic hemiacetal forms of D-(+)-glucose are called anomers
2019_1_English_Q30,Choose the correct option(s) for the following set of reactions (A) S: 1-chloro-1-methylcyclohexene; T: 1-bromo-1-methylcyclohexane; U: 1-bromo-2-methylcyclohexane (B) S: 1-chloro-1-methylcyclohexane; T: 1-bromo-1-methylcyclohexene; U: 1-bromo-2-methylcyclohexane (C) S: 1-chloro-1-methylcyclohexane; T: 1-bromo-2-methylcyclohexane; U: 1-bromo-1-methylcyclohexane (D) S: 1-chloro-1-methylcyclohexene; T: 1-bromo-2-methylcyclohexane; U: 1-bromo-1-methylcyclohexane
2019_1_English_Q31,"Among B₂H₆, B₃N₃H₆, N₂O, N₂O₄, H₂S₂O₃ and H₂S₂O₈, the total number of molecules containing covalent bond between two atoms of the same kind is _______."
2019_1_English_Q32,"At 143 K, the reaction of XeF₄ with O₂F₂ produces a xenon compound Y. The total number of lone pair(s) of electrons present on the whole molecule of Y is _______."
2019_1_English_Q33,"For the following reaction, the equilibrium constant K_c at 298 K is 1.6 × 10¹⁷. Fe²⁺ (aq) + S²⁻(aq) ⇌ FeS (s) When equal volumes of 0.06 M Fe²⁺(aq) and 0.2 M S²⁻(aq) solutions are mixed, the equilibrium concentration of Fe²⁺(aq) is found to be Y × 10⁻¹⁷ M. The value of Y is _______."
2019_1_English_Q34,"On dissolving 0.5 g of a non-volatile non-ionic solute to 39 g of benzene, its vapor pressure decreases from 650 mm Hg to 640 mm Hg. The depression of freezing point of benzene (in K) upon addition of the solute is _______. (Given data: Molar mass and the molal freezing point depression constant of benzene are 78 g mol⁻¹ and 5.12 K kg mol⁻¹, respectively)"
2019_1_English_Q35,"Consider the kinetic data given in the following table for the reaction A + B + C → Product. Experiment No. | [A] (mol dm⁻³) | [B] (mol dm⁻³) | [C] (mol dm⁻³) | Rate of reaction (mol dm⁻³s⁻¹)
---|---|---|---|---
1 | 0.2 | 0.1 | 0.1 | 6.0 × 10⁻⁵
2 | 0.2 | 0.2 | 0.1 | 6.0 × 10⁻⁵
3 | 0.2 | 0.1 | 0.2 | 1.2 × 10⁻⁴
4 | 0.3 | 0.1 | 0.1 | 9.0 × 10⁻⁵
The rate of the reaction for [A] = 0.15 mol dm⁻³, [B] = 0.25 mol dm⁻³ and [C] = 0.15 mol dm⁻³ is found to be Y × 10⁻⁵ mol dm⁻³ s⁻¹. The value of Y is _______."
2019_1_English_Q36,"Schemes 1 and 2 describe the conversion of P to Q and R to S, respectively. Scheme 3 describes the synthesis of T from Q and S. The total number of Br atoms in a molecule of T is _______. Scheme 1: P (aniline) -> i) Br₂ (excess), H₂O ii) NaNO₂, HCl, 273 K iii) CuCN/KCN iv) H₃O⁺, Δ v) SOCl₂, pyridine -> Q (major) Scheme 2: R (toluene) -> i) Oleum ii) NaOH, Δ iii) H⁺ iv) Br₂, CS₂, 273 K -> S (major) Scheme 3: S -> i) NaOH ii) Q -> T (major)"
2019_1_English_Q37,"Let S be the set of all complex numbers z satisfying |z-2+i| ≥ √5. If the complex number z₀ is such that |1/(z₀-1)| is the maximum of the set {|1/(z-1)| : z ∈ S}, then the principal argument of (4-z₀-z̅₀) / (z₀-z̅₀+2i) is (A) π/2 (B) π/4 (C) -π/2 (D) 3π/4"
2019_1_English_Q38,"Let M = [[sin⁴θ, -1-sin²θ], [1+cos²θ, cos⁴θ]] = αI + βM⁻¹, where α = α(θ) and β = β(θ) are real numbers, and I is the 2 × 2 identity matrix. If α* is the minimum of the set {α(θ): θ∈ [0,2π)} and β* is the minimum of the set {β(θ): θ∈ [0,2π)}, then the value of α* + β* is (A) 37/16 (B) 31/16 (C) 29/16 (D) 17/16"
2019_1_English_Q39,"A line y = mx + 1 intersects the circle (x - 3)² + (y + 2)² = 25 at the points P and Q. If the midpoint of the line segment PQ has x-coordinate -3/5, then which one of the following options is correct? (A) -3 ≤ m < -1 (B) 2 ≤ m < 4 (C) 4 ≤ m < 6 (D) 6 ≤ m < 8"
2019_1_English_Q40,"The area of the region {(x, y): xy≤8, 1≤y≤x²} is (A) 16 log_e 2 - 14/3 (B) 8 log_e 2 - 14/3 (C) 16 log_e 2 - 6 (D) 8 log_e 2 - 7/3"
2019_1_English_Q41,"Let α and β be the roots of x² - x - 1 = 0, with α > β. For all positive integers n, define a_n = (αⁿ - βⁿ) / (α - β), n ≥ 1, b₁ = 1 and b_n = a_(n-1) + a_(n+1), n ≥ 2. Then which of the following options is/are correct? (A) a₁ + a₂ + a₃ + ... + a_n = a_(n+2) - 1 for all n ≥ 1 (B) ∑_(n=1)^∞ (a_n / 10ⁿ) = 10/89 (C) b_n = αⁿ + βⁿ for all n ≥ 1 (D) ∑_(n=1)^∞ (b_n / 10ⁿ) = 8/89"
2019_1_English_Q42,"Let M = [[0, 1, a], [1, 2, 3], [3, b, 1]] and adj M = [[-1, 1, -1], [8, -6, 2], [-5, 3, -1]] where a and b are real numbers. Which of the following options is/are correct? (A) a + b = 3 (B) (adj M)⁻¹ + adj M⁻¹ = -M (C) det(adj M²) = 81 (D) If M [[α], [β], [γ]] = [[1], [2], [3]], then α - β + γ = 3"
2019_1_English_Q43,"There are three bags B₁, B₂ and B₃. The bag B₁ contains 5 red and 5 green balls, B₂ contains 3 red and 5 green balls, and B₃ contains 5 red and 3 green balls. Bags B₁, B₂ and B₃ have probabilities 3/10, 3/10 and 4/10 respectively of being chosen. A bag is selected at random and a ball is chosen at random from the bag. Then which of the following options is/are correct? (A) Probability that the chosen ball is green, given that the selected bag is B₃, equals 3/8 (B) Probability that the chosen ball is green equals 39/80 (C) Probability that the selected bag is B₃, given that the chosen ball is green, equals 5/13 (D) Probability that the selected bag is B₃ and the chosen ball is green equals 3/10"
2019_1_English_Q44,"In a non-right-angled triangle ΔPQR, let p, q, r denote the lengths of the sides opposite to the angles at P, Q, R respectively. The median from R meets the side PQ at S, the perpendicular from P meets the side QR at E, and RS and PE intersect at O. If p=√3, q=1, and the radius of the circumcircle of the ΔPQR equals 1, then which of the following options is/are correct? (A) Length of RS = √7/2 (B) Area of ΔSOE = √3/12 (C) Length of OE = 1/6 (D) Radius of incircle of ΔPQR = √3/2 (2-√3)"
2019_1_English_Q45,"Define the collections {E₁, E₂, E₃, ...} of ellipses and {R₁, R₂, R₃, ...} of rectangles as follows: E_n: x²/9 + y²/4 = 1; R_n: rectangle of largest area, with sides parallel to the axes, inscribed in E_n; E_n: ellipse x²/a_n² + y²/b_n² = 1 of largest area inscribed in R_n₋₁, n > 1; R_n: rectangle of largest area, with sides parallel to the axes, inscribed in E_n, n > 1. Then which of the following options is/are correct? (A) The eccentricities of E₁₀ and E₁₉ are NOT equal (B) ∑_(n=1)^∞ (area of R_n) < 24, for each positive integer N (C) The length of latus rectum of E₉ is 1/6 (D) The distance of a focus from the centre in E₉ is √5/32"
2019_1_English_Q46,"Let f: ℝ → ℝ be given by f(x) = { x⁵ + 5x⁴ + 10x³ + 10x² + 3x + 1, x < 0; x² - x + 1, 0 ≤ x < 1; (2/3)x³ - 4x² + 7x - 8/3, 1 ≤ x < 3; (x - 2)log_e(x - 2) - x + 10/3, x ≥ 3. Then which of the following options is/are correct? (A) f is increasing on (-∞,0) (B) f' has a local maximum at x = 1 (C) f is onto (D) f' is NOT differentiable at x = 1"
2019_1_English_Q47,"Let Γ denote a curve y = y(x) which is in the first quadrant and let the point (1,0) lie on it. Let the tangent to Γ at a point P intersect the y-axis at Y_P. If PY_P has length 1 for each point P on Γ, then which of the following options is/are correct? (A) y = log_e((1+√(1-x²))/x) - √(1-x²) (B) xy' + √(1-x²) = 0 (C) y = -log_e((1+√(1-x²))/x) + √(1-x²) (D) xy' - √(1-x²) = 0"
2019_1_English_Q48,"Let L₁ and L₂ denote the lines r⃗ = î + λ (−î + 2ŵ + 2k̂), λ∈ ℝ and r⃗ = µ (2î − ŵ + 2k̂), µ∈ ℝ respectively. If L₃ is a line which is perpendicular to both L₁ and L₂ and cuts both of them, then which of the following options describe(s) L₃? (A) r⃗ = ⅕(4î+ŵ+k̂) + t(2î + 2ŵ - k̂), t∈ℝ (B) r⃗ = ⅕(2î-ŵ+2k̂) + t (2î + 2ŵ − k̂), t∈ℝ (C) r⃗ = ⅕(2î+k̂)+t(2î +2ŵ-k̂), t∈ℝ (D) r⃗ = t(2î + 2ŵ - k̂), t ∈ ℝ"
2019_1_English_Q49,"Let ω ≠ 1 be a cube root of unity. Then the minimum of the set {|a + bω + cω²|² : a, b, c distinct non-zero integers} equals _______."
2019_1_English_Q50,Let AP(a; d) denote the set of all the terms of an infinite arithmetic progression with first term a and common difference d > 0. If AP(1; 3) ∩ AP(2; 5) ∩ AP(3; 7) = AP(a; d) then a + d equals _______.
2019_1_English_Q51,"Let S be the sample space of all 3 × 3 matrices with entries from the set {0, 1}. Let the events E₁ and E₂ be given by E₁ = {A∈ S : det A = 0} and E₂ = {A∈ S : sum of entries of A is 7}. If a matrix is chosen at random from S, then the conditional probability P(E₁|E₂) equals _______."
2019_1_English_Q52,"Let the point B be the reflection of the point A(2, 3) with respect to the line 8x - 6y - 23 = 0. Let Γ_A and Γ_B be circles of radii 2 and 1 with centres A and B respectively. Let T be a common tangent to the circles Γ_A and Γ_B such that both the circles are on the same side of T. If C is the point of intersection of T and the line passing through A and B, then the length of the line segment AC is _______."
2019_1_English_Q53,If I = (2/π) ∫_(−π/4)^(π/4) dx / ((1 + e^(sin x))(2 - cos 2x)) then 27 I² equals _______.
2019_1_English_Q54,"Three lines are given by r⃗ = λî, λ∈ ℝ r⃗ = µ (î + ŵ), µ∈ ℝ and r⃗ = ν(î + ŵ + k̂), ν∈ ℝ. Let the lines cut the plane x + y + z = 1 at the points A, B and C respectively. If the area of the triangle ABC is Δ then the value of (6Δ)² equals _______."
2019_2_English_Q01,"A thin and uniform rod of mass M and length L is held vertical on a floor with large friction. The rod is released from rest so that it falls by rotating about its contact-point with the floor without slipping. Which of the following statement(s) is/are correct, when the rod makes an angle 60° with vertical? [g is the acceleration due to gravity] (A) The angular speed of the rod will be `3g/√2L` (B) The angular acceleration of the rod will be `3g/2L` (C) The radial acceleration of the rod's center of mass will be `3g/4` (D) The normal reaction force from the floor on the rod will be `Mg/16`"
2019_2_English_Q02,"A block of mass 2M is attached to a massless spring with spring-constant k. This block is connected to two other blocks of masses M and 2M using two massless pulleys and strings. The accelerations of the blocks are a1, a2 and a3 as shown in the figure. The system is released from rest with the spring in its unstretched state. The maximum extension of the spring is xo. Which of the following option(s) is/are correct? [g is the acceleration due to gravity. Neglect friction] (A) `xo = 4Mg/k` (B) When spring achieves an extension of `xo/2` for the first time, the speed of the block connected to the spring is `3g√(M/5k)` (C) At an extension of `xo/4` of the spring, the magnitude of acceleration of the block connected to the spring is `3g/10` (D) `a2 - a1 = a1 - a3`"
2019_2_English_Q03,"A small particle of mass m moving inside a heavy, hollow and straight tube along the tube axis undergoes elastic collision at two ends. The tube has no friction and it is closed at one end by a flat surface while the other end is fitted with a heavy movable flat piston as shown in figure. When the distance of the piston from closed end is L = Lo the particle speed is v = vo. The piston is moved inward at a very low speed V such that V << `vo dL/L`, where dL is the infinitesimal displacement of the piston. Which of the following statement(s) is/are correct? (A) The rate at which the particle strikes the piston is v/L (B) After each collision with the piston, the particle speed increases by 2V (C) If the piston moves inward by dL, the particle speed increases by `2v dL/L` (D) The particle's kinetic energy increases by a factor of 4 when the piston is moved inward from Lo to `1/2 Lo`"
2019_2_English_Q04,"An electric dipole with dipole moment `po/√2 (î+ĵ)` is held fixed at the origin O in the presence of an uniform electric field of magnitude E0. If the potential is constant on a circle of radius R centered at the origin as shown in figure, then the correct statement(s) is/are: (`εo` is permittivity of free space. R >> dipole size) (A) `R = (po / (4πεo E0))^(1/3)` (B) Total electric field at point A is `EA = √2E0 (î+ĵ)` (C) Total electric field at point B is `EB = 0` (D) The magnitude of total electric field on any two points of the circle will be same."
2019_2_English_Q05,"A mixture of ideal gas containing 5 moles of monatomic gas and 1 mole of rigid diatomic gas is initially at pressure Po, volume Vo, and temperature To. If the gas mixture is adiabatically compressed to a volume Vo/4, then the correct statement(s) is/are, (Given `2^1.2 = 2.3; 2^3.2 = 9.2`; R is gas constant) (A) The work |W| done during the process is 13RTo (B) The average kinetic energy of the gas mixture after compression is in between 18RTo and 19RTo (C) The final pressure of the gas mixture after compression is in between 9Po and 10Po (D) Adiabatic constant of the gas mixture is 1.6"
2019_2_English_Q06,"Three glass cylinders of equal height H = 30 cm and same refractive index n=1.5 are placed on a horizontal surface as shown in figure. Cylinder I has a flat top, cylinder II has a convex top and cylinder III has a concave top. The radii of curvature of the two curved tops are same (R = 3m). If H1, H2, and H3 are the apparent depths of a point X on the bottom of the three cylinders, respectively, the correct statement(s) is/are: (A) `H2 > H1` (B) `H3 > H1` (C) `H2 > H3` (D) `0.8 cm < (H2 - H1) < 0.9 cm`"
2019_2_English_Q07,"In a Young's double slit experiment, the slit separation d is 0.3 mm and the screen distance D is 1 m. A parallel beam of light of wavelength 600 nm is incident on the slits at angle α as shown in figure. On the screen, the point O is equidistant from the slits and distance PO is 11.0 mm. Which of the following statement(s) is/are correct? (A) For `α = 0.36/π` degree, there will be destructive interference at point O. (B) For `α = 0`, there will be constructive interference at point P. (C) For `α = 0.36/π` degree, there will be destructive interference at point P. (D) Fringe spacing depends on α."
2019_2_English_Q08,"A free hydrogen atom after absorbing a photon of wavelength `λα` gets excited from the state n = 1 to the state n = 4. Immediately after that the electron jumps to n = m state by emitting a photon of wavelength `λε`. Let the change in momentum of atom due to the absorption and the emission are `Δpα` and `Δpε`, respectively. If `λα/λε = 1/5`, which of the option(s) is/are correct? [Use `hc = 1242 eV nm`; `1 nm = 10^-9 m`, h and c are Planck's constant and speed of light, respectively] (A) `m = 2` (B) `λε = 418 nm` (C) `Δpα/Δpε = 1/2` (D) The ratio of kinetic energy of the electron in the state n = m to the state n = 1 is `1/4`"
2019_2_English_Q09,"A ball is thrown from ground at an angle θ with horizontal and with an initial speed u0. For the resulting projectile motion, the magnitude of average velocity of the ball up to the point when it hits the ground for the first time is `V1`. After hitting the ground, the ball rebounds at the same angle θ but with a reduced speed of `u0/α`. Its motion continues for a long time as shown in figure. If the magnitude of average velocity of the ball for entire duration of motion is `0.8 V1`, the value of α is ______."
2019_2_English_Q10,"A 10 cm long perfectly conducting wire PQ is moving with a velocity 1 cm/s on a pair of horizontal rails of zero resistance. One side of the rails is connected to an inductor L = 1 mH and a resistance R = 1 Ω as shown in figure. The horizontal rails, L and R lie in the same plane with a uniform magnetic field B = 1 T perpendicular to the plane. If the key S is closed at certain instant, the current in the circuit after 1 millisecond is `x x 10^-3 A`, where the value of x is ______. [Assume the velocity of wire PQ remains constant (1 cm/s) after key S is closed. Given: `e^-1 = 0.37`, where e is base of the natural logarithm ]"
2019_2_English_Q11,A monochromatic light is incident from air on a refracting surface of a prism of angle 75° and refractive index `n0 = √3`. The other refracting surface of the prism is coated by a thin film of material of refractive index n as shown in figure. The light suffers total internal reflection at the coated prism surface for an incidence angle of `θ ≤ 60°`. The value of `n^2` is ______.
2019_2_English_Q12,"A perfectly reflecting mirror of mass M mounted on a spring constitutes a spring-mass system of angular frequency Ω such that `(4πMΩ)/h = 10^24 m^-2` with h as Planck's constant. N photons of wavelength `λ = 8π× 10^-6 m` strike the mirror simultaneously at normal incidence such that the mirror gets displaced by 1 µm. If the value of N is `x × 10^12`, then the value of x is ______. [Consider the spring as massless]"
2019_2_English_Q13,"Suppose a `_88^226 Ra` nucleus at rest and in ground state undergoes `α`-decay to a `_86^222 Rn` nucleus in its excited state. The kinetic energy of the emitted `α` particle is found to be 4.44 MeV. `_86^222 Rn` nucleus then goes to its ground state by `γ`-decay. The energy of the emitted `γ` photon is ______ keV. [Given: atomic mass of `_88^226 Ra = 226.005 u`, atomic mass of `_86^222 Rn = 222.000 u`, atomic mass of `α` particle = `4.000 u`, `1 u = 931 MeV/c^2`, c is speed of the light]"
2019_2_English_Q14,"An optical bench has 1.5 m long scale having four equal divisions in each cm. While measuring the focal length of a convex lens, the lens is kept at 75 cm mark of the scale and the object pin is kept at 45 cm mark. The image of the object pin on the other side of the lens overlaps with image pin that is kept at 135 cm mark. In this experiment, the percentage error in the measurement of the focal length of the lens is ______."
2019_2_English_Q15,"A musical instrument is made using four different metal strings, 1, 2, 3 and 4 with mass per unit length μ, 2μ, 3μ and 4μ respectively. The instrument is played by vibrating the strings by varying the free length in between the range L0 and 2L0. It is found that in string-1 (µ) at free length L0 and tension T0 the fundamental mode frequency is f0.
List-I gives the above four strings while list-II lists the magnitude of some quantity.
List-I
(I) String-1 (μ)
(II) String-2 (2μ)
(III) String-3 (3μ)
(IV) String-4 (4μ)
List-II
(P) 1
(Q) 1/2
(R) `1/√2`
(S) `1/√3`
(T) 3/16
(U) 1/16
If the tension in each string is T0, the correct match for the highest fundamental frequency in f0 units will be, (A) I→P, II→Q, III→T, IV→S (B) I→P, II→R, III→S, IV→Q (C) I→Q, II→S, III→R, IV→P (D) I→Q, II→P, III→R, IV→T"
2019_2_English_Q16,"The length of the strings 1, 2, 3 and 4 are kept fixed at `L0`, `3L0/4`, `5L0/4`, and `7L0/4`, respectively. Strings 1, 2, 3, and 4 are vibrated at their 1st, 3rd, 5th, and 14th harmonics, respectively such that all the strings have same frequency. The correct match for the tension in the four strings in the units of T0 will be, (A) I→P, II→R, III→T, IV→U (B) I→P, II→Q, III→T, IV→U (C) I→P, II→Q, III→R, IV→T (D) I→T, II→Q, III→R, IV→U"
2019_2_English_Q17,"In a thermodynamic process on an ideal monatomic gas, the infinitesimal heat absorbed by the gas is given by `TΔX`, where T is temperature of the system and `ΔX` is the infinitesimal change in a thermodynamic quantity X of the system. For a mole of monatomic ideal gas `X = (3/2)R ln(T/TA) + R ln(V/VA)`. Here, R is gas constant, V is volume of gas, `TA` and `VA` are constants.
The List-I below gives some quantities involved in a process and List-II gives some possible values of these quantities.
List-I
(I) Work done by the system in process 1→2→3
(II) Change in internal energy in process 1→2→3
(III) Heat absorbed by the system in process 1→2→3
(IV) Heat absorbed by the system in process 1→2
List-II
(P) `(5/3)RT0 ln 2`
(Q) `(-3/2)RT0`
(R) `RT0`
(S) `(5/2)RT0`
(T) `(5/3)RT0(3 + ln 2)`
(U) `(5/6)RT0`
If the process carried out on one mole of monatomic ideal gas is as shown in figure in the PV-diagram with `P0V0 = (1/3)RT0`, the correct match is, (A) I→Q, II→R, III→P, IV→U (B) I→Q, II→R, III→S, IV→U (C) I→S, II→R, III→Q, IV→T (D) I→Q, II→S, III→R, IV→U"
2019_2_English_Q18,"In a thermodynamic process on an ideal monatomic gas, the infinitesimal heat absorbed by the gas is given by `TΔX`, where T is temperature of the system and `ΔX` is the infinitesimal change in a thermodynamic quantity X of the system. For a mole of monatomic ideal gas `X = (3/2)R ln(T/TA) + R ln(V/VA)`. Here, R is gas constant, V is volume of gas, `TA` and `VA` are constants.
The List-I below gives some quantities involved in a process and List-II gives some possible values of these quantities.
List-I
(I) Work done by the system in process 1→2→3
(II) Change in internal energy in process 1→2→3
(III) Heat absorbed by the system in process 1→2→3
(IV) Heat absorbed by the system in process 1→2
List-II
(P) `(5/3)RT0 ln 2`
(Q) `(-3/2)RT0`
(R) `RT0`
(S) `(5/2)RT0`
(T) `(5/3)RT0(3 + ln 2)`
(U) `(5/6)RT0`
If the process on one mole of monatomic ideal gas is as shown in the TV-diagram with `P0V0 = (1/3)RT0`, the correct match is, (A) I→P, II→R, III→T, IV→S (B) I→P, II→T, III→Q, IV→T (C) I→P, II→R, III→T, IV→P (D) I→S, II→T, III→Q, IV→U"
2019_2_English_Q19,"The cyanide process of gold extraction involves leaching out gold from its ore with `CN^-` in the presence of Q in water to form R. Subsequently, R is treated with T to obtain Au and Z. Choose the correct option(s) (A) Q is `O2` (B) T is Zn (C) Z is `[Zn(CN)4]^(2-)` (D) R is `[Au(CN)4]^-`"
2019_2_English_Q20,"With reference to aqua regia, choose the correct option(s) (A) Aqua regia is prepared by mixing conc. HCl and conc. HNO3 in 3:1 (v/v) ratio (B) Reaction of gold with aqua regia produces an anion having Au in +3 oxidation state (C) Reaction of gold with aqua regia produces `NO2` in the absence of air (D) The yellow colour of aqua regia is due to the presence of `NOCl` and `Cl2`"
2019_2_English_Q21,"Consider the following reactions (unbalanced)
`Zn + hot conc. H2SO4→ G+R+X`
`Zn + conc. NaOH → T + Q`
`G + H2S + NH4OH → Z (a precipitate) + X + Y`
Choose the correct option(s)
(A) Z is dirty white in colour (B) The oxidation state of Zn in T is +1 (C) R is a V-shaped molecule (D) Bond order of Q is 1 in its ground state"
2019_2_English_Q22,"The ground state energy of hydrogen atom is -13.6 eV. Consider an electronic state `Ψ` of `He^+` whose energy, azimuthal quantum number and magnetic quantum number are -3.4 eV, 2 and 0, respectively. Which of the following statement(s) is (are) true for the state `Ψ`? (A) It is a 4d state (B) It has 2 angular nodes (C) It has 3 radial nodes (D) The nuclear charge experienced by the electron in this state is less than 2e, where e is the magnitude of the electronic charge"
2019_2_English_Q23,"Which of the following reactions produce(s) propane as a major product? (A) `H3C-COONa` `NaOH, CaO, Δ` (B) `H3C-COONa + H2O` `electrolysis` (C) `H3C-Cl` `Zn, dil. HCl` (D) `H3C-CH(Br)-CH2Br` `Zn`"
2019_2_English_Q24,"Choose the correct option(s) that give(s) an aromatic compound as the major product (A) `(1,2-dibromopropane) i) alc. KOH ii) NaNH2 iii) red hot iron tube, 873 K` (B) `(Cyclopentadienyl cation structure) NaOMe` (C) `(Bromobenzene) NaOEt` (D) `(Benzene) + Cl2 (excess) UV, 500 K`"
2019_2_English_Q25,"Choose the correct option(s) for the following reaction sequence
Reactant: `(para-methoxyphenylacetylene)`
Reagents to Q: `(i) Hg2+, dil. H2SO4 (ii) AgNO3, NH4OH (iii) Zn-Hg, conc. HCl`
Reagents to R: `(i) SOCl2, pyridine (ii) AlCl3`
Reagents to S: `Zn-Hg, conc. HCl`
Consider Q, R and S as major products
(A) Q: `(4-(methoxy)phenylpropanoic acid)` S: `(7-methoxy-1,2-dihydronaphthalene)`
(B) R: `(Hydroxy-7-methoxy-tetralinone structure)` S: `(7-methoxy-1,2,3,4-tetrahydronaphthalene)`
(C) Q: `(4-(methoxy)phenylpropanoic acid)` R: `(Hydroxy-7-methoxy-tetralinone structure)`
(D) R: `(Hydroxy-7-methoxy-tetralinone structure)` S: `(7-methoxy-1,2,3,4-tetrahydronaphthalene)`"
2019_2_English_Q26,Choose the correct option(s) from the following (A) Natural rubber is polyisoprene containing trans alkene units (B) Nylon-6 has amide linkages (C) Teflon is prepared by heating tetrafluoroethene in presence of a persulphate catalyst at high pressure (D) Cellulose has only α-D-glucose units that are joined by glycosidic linkages
2019_2_English_Q27,The amount of water produced (in g) in the oxidation of 1 mole of rhombic sulphur by conc. HNO3 to a compound with the highest oxidation state of sulphur is ______. (Given data: Molar mass of water = 18 g mol-¹)
2019_2_English_Q28,"Total number of cis N-Mn-Cl bond angles (that is, Mn-N and Mn-Cl bonds in cis positions) present in a molecule of cis-[Mn(en)2Cl2] complex is ______. (en = `NH2CH2CH2NH2`)"
2019_2_English_Q29,"The decomposition reaction `2N2O5(g) → 2N2O4(g) + O2(g)` is started in a closed cylinder under isothermal isochoric condition at an initial pressure of 1 atm. After `Y × 10^3 s`, the pressure inside the cylinder is found to be 1.45 atm. If the rate constant of the reaction is `5 × 10^-4 s^-1`, assuming ideal gas behavior, the value of Y is ______."
2019_2_English_Q30,"The mole fraction of urea in an aqueous urea solution containing 900 g of water is 0.05. If the density of the solution is `1.2 g cm^-3`, the molarity of urea solution is ______. (Given data: Molar masses of urea and water are `60 g mol^-1` and `18 g mol^-1`, respectively)"
2019_2_English_Q31,"Total number of hydroxyl groups present in a molecule of the major product P is ______. (Reactant: `(Phenyl-C≡C-CH2-CH2-CH=CH2)` Reagents: `i) H2, Pd-BaSO4, quinoline ii) dil. KMnO4 (excess), 273 K` -> P)"
2019_2_English_Q32,"Total number of isomers, considering both structural and stereoisomers, of cyclic ethers with the molecular formula `C4H8O` is ______."
2019_2_English_Q33,"Consider the Bohr's model of a one-electron atom where the electron moves around the nucleus. In the following, List-I contains some quantities for the `n^(th)` orbit of the atom and List-II contains options showing how they depend on n.
List-I:
(I) Radius of the `n^(th)` orbit
(II) Angular momentum of the electron in the `n^(th)` orbit
(III) Kinetic energy of the electron in the `n^(th)` orbit
(IV) Potential energy of the electron in the `n^(th)` orbit
List-II:
(P) `∝ n^2`
(Q) `∝ n^-1`
(R) `∝ n^0`
(S) `∝ n^-3`
(T) `∝ n^-2`
(U) `∝ n^(1/2)`
Which of the following options has the correct combination considering List-I and List-II? (A) (I), (P) (B) (I), (T) (C) (II), (Q) (D) (II), (R)"
2019_2_English_Q34,"Consider the Bohr's model of a one-electron atom where the electron moves around the nucleus. In the following, List-I contains some quantities for the `n^(th)` orbit of the atom and List-II contains options showing how they depend on n.
List-I:
(I) Radius of the `n^(th)` orbit
(II) Angular momentum of the electron in the `n^(th)` orbit
(III) Kinetic energy of the electron in the `n^(th)` orbit
(IV) Potential energy of the electron in the `n^(th)` orbit
List-II:
(P) `∝ n^2`
(Q) `∝ n^-1`
(R) `∝ n^0`
(S) `∝ n^-3`
(T) `∝ n^-2`
(U) `∝ n^(1/2)`
Which of the following options has the correct combination considering List-I and List-II? (A) (III), (P) (B) (III), (S) (C) (IV), (Q) (D) (IV), (U)"
2019_2_English_Q35,"List-I includes starting materials and reagents of selected chemical reactions. List-II gives structures of compounds that may be formed as intermediate products and/or final products from the reactions of List-I.
List-I:
(I) `(Benzonitrile)` Reagents: `i) DIBAL-H ii) dil. HCl iii) NaBH4 iv) conc. H2SO4`
(II) `(Styrene)` Reagents: `i) O3 ii) Zn, H2O iii) NaBH4 iv) conc. H2SO4`
(III) `(Ethyl 2-chlorobenzoate)` Reagents: `i) KCN ii) H3O+, Δ iii) LiAlH4 iv) conc. H2SO4`
(IV) `(Diethyl phthalate)` Reagents: `i) LiAlH4 ii) conc. H2SO4`
List-II:
(P) `(2-carboxybenzaldehyde)`
(Q) `(2-phenylethanol)`
(R) `(2-chlorobenzoic acid)`
(S) `(2-(hydroxymethyl)benzoic acid)`
(T) `(Phthalic acid)`
(U) `(Phthalide)`
Which of the following options has correct combination considering List-I and List-II? (A) (I), (Q), (T), (U) (B) (II), (P), (S), (T) (C) (II), (P), (S), (U) (D) (I), (S), (Q), (R)"
2019_2_English_Q36,"List-I includes starting materials and reagents of selected chemical reactions. List-II gives structures of compounds that may be formed as intermediate products and/or final products from the reactions of List-I.
List-I:
(I) `(Benzonitrile)` Reagents: `i) DIBAL-H ii) dil. HCl iii) NaBH4 iv) conc. H2SO4`
(II) `(Styrene)` Reagents: `i) O3 ii) Zn, H2O iii) NaBH4 iv) conc. H2SO4`
(III) `(Ethyl 2-chlorobenzoate)` Reagents: `i) KCN ii) H3O+, Δ iii) LiAlH4 iv) conc. H2SO4`
(IV) `(Diethyl phthalate)` Reagents: `i) LiAlH4 ii) conc. H2SO4`
List-II:
(P) `(2-carboxybenzaldehyde)`
(Q) `(2-phenylethanol)`
(R) `(2-chlorobenzoic acid)`
(S) `(2-(hydroxymethyl)benzoic acid)`
(T) `(Phthalic acid)`
(U) `(Phthalide)`
Which of the following options has correct combination considering List-I and List-II? (A) (III), (S), (R) (B) (IV), (Q), (U) (C) (III), (T), (U) (D) (IV), (Q), (R)"
2019_2_English_Q37,"Let `P1 = [[1,0,0],[0,1,0],[0,0,1]]`, `P2 = [[1,0,0],[0,0,1],[0,1,0]]`, `P3 = [[0,1,0],[1,0,0],[0,0,1]]`, `P4 = [[0,1,0],[0,0,1],[1,0,0]]`, `P5 = [[0,0,1],[1,0,0],[0,1,0]]`, `P6 = [[0,0,1],[0,1,0],[1,0,0]]` and `X = Σ(k=1 to 6) Pk [[2,1,3],[1,0,2],[3,2,1]] Pk^T` where `Pk^T` denotes the transpose of the matrix Pk. Then which of the following options is/are correct? (A) If `X[[1],[1],[1]] = α[[1],[1],[1]]`, then `α = 30` (B) X is a symmetric matrix (C) The sum of diagonal entries of X is 18 (D) `X-30I` is an invertible matrix"
2019_2_English_Q38,"Let `x ∈ R` and let `P = [[1,1,1],[0,2,2],[0,0,3]]`, `Q = [[2,x,x],[0,4,0],[x,x,6]]` and `R = PQP^-1`. Then which of the following options is/are correct? (A) There exists a real number x such that `PQ = QP` (B) `det R = det [[2,x,x],[0,4,0],[x,x,5]] + 8`, for all `x ∈ R` (C) For `x = 0`, if `R[[a],[b],[b]] = 6[[a],[b],[b]]`, then `a+b = 5` (D) For `x = 1`, there exists a unit vector `αî + βĵ + γk` for which `R[[α],[β],[γ]] = [[0],[0],[0]]`"
2019_2_English_Q39,"For non-negative integers n, let `f(n) = (Σ(k=0 to n) sin((k+1)π/(n+2)) sin((k+2)π/(n+2))) / (Σ(k=0 to n) sin^2((k+1)π/(n+2)))`. Assuming `cos^-1x` takes values in `[0,π]`, which of the following options is/are correct? (A) `f(4) = √3/2` (B) `lim(n→∞) f(n) = 1/2` (C) If `α = tan(cos^-1f(6))`, then `α^2 + 2α - 1 = 0` (D) `sin(7 cos^-1f(5)) = 0`"
2019_2_English_Q40,"Let `f: R → R` be a function. We say that f has PROPERTY 1 if `lim(h→0) (f(h) - f(0))/√h` exists and is finite, and PROPERTY 2 if `lim(h→0) (f(h) - f(0))/h^2` exists and is finite. Then which of the following options is/are correct? (A) `f(x) = |x|` has PROPERTY 1 (B) `f(x) = x^(2/3)` has PROPERTY 1 (C) `f(x) = x|x|` has PROPERTY 2 (D) `f(x) = sin x` has PROPERTY 2"
2019_2_English_Q41,"Let `f(x) = (sin πx)/x^2`, `x > 0`. Let `x1 < x2 < x3 < ... < xn < ...` be all the points of local maximum of f and `y1 < y2 < y3 < ... < yn < ...` be all the points of local minimum of f. Then which of the following options is/are correct? (A) `x1 < y1` (B) `xn+1 - xn > 2` for every n (C) `xn ∈ (2n, 2n + 1/2)` for every n (D) `|xn - yn| > 1` for every n"
2019_2_English_Q42,"For `a ∈ R, |a| > 1`, let `lim(n→∞) (1 + √2 + ... + √n) / (n^(7/3) (1/(an+1)^2 + 1/(an+2)^2 + ... + 1/(an+n)^2)) = 54`. Then the possible value(s) of a is/are (A) -9 (B) -6 (C) 7 (D) 8"
2019_2_English_Q43,"Let `f: R → R` be given by `f(x) = (x - 1)(x - 2)(x - 5)`. Define `F(x) = ∫(0 to x) f(t) dt, x > 0`. Then which of the following options is/are correct? (A) F has a local minimum at `x = 1` (B) F has a local maximum at `x = 2` (C) F has two local maxima and one local minimum in `(0,∞)` (D) `F(x) ≠ 0` for all `x ∈ (0,5)`"
2019_2_English_Q44,"Three lines `L1: r = λî, λ ∈ R`, `L2: r = k + μĵ, μ ∈ R` and `L3: r = î + ĵ + νk, ν ∈ R` are given. For which point(s) Q on L2 can we find a point P on L1 and a point R on L3 so that P, Q and R are collinear? (A) `k - 1/2 ĵ` (B) `k` (C) `k + 1/2 ĵ` (D) `k + ĵ`"
2019_2_English_Q45,"Suppose `det([[Σ(k=0 to n) nCk k, Σ(k=0 to n) nCk k^2],[Σ(k=0 to n) nCk k, Σ(k=0 to n) nCk 3^k]]) = 0` holds for some positive integer n. Then `Σ(k=0 to n) nCk / (k+1)` equals ______."
2019_2_English_Q46,"Five persons A, B, C, D and E are seated in a circular arrangement. If each of them is given a hat of one of the three colours red, blue and green, then the number of ways of distributing the hats such that the persons seated in adjacent seats get different coloured hats is ______."
2019_2_English_Q47,"Let |X| denote the number of elements in a set X. Let `S = {1, 2, 3, 4, 5, 6}` be a sample space, where each element is equally likely to occur. If A and B are independent events associated with S, then the number of ordered pairs (A, B) such that `1 ≤ |B| < |A|`, equals ______."
2019_2_English_Q48,"The value of `Σ(k=0 to 10) sec^-1(sec((7π/12) + (kπ/2)))` in the interval `[-π/4, 3π/4]` equals ______."
2019_2_English_Q49,The value of the integral `∫(0 to π/2) (3√(cosθ)) / (√(cosθ) + √(sinθ))^5 dθ` equals ______.
2019_2_English_Q50,"Let `a = 2î + ĵ - k` and `b = î + 2ĵ + k` be two vectors. Consider a vector `c = αa + βb, α, β ∈ R`. If the projection of `c` on the vector `(a + b)` is `3√2`, then the minimum value of `(c - (a × b)) · c` equals ______."
2019_2_English_Q51,"Let the circles `C1: x² + y² = 9` and `C2: (x-3)² + (y - 4)² = 16`, intersect at the points X and Y. Suppose that another circle `C3: (x-h)² + (y - k)² = r²` satisfies the following conditions:
(i) centre of `C3` is collinear with the centres of `C1` and `C2`,
(ii) `C1` and `C2` both lie inside `C3`, and
(iii) `C3` touches `C1` at M and `C2` at N.
Let the line through X and Y intersect `C3` at Z and W, and let a common tangent of `C1` and `C3` be a tangent to the parabola `x² = 8ay`.
There are some expressions given in the List-I whose values are given in List-II below:
List-I
(I) `2h + k`
(II) Length of ZW, Length of XY
(III) Area of triangle MZN, Area of triangle ZMW
(IV) `α`
List-II
(P) 6
(Q) `√6`
(R) `5/4`
(S) `21/5`
(T) `2√6`
(U) `10/3`
Which of the following is the only CORRECT combination? (A) (I), (S) (B) (I), (U) (C) (II), (Q) (D) (II), (T)"
2019_2_English_Q52,"Let the circles `C1: x² + y² = 9` and `C2: (x-3)² + (y - 4)² = 16`, intersect at the points X and Y. Suppose that another circle `C3: (x-h)² + (y - k)² = r²` satisfies the following conditions:
(i) centre of `C3` is collinear with the centres of `C1` and `C2`,
(ii) `C1` and `C2` both lie inside `C3`, and
(iii) `C3` touches `C1` at M and `C2` at N.
Let the line through X and Y intersect `C3` at Z and W, and let a common tangent of `C1` and `C3` be a tangent to the parabola `x² = 8ay`.
There are some expressions given in the List-I whose values are given in List-II below:
List-I
(I) `2h + k`
(II) Length of ZW, Length of XY
(III) Area of triangle MZN, Area of triangle ZMW
(IV) `α`
List-II
(P) 6
(Q) `√6`
(R) `5/4`
(S) `21/5`
(T) `2√6`
(U) `10/3`
Which of the following is the only INCORRECT combination? (A) (I), (P) (B) (IV), (U) (C) (III), (R) (D) (IV), (S)"
2020_1_English_Q01,"A football of radius R is kept on a hole of radius r (r < R) made on a plank kept horizontally. One end of the plank is now lifted so that it gets tilted making an angle @ from the horizontal as shown in the figure below. The maximum value of e so that the football does not start rolling down the plank satisfies (figure is schematic and not drawn to scale)
(A) sinθ = r/R (B) tanθ = r/R (C) sinθ = r/2R (D) cosθ = r/2R"
2020_1_English_Q02,"A light disc made of aluminium (a nonmagnetic material) is kept horizontally and is free to rotate about its axis as shown in the figure. A strong magnet is held vertically at a point above the disc away from its axis. On revolving the magnet about the axis of the disc, the disc will (figure is schematic and not drawn to scale)
(A) rotate in the direction opposite to the direction of magnet's motion
(B) rotate in the same direction as the direction of magnet's motion
(C) not rotate and its temperature will remain unchanged
(D) not rotate but its temperature will slowly rise"
2020_1_English_Q03,"A small roller of diameter 20 cm has an axle of diameter 10 cm (see figure below on the left). It is on a horizontal floor and a meter scale is positioned horizontally on its axle with one edge of the scale on top of the axle (see figure on the right). The scale is now pushed slowly on the axle so that it moves without slipping on the axle, and the roller starts rolling without slipping. After the roller has moved 50 cm, the position of the scale will look like (figures are schematic and not drawn to scale)
(A) x = 0 x = 50 cm
(B) x = 0 x = 75 cm
(C) x = 0 x = 25 cm
(D) x = 0 x = 100 cm"
2020_1_English_Q04,"A circular coil of radius R and N turns has negligible resistance. As shown in the schematic figure, its two ends are connected to two wires and it is hanging by those wires with its plane being vertical. The wires are connected to a capacitor with charge Q through a switch. The coil is in a horizontal uniform magnetic field B. parallel to the plane of the coil. When the switch is closed, the capacitor gets discharged through the coil in a very short time. By the time the capacitor is discharged fully, magnitude of the angular momentum gained by the coil will be (assume that the discharge time is so short that the coil has hardly rotated during this time)
(A) (1/2)NQBR² (B) πNQBR² (C) 2πNQBR² (D) 4πNQBR²"
2020_1_English_Q05,"A parallel beam of light strikes a piece of transparent glass having cross section as shown in the figure below. Correct shape of the emergent wavefront will be (figures are schematic and not drawn to scale)
(A) (B) (C) (D)"
2020_1_English_Q06,"An open-ended U-tube of uniform cross-sectional area contains water (density 10³kg m⁻³). Initially the water level stands at 0.29 m from the bottom in each arm. Kerosene oil (a water-immiscible liquid) of density 800 kg m⁻³ is added to the left arm until its length is 0.1 m, as shown in the schematic figure below. The ratio (h₁/h₂) of the heights of the liquid in the two arms is
(A) 15/14 (B) 35/33 (C) 7/6 (D) 5/4"
2020_1_English_Q07,"A particle of mass m moves in circular orbits with potential energy V(r) = Fr, where F is a positive constant and r is its distance from the origin. Its energies are calculated using the Bohr model. If the radius of the particle's orbit is denoted by R and its speed and energy are denoted by v and E, respectively, then for the nth orbit (here h is the Planck's constant)
(A) R ∝ n¹/³ and v ∝ n²/³
(B) R ∝ n²/³ and v ∝ n¹/³
(C) E = (3/2) (n²h²F² / 4π²m)^(1/3)
(D) E = 2 (n²h²F² / 4π²m)^(1/3)"
2020_1_English_Q08,"The filament of a light bulb has surface area 64 mm². The filament can be considered as a black body at temperature 2500 K emitting radiation like a point source when viewed from far. At night the light bulb is observed from a distance of 100 m. Assume the pupil of the eyes of the observer to be circular with radius 3 mm. Then
(Take Stefan-Boltzmann constant = 5.67 × 10⁻⁸ Wm⁻²K⁻⁴, Wien's displacement constant = 2.90 × 10⁻³ m-K, Planck's constant = 6.63 × 10⁻³⁴ Js, speed of light in vacuum = 3.00 × 10⁸ ms⁻¹)
(A) power radiated by the filament is in the range 642 W to 645 W
(B) radiated power entering into one eye of the observer is in the range 3.15 × 10⁻⁸ W to 3.25 × 10⁻⁸ W
(C) the wavelength corresponding to the maximum intensity of light is 1160 nm
(D) taking the average wavelength of emitted radiation to be 1740 nm, the total number of photons entering per second into one eye of the observer is in the range 2.75 × 10¹¹ to 2.85 × 10¹¹"
2020_1_English_Q09,"Sometimes it is convenient to construct a system of units so that all quantities can be expressed in terms of only one physical quantity. In one such system, dimensions of different quantities are given in terms of a quantity X as follows: [position] = [Xᵅ]; [speed] = [Xᵝ]; [acceleration] =[Xᵖ]; [linear momentum] = [Xᵠ]; [force] = [Xʳ]. Then
(A) α + p = 2β
(B) p + q - r = β
(C) p - q + r = α
(D) p + q + r = β"
2020_1_English_Q10,"A uniform electric field, E = −400√3ŷ NC⁻¹ is applied in a region. A charged particle of mass m carrying positive charge q is projected in this region with an initial speed of 2√10 × 10⁶ ms⁻¹. This particle is aimed to hit a target T, which is 5 m away from its entry point into the field as shown schematically in the figure. Take q/m = 10¹⁰ Ckg⁻¹. Then
(A) the particle will hit T if projected at an angle 45° from the horizontal
(B) the particle will hit T if projected either at an angle 30° or 60° from the horizontal
(C) time taken by the particle to hit T could be 5√3/6 μs as well as 5/√2 μs
(D) time taken by the particle to hit T is 5/√2 μs"
2020_1_English_Q11,"Shown in the figure is a semicircular metallic strip that has thickness t and resistivity ρ. Its inner radius is R₁ and outer radius is R₂. If a voltage Vo is applied between its two ends, a current I flows in it. In addition, it is observed that a transverse voltage ΔV develops between its inner and outer surfaces due to purely kinetic effects of moving electrons (ignore any role of the magnetic field due to the current). Then (figure is schematic and not drawn to scale)
(A) I = (V₀t / πρ) ln(R₂/R₁)
(B) the outer surface is at a higher voltage than the inner surface
(C) the outer surface is at a lower voltage than the inner surface
(D) ΔV ∝ I²"
2020_1_English_Q12,"As shown schematically in the figure, two vessels contain water solutions (at temperature T) of potassium permanganate (KMnO₄) of different concentrations n₁ and n₂ (n₁ > n₂) molecules per unit volume with Δn = (n₁ – n₂) << n₁. When they are connected by a tube of small length l and cross-sectional area S, KMnO₄ starts to diffuse from the left to the right vessel through the tube. Consider the collection of molecules to behave as dilute ideal gases and the difference in their partial pressure in the two vessels causing the diffusion. The speed v of the molecules is limited by the viscous force -βv on each molecule, where β is a constant. Neglecting all terms of the order (Δn)², which of the following is/are correct? (kB is the Boltzmann constant)
(A) the force causing the molecules to move across the tube is ΔnkᵦTS
(B) force balance implies n₁βvl = ΔnkᵦT
(C) total number of molecules going across the tube per sec is (Δn kᵦT / βl) S
(D) rate of molecules getting transferred through the tube does not change with time"
2020_1_English_Q13,"Put a uniform meter scale horizontally on your extended index fingers with the left one at 0.00 cm and the right one at 90.00 cm. When you attempt to move both the fingers slowly towards the center, initially only the left finger slips with respect to the scale and the right finger does not. After some distance, the left finger stops and the right one starts slipping. Then the right finger stops at a distance XR from the center (50.00 cm) of the scale and the left one starts slipping again. This happens because of the difference in the frictional forces on the two fingers. If the coefficients of static and dynamic friction between the fingers and the scale are 0.40 and 0.32, respectively, the value of XR (in cm) is ______."
2020_1_English_Q14,"When water is filled carefully in a glass, one can fill it to a height h above the rim of the glass due to the surface tension of water. To calculate h just before water starts flowing, model the shape of the water above the rim as a disc of thickness h having semicircular edges, as shown schematically in the figure. When the pressure of water at the bottom of this disc exceeds what can be withstood due to the surface tension, the water surface breaks near the rim and water starts flowing from there. If the density of water, its surface tension and the acceleration due to gravity are 10³kg m⁻³, 0.07 Nm⁻¹ and 10 ms⁻², respectively, the value of h (in mm) is _______."
2020_1_English_Q15,"One end of a spring of negligible unstretched length and spring constant k is fixed at the origin (0,0). A point particle of mass m carrying a positive charge q is attached at its other end. The entire system is kept on a smooth horizontal surface. When a point dipole p pointing towards the charge q is fixed at the origin, the spring gets stretched to a length l and attains a new equilibrium position (see figure below). If the point mass is now displaced slightly by Δl «l from its equilibrium position and released, it is found to oscillate at frequency (1/2π)√(k/m). The value of δ is ______."
2020_1_English_Q16,"Consider one mole of helium gas enclosed in a container at initial pressure P₁ and volume V₁. It expands isothermally to volume 4V₁. After this, the gas expands adiabatically and its volume becomes 32V1. The work done by the gas during isothermal and adiabatic expansion processes are Wiso and Wadia, respectively. If the ratio Wiso/Wadia = f ln2, then f is _______."
2020_1_English_Q17,"A stationary tuning fork is in resonance with an air column in a pipe. If the tuning fork is moved with a speed of 2 ms⁻¹ in front of the open end of the pipe and parallel to it, the length of the pipe should be changed for the resonance to occur with the moving tuning fork. If the speed of sound in air is 320 ms⁻¹, the smallest value of the percentage change required in the length of the pipe is _______."
2020_1_English_Q18,"A circular disc of radius R carries surface charge density σ(r) = σ₀ (1 - r/R), where σ₀ is a constant and r is the distance from the center of the disc. Electric flux through a large spherical surface that encloses the charged disc completely is Φ₀. Electric flux through another spherical surface of radius R/4 and concentric with the disc is Φ. Then the ratio Φ/Φ₀ is _______."
2020_1_English_Q19,"If the distribution of molecular speeds of a gas is as per the figure shown below, then the ratio of the most probable, the average, and the root mean square speeds, respectively, is
(A) 1:1:1
(B) 1: 1: 1.224
(C) 1:1.128: 1.224
(D) 1: 1.128:1"
2020_1_English_Q20,"Which of the following liberates O₂ upon hydrolysis?
(A) Pb₃O₄ (B) KO₂ (C) Na₂O₂ (D) Li₂O₂"
2020_1_English_Q21,"A colorless aqueous solution contains nitrates of two metals, X and Y. When it was added to an aqueous solution of NaCl, a white precipitate was formed. This precipitate was found to be partly soluble in hot water to give a residue P and a solution Q. The residue P was soluble in aq. NH₃ and also in excess sodium thiosulfate. The hot solution Q gave a yellow precipitate with KI. The metals X and Y, respectively, are
(A) Ag and Pb
(B) Ag and Cd
(C) Cd and Pb
(D) Cd and Zn"
2020_1_English_Q22,"Newman projections P, Q, R and S are shown below:
Which one of the following options represents identical molecules?
(A) P and Q
(B) Q and S
(C) Q and R
(D) R and S"
2020_1_English_Q23,"Which one of the following structures has the IUPAC name 3-ethynyl-2-hydroxy-4-methylhex-3-en-5-ynoic acid?
(A)
(B)
(C)
(D)"
2020_1_English_Q24,"The Fischer projection of D-erythrose is shown below.
D-Erythrose and its isomers are listed as P, Q, R, and S in Column-I. Choose the correct relationship of P, Q, R, and S with D-erythrose from Column II.
(A) P→2, Q→3, R→2, S→2
(C) P→2, Q→1, R→1, S→3
(B) P→3, Q→1, R→1, S→2
(D) P→2, Q→3, R→3, S→1"
2020_1_English_Q25,"In thermodynamics, the P – V work done is given by w = -∫ dV Pext.
For a system undergoing a particular process, the work done is, w = -∫ dV (RT/(V-b) - a/V²)
This equation is applicable to a
(A) system that satisfies the van der Waals equation of state.
(B) process that is reversible and isothermal.
(C) process that is reversible and adiabatic.
(D) process that is irreversible and at constant pressure."
2020_1_English_Q26,"With respect to the compounds I-V, choose the correct statement(s).
(A) The acidity of compound I is due to delocalization in the conjugate base.
(B) The conjugate base of compound IV is aromatic.
(C) Compound II becomes more acidic, when it has a -NO₂ substituent.
(D) The acidity of compounds follows the order I > IV > V > II > III."
2020_1_English_Q27,"In the reaction scheme shown below, Q, R, and S are the major products.
The correct structure of
(A) S is
(B) Q is
(C) R is
(D) S is"
2020_1_English_Q28,"Choose the correct statement(s) among the following:
(A) [FeCl₄]⁻ has tetrahedral geometry.
(B) [Co(en)(NH₃)₂Cl₂]⁺ has 2 geometrical isomers.
(C) [FeCl₄]⁻ has higher spin-only magnetic moment than [Co(en)(NH₃)₂Cl₂]⁺.
(D) The cobalt ion in [Co(en)(NH₃)₂Cl₂]⁺ has sp³d² hybridization."
2020_1_English_Q29,"With respect to hypochlorite, chlorate and perchlorate ions, choose the correct statement(s).
(A) The hypochlorite ion is the strongest conjugate base.
(B) The molecular shape of only chlorate ion is influenced by the lone pair of electrons of Cl.
(C) The hypochlorite and chlorate ions disproportionate to give rise to identical set of ions.
(D) The hypochlorite ion oxidizes the sulfite ion."
2020_1_English_Q30,"The cubic unit cell structure of a compound containing cation M and anion X is shown below. When compared to the anion, the cation has smaller ionic radius. Choose the correct statement(s).
(A) The empirical formula of the compound is MX.
(B) The cation M and anion X have different coordination geometries.
(C) The ratio of M-X bond length to the cubic unit cell edge length is 0.866.
(D) The ratio of the ionic radii of cation M to anion X is 0.414."
2020_1_English_Q31,"5.00 mL of 0.10 M oxalic acid solution taken in a conical flask is titrated against NaOH from a burette using phenolphthalein indicator. The volume of NaOH required for the appearance of permanent faint pink color is tabulated below for five experiments. What is the concentration, in molarity, of the NaOH solution?
Exp. No. | Vol. of NaOH (mL)
1 | 12.5
2 | 10.5
3 | 9.0
4 | 9.0
5 | 9.0"
2020_1_English_Q32,"Consider the reaction A ⇌ B at 1000 K. At time t', the temperature of the system was increased to 2000 K and the system was allowed to reach equilibrium. Throughout this experiment the partial pressure of A was maintained at 1 bar. Given below is the plot of the partial pressure of B with time. What is the ratio of the standard Gibbs energy of the reaction at 1000 K to that at 2000 K?"
2020_1_English_Q33,"Consider a 70% efficient hydrogen-oxygen fuel cell working under standard conditions at 1 bar and 298 K. Its cell reaction is
H₂(g) + (1/2)O₂(g) → H₂O (l).
The work derived from the cell on the consumption of 1.0 × 10⁻³ mol of H₂(g) is used to compress 1.00 mol of a monoatomic ideal gas in a thermally insulated container. What is the change in the temperature (in K) of the ideal gas?
The standard reduction potentials for the two half-cells are given below.
O₂(g) + 4H⁺(aq) + 4e⁻ → 2 H₂O (l), E° = 1.23 V,
2H⁺(aq) + 2e⁻ → H₂ (g), E° = 0.00 V .
Use F = 96500 C mol⁻¹, R = 8.314 J mol⁻¹ K⁻¹."
2020_1_English_Q34,"Aluminium reacts with sulfuric acid to form aluminium sulfate and hydrogen. What is the volume of hydrogen gas in liters (L) produced at 300 K and 1.0 atm pressure, when 5.4 g of aluminium and 50.0 mL of 5.0 M sulfuric acid are combined for the reaction?
(Use molar mass of aluminium as 27.0 g mol⁻¹, R = 0.082 atm L mol⁻¹ K⁻¹)"
2020_1_English_Q35,"²³²U is known to undergo radioactive decay to form ²⁰⁸Pb by emitting alpha and beta particles. A rock initially contained 68 × 10⁻⁶ g of ²³²U. If the number of alpha particles that it would emit during its radioactive decay of ²³²U to ²⁰⁸Pb in three half-lives is Z × 10¹⁸, then what is the value of Z?"
2020_1_English_Q36,"In the following reaction, compound Q is obtained from compound P via an ionic intermediate.
What is the degree of unsaturation of Q?"
2020_1_English_Q37,"Suppose a,b denote the distinct real roots of the quadratic polynomial x² + 20x - 2020 and suppose c, d denote the distinct complex roots of the quadratic polynomial x² − 20x + 2020.
Then the value of ac(a - c) + ad(a – d) + bc(b - c) + bd(b − d) is
(A) 0 (B) 8000 (C) 8080 (D) 16000"
2020_1_English_Q38,"If the function f: R → R is defined by f(x) = |x|(x − sin x), then which of the following statements is TRUE?
(A) f is one-one, but NOT onto
(B) f is onto, but NOT one-one
(C) f is BOTH one-one and onto
(D) f is NEITHER one-one NOR onto"
2020_1_English_Q39,"Let the functions f: R → R and g: R → R be defined by
f(x) = eˣ⁻¹ - e⁻|ˣ⁻¹| and g(x) = (1/2)(eˣ⁻¹ + e¹⁻ˣ).
Then the area of the region in the first quadrant bounded by the curves y = f(x), y = g(x) and x = 0 is
(A) (2-√3) + (1/2)(e-e⁻¹)
(B) (2 + √3) + (1/2)(e-e⁻¹)
(C) (2-√3) + (1/2)(e + e⁻¹)
(D) (2 + √3) + (1/2)(e + e⁻¹)"
2020_1_English_Q40,"Let a, b and λ be positive real numbers. Suppose P is an end point of the latus rectum of the parabola y² = 4λx, and suppose the ellipse x²/a² + y²/b² = 1 passes through the point P. If the tangents to the parabola and the ellipse at the point P are perpendicular to each other, then the eccentricity of the ellipse is
(A) 1/√2 (B) 1/2 (C) 1/3 (D) 2/√5"
2020_1_English_Q41,"Let C₁ and C₂ be two biased coins such that the probabilities of getting head in a single toss are 2/3 and 1/3, respectively. Suppose α is the number of heads that appear when C₁ is tossed twice, independently, and suppose β is the number of heads that appear when C₂ is tossed twice, independently. Then the probability that the roots of the quadratic polynomial x² − αx + β are real and equal, is
(A) 40/81 (B) 20/81 (C) 1/2 (D) 1/4"
2020_1_English_Q42,"Consider all rectangles lying in the region
{(x, y) ∈ R × R : 0 ≤ x ≤ π/2 and 0 ≤ y ≤ 2 sin(2x)}
and having one side on the x-axis. The area of the rectangle which has the maximum perimeter among all such rectangles, is
(A) 3π/2 (B) π (C) π/√3 (D) π√3/2"
2020_1_English_Q43,"Let the function f: R → R be defined by f(x) = x³ − x² + (x − 1) sin x and let g: R → R be an arbitrary function. Let fg: R → R be the product function defined by (fg)(x) = f(x)g(x). Then which of the following statements is/are TRUE?
(A) If g is continuous at x = 1, then fg is differentiable at x = 1
(B) If fg is differentiable at x = 1, then g is continuous at x = 1
(C) If g is differentiable at x = 1, then fg is differentiable at x = 1
(D) If fg is differentiable at x = 1, then g is differentiable at x = 1"
2020_1_English_Q44,"Let M be a 3 × 3 invertible matrix with real entries and let I denote the 3 × 3 identity matrix. If M⁻¹ = adj (adj M), then which of the following statements is/are ALWAYS TRUE?
(A) M = I (B) det M = 1 (C) M² = I (D) (adj M)² = I"
2020_1_English_Q45,"Let S be the set of all complex numbers z satisfying |z² + z + 1| = 1. Then which of the following statements is/are TRUE?
(A) |z + (1/2)| ≤ 1/2 for all z ∈S
(B) |z| ≤ 2 for all z ∈ S
(C) |z + (1/2)| ≥ 1/2 for all z ∈ S
(D) The set S has exactly four elements"
2020_1_English_Q46,"Let x, y and z be positive real numbers. Suppose x, y and z are the lengths of the sides of a triangle opposite to its angles X, Y and Z, respectively. If
tan(X/2) + tan(Z/2) = 2y/(x+z)
then which of the following statements is/are TRUE?
(A) 2Y = X + Z
(B) Y = X + Z
(C) tan(X/2) = x/(y+z)
(D) x² + z² – y² = xz"
2020_1_English_Q47,"Let L₁ and L₂ be the following straight lines.
L₁: (x-1)/3 = (y-1)/-1 = (z-1)/1 and L₂: (x-1)/-3 = (y-1)/-1 = (z-1)/1
Suppose the straight line
L: (x-α)/l = (y-1)/m = (z-γ)/-2
lies in the plane containing L₁ and L₂, and passes through the point of intersection of L₁ and L₂. If the line L bisects the acute angle between the lines L₁ and L₂, then which of the following statements is/are TRUE?
(A) α - γ = 3 (B) l + m = 2 (C) α - γ = 1 (D) l + m = 0"
2020_1_English_Q48,"Which of the following inequalities is/are TRUE?
(A) ∫₀¹ x cos x dx ≥ 3/8
(B) ∫₀¹ x sin x dx ≥ 3/10
(C) ∫₀¹ x² cos x dx ≥ 1/2
(D) ∫₀¹ x² sin x dx ≥ 2/9"
2020_1_English_Q49,"Let m be the minimum possible value of log₃(3ʸ¹ + 3ʸ² + 3ʸ³), where y₁, y₂, y₃ are real numbers for which y₁ + y₂ + y₃ = 9. Let M be the maximum possible value of (log₃x₁ + log₃x₂ + log₃x₃), where x₁, x₂, x₃ are positive real numbers for which x₁ + x₂ + x₃ = 9. Then the value of log₂(m³) + log₃(M²) is _______."
2020_1_English_Q50,"Let a₁, a₂, a₃, ... be a sequence of positive integers in arithmetic progression with common difference 2. Also, let b₁, b₂, b₃, ... be a sequence of positive integers in geometric progression with common ratio 2. If a₁ = b₁ = c, then the number of all possible values of c, for which the equality
2(a₁ + a₂ + … + aₙ) = b₁ + b₂ + … + bₙ
holds for some positive integer n, is _______."
2020_1_English_Q51,"Let f: [0, 2] → R be the function defined by
f(x) = (3 - sin(2πx)) sin (πx - π/4) - sin(3πx + π/4).
If α, β∈ [0,2] are such that {x ∈ [0,2] : f(x) ≥ 0} = [α, β], then the value of β - α is _______."
2020_1_English_Q52,"In a triangle PQR, let ả = QR, b = RP and c = PQ. If
|ả| = 3, |b| = 4 and ả ⋅ (c - b) / c ⋅ (ả - b) = |ả|²/|b|² ,
then the value of |ả × b|² is _______."
2020_1_English_Q53,"For a polynomial g(x) with real coefficients, let mᵍ denote the number of distinct real roots of g(x). Suppose S is the set of polynomials with real coefficients defined by
S = {(x² − 1)²(a₀ + a₁x + a₂x² + a₃x³) : a₀, a₁, a₂, a₃ ∈ R}.
For a polynomial f, let f'and f'' denote its first and second order derivatives, respectively. Then the minimum possible value of (m_{f'} + m_{f''}), where f ∈ S, is _______."
2020_1_English_Q54,"Let e denote the base of the natural logarithm. The value of the real number a for which the right hand limit
lim_{x→0+} (1-x)^(1/x²) - e⁻¹ / xᵃ
is equal to a nonzero real number, is _______."
2020_2_English_Q01,"A large square container with thin transparent vertical walls and filled with water (refractive index $\frac{4}{3}$) is kept on a horizontal table. A student holds a thin straight wire vertically inside the water 12 cm from one of its corners, as shown schematically in the figure. Looking at the wire from this corner, another student sees two images of the wire, located symmetrically on each side of the line of sight as shown. The separation (in cm) between these images is __________"
2020_2_English_Q02,"A train with cross-sectional area $S_t$ is moving with speed $v_t$ inside a long tunnel of cross-sectional area $S_0 (S_0 = 4S_t)$. Assume that almost all the air (density $\rho$) in front of the train flows back between its sides and the walls of the tunnel. Also, the air flow with respect to the train is steady and laminar. Take the ambient pressure and that inside the train to be $p_0$. If the pressure in the region between the sides of the train and the tunnel walls is $p$, then $p_0 - p = \frac{1}{2N} \rho v_t^2$. The value of $N$ is __________"
2020_2_English_Q03,"Two large circular discs separated by a distance of 0.01 m are connected to a battery via a switch as shown in the figure. Charged oil drops of density 900 kg m$^{-3}$ are released through a tiny hole at the center of the top disc. Once some oil drops achieve terminal velocity, the switch is closed to apply a voltage of 200 V across the discs. As a result, an oil drop of radius 8 × 10$^{-7}$ m stops moving vertically and floats between the discs. The number of electrons present in this oil drop is __________ (neglect the buoyancy force, take acceleration due to gravity = 10 ms$^{-2}$ and charge on an electron ($e$) = 1.6×10$^{-19}$ C)"
2020_2_English_Q04,"A hot air balloon is carrying some passengers, and a few sandbags of mass 1 kg each so that its total mass is 480 kg. Its effective volume giving the balloon its buoyancy is $V$. The balloon is floating at an equilibrium height of 100 m. When $N$ number of sandbags are thrown out, the balloon rises to a new equilibrium height close to 150 m with its volume $V$ remaining unchanged. If the variation of the density of air with height $h$ from the ground is $\rho(h) = \rho_0 e^{-\frac{h}{h_0}}$, where $\rho_0 = 1.25$ kg m$^{-3}$ and $h_0 = 6000$ m, the value of $N$ is __________"
2020_2_English_Q05,"A point charge $q$ of mass $m$ is suspended vertically by a string of length $l$. A point dipole of dipole moment $\vec{p}$ is now brought towards $q$ from infinity so that the charge moves away. The final equilibrium position of the system including the direction of the dipole, the angles and distances is shown in the figure below. If the work done in bringing the dipole to this position is $N \times (mgh)$, where $g$ is the acceleration due to gravity, then the value of $N$ is __________ (Note that for three coplanar forces keeping a point mass in equilibrium, $\frac{F}{\sin \theta}$ is the same for all forces, where $F$ is any one of the forces and $\theta$ is the angle between the other two forces)"
2020_2_English_Q06,"A thermally isolated cylindrical closed vessel of height 8 m is kept vertically. It is divided into two equal parts by a diathermic (perfect thermal conductor) frictionless partition of mass 8.3 kg. Thus the partition is held initially at a distance of 4 m from the top, as shown in the schematic figure below. Each of the two parts of the vessel contains 0.1 mole of an ideal gas at temperature 300 K. The partition is now released and moves without any gas leaking from one part of the vessel to the other. When equilibrium is reached, the distance of the partition from the top (in m) will be __________ (take the acceleration due to gravity = 10 ms$^{-2}$ and the universal gas constant = 8.3 J mol$^{-1}$K$^{-1}$)"
2020_2_English_Q07,"A beaker of radius $r$ is filled with water (refractive index $\frac{4}{3}$) up to a height $H$ as shown in the figure on the left. The beaker is kept on a horizontal table rotating with angular speed $\omega$. This makes the water surface curved so that the difference in the height of water level at the center and at the circumference of the beaker is $h (h \ll H, h \ll r)$, as shown in the figure on the right. Take this surface to be approximately spherical with a radius of curvature $R$. Which of the following is/are correct? ($g$ is the acceleration due to gravity)
(A) $R = \frac{h^2+r^2}{2h}$
(B) $R = \frac{3r^2}{2h}$
(C) Apparent depth of the bottom of the beaker is close to $\frac{3H}{2} \left(1 + \frac{\omega^2 H}{2g}\right)^{-1}$
(D) Apparent depth of the bottom of the beaker is close to $\frac{3H}{4} \left(1 + \frac{\omega^2 H}{4g}\right)^{-1}$"
2020_2_English_Q08,"A student skates up a ramp that makes an angle 30° with the horizontal. He/she starts (as shown in the figure) at the bottom of the ramp with speed $v_0$ and wants to turn around over a semicircular path $xyz$ of radius $R$ during which he/she reaches a maximum height $h$ (at point $y$) from the ground as shown in the figure. Assume that the energy loss is negligible and the force required for this turn at the highest point is provided by his/her weight only. Then ($g$ is the acceleration due to gravity)
(A) $v_0^2 - 2gh = \frac{1}{2}gR$
(B) $v_0^2 - 2gh = \frac{\sqrt{3}}{2}gR$
(C) the centripetal force required at points $x$ and $z$ is zero
(D) the centripetal force required is maximum at points $x$ and $z$"
2020_2_English_Q09,"A rod of mass $m$ and length $L$, pivoted at one of its ends, is hanging vertically. A bullet of the same mass moving at speed $v$ strikes the rod horizontally at a distance $x$ from its pivoted end and gets embedded in it. The combined system now rotates with angular speed $\omega$ about the pivot. The maximum angular speed $\omega_M$ is achieved for $x = x_M$. Then
(A) $\omega = \frac{3vx}{L^2+3x^2}$
(B) $\omega = \frac{12vx}{L^2+12x^2}$
(C) $x_M = \frac{L}{\sqrt{3}}$
(D) $x_M = \frac{L}{2\sqrt{3}}$"
2020_2_English_Q10,"In an X-ray tube, electrons emitted from a filament (cathode) carrying current $I$ hit a target (anode) at a distance $d$ from the cathode. The target is kept at a potential $V$ higher than the cathode resulting in emission of continuous and characteristic X-rays. If the filament current $I$ is decreased to $\frac{I}{2}$, the potential difference $V$ is increased to $2V$, and the separation distance $d$ is reduced to $\frac{d}{2}$ then
(A) the cut-off wavelength will reduce to half, and the wavelengths of the characteristic X-rays will remain the same
(B) the cut-off wavelength as well as the wavelengths of the characteristic X-rays will remain the same
(C) the cut-off wavelength will reduce to half, and the intensities of all the X-rays will decrease
(D) the cut-off wavelength will become two times larger, and the intensity of all the X-rays will decrease"
2020_2_English_Q11,"Two identical non-conducting solid spheres of same mass and charge are suspended in air from a common point by two non-conducting, massless strings of same length. At equilibrium, the angle between the strings is $\alpha$. The spheres are now immersed in a dielectric liquid of density 800 kg m$^{-3}$ and dielectric constant 21. If the angle between the strings remains the same after the immersion, then
(A) electric force between the spheres remains unchanged
(B) electric force between the spheres reduces
(C) mass density of the spheres is 840 kg m$^{-3}$
(D) the tension in the strings holding the spheres remains unchanged"
2020_2_English_Q12,"Starting at time $t = 0$ from the origin with speed 1 ms$^{-1}$, a particle follows a two-dimensional trajectory in the $x-y$ plane so that its coordinates are related by the equation $y = \frac{x^2}{2}$. The $x$ and $y$ components of its acceleration are denoted by $a_x$ and $a_y$, respectively. Then
(A) $a_x = 1$ ms$^{-2}$ implies that when the particle is at the origin, $a_y = 1$ ms$^{-2}$
(B) $a_x = 0$ implies $a_y = 1$ ms$^{-2}$ at all times
(C) at $t = 0$, the particle's velocity points in the $x$-direction
(D) $a_x = 0$ implies that at $t = 1$ s, the angle between the particle's velocity and the $x$ axis is 45°"
2020_2_English_Q13,"A spherical bubble inside water has radius $R$. Take the pressure inside the bubble and the water pressure to be $p_0$. The bubble now gets compressed radially in an adiabatic manner so that its radius becomes $(R - a)$. For $a \ll R$ the magnitude of the work done in the process is given by $(4\pi p_0 R a^2) X$, where $X$ is a constant and $\gamma = C_p/C_v = 41/30$. The value of $X$ is __________"
2020_2_English_Q14,"In the balanced condition, the values of the resistances of the four arms of a Wheatstone bridge are shown in the figure below. The resistance $R_3$ has temperature coefficient 0.0004 °C$^{-1}$. If the temperature of $R_3$ is increased by 100 °C, the voltage developed between S and T will be __________ volt."
2020_2_English_Q15,Two capacitors with capacitance values $C_1 = 2000 \pm 10$ pF and $C_2 = 3000 \pm 15$ pF are connected in series. The voltage applied across this combination is $V = 5.00 \pm 0.02$ V. The percentage error in the calculation of the energy stored in this combination of capacitors is __________
2020_2_English_Q16,"A cubical solid aluminium (bulk modulus = $-V \frac{dP}{dV} = 70$ GPa) block has an edge length of 1 m on the surface of the earth. It is kept on the floor of a 5 km deep ocean. Taking the average density of water and the acceleration due to gravity to be 10$^3$ kg m$^{-3}$ and 10 ms$^{-2}$, respectively, the change in the edge length of the block in mm is __________"
2020_2_English_Q17,"The inductors of two LR circuits are placed next to each other, as shown in the figure. The values of the self-inductance of the inductors, resistances, mutual-inductance and applied voltages are specified in the given circuit. After both the switches are closed simultaneously, the total work done by the batteries against the induced EMF in the inductors by the time the currents reach their steady state values is __________ mJ."
2020_2_English_Q18,"A container with 1 kg of water in it is kept in sunlight, which causes the water to get warmer than the surroundings. The average energy per unit time per unit area received due to the sunlight is 700 Wm$^{-2}$ and it is absorbed by the water over an effective area of 0.05 m$^2$. Assuming that the heat loss from the water to the surroundings is governed by Newton's law of cooling, the difference (in °C) in the temperature of water and the surroundings after a long time will be __________ (Ignore effect of the container, and take constant for Newton's law of cooling = 0.001 s$^{-1}$, Heat capacity of water = 4200 J kg$^{-1}$ K$^{-1}$)"
2020_2_English_Q19,"The 1st, 2nd, and the 3rd ionization enthalpies, $I_1, I_2$, and $I_3$, of four atoms with atomic numbers $n, n+1, n+2$, and $n+3$, where $n < 10$, are tabulated below. What is the value of $n$?
Atomic number | Ionization Enthalpy (kJ/mol)
---|---|---|---
| $I_1$ | $I_2$ | $I_3$
n | 1681 | 3374 | 6050
n+1 | 2081 | 3952 | 6122
n+2 | 496 | 4562 | 6910
n+3 | 738 | 1451 | 7733"
2020_2_English_Q20,"Consider the following compounds in the liquid form:
O$_2$, HF, H$_2$O, NH$_3$, H$_2$O$_2$, CCl$_4$, CHCl$_3$, C$_6$H$_6$, C$_6$H$_5$Cl.
When a charged comb is brought near their flowing stream, how many of them show deflection as per the following figure?"
2020_2_English_Q21,"In the chemical reaction between stoichiometric quantities of KMnO$_4$ and KI in weakly basic solution, what is the number of moles of I$_2$ released for 4 moles of KMnO$_4$ consumed?"
2020_2_English_Q22,"An acidified solution of potassium chromate was layered with an equal volume of amyl alcohol. When it was shaken after the addition of 1 mL of 3% H$_2$O$_2$, a blue alcohol layer was obtained. The blue color is due to the formation of a chromium (VI) compound ‘X’. What is the number of oxygen atoms bonded to chromium through only single bonds in a molecule of X?"
2020_2_English_Q23,"The structure of a peptide is given below.
If the absolute values of the net charge of the peptide at pH = 2, pH = 6, and pH = 11 are $|z_1|, |z_2|$, and $|z_3|$, respectively, then what is $|z_1| + |z_2| + |z_3|$?"
2020_2_English_Q24,An organic compound (C$_8$H$_{10}$O$_2$) rotates plane-polarized light. It produces pink color with neutral FeCl$_3$ solution. What is the total number of all the possible isomers for this compound?
2020_2_English_Q25,"In an experiment, $m$ grams of a compound X (gas/liquid/solid) taken in a container is loaded in a balance as shown in figure I below. In the presence of a magnetic field, the pan with X is either deflected upwards (figure II), or deflected downwards (figure III), depending on the compound X. Identify the correct statement(s).
(A) If X is H$_2$O($l$), deflection of the pan is upwards.
(B) If X is K$_4$[Fe(CN)$_6$]($s$), deflection of the pan is upwards.
(C) If X is O$_2$($g$), deflection of the pan is downwards.
(D) If X is C$_6$H$_6$($l$), deflection of the pan is downwards."
2020_2_English_Q26,"Which of the following plots is(are) correct for the given reaction?
([P]$_0$ is the initial concentration of P)
(A) a plot showing $t_{1/2}$ decreasing with increasing $[P]_0$.
(B) a plot showing Initial rate increasing linearly with $[P]_0$.
(C) a plot showing $[Q]/[P]_0$ increasing with time.
(D) a plot showing $\ln([P]/[P]_0)$ decreasing linearly with time."
2020_2_English_Q27,"Which among the following statement(s) is(are) true for the extraction of aluminium from bauxite?
(A) Hydrated Al$_2$O$_3$ precipitates, when CO$_2$ is bubbled through a solution of sodium aluminate.
(B) Addition of Na$_3$AlF$_6$ lowers the melting point of alumina.
(C) CO$_2$ is evolved at the anode during electrolysis.
(D) The cathode is a steel vessel with a lining of carbon."
2020_2_English_Q28,"Choose the correct statement(s) among the following.
(A) SnCl$_2 \cdot 2$H$_2$O is a reducing agent.
(B) SnO$_2$ reacts with KOH to form K$_2$[Sn(OH)$_6$].
(C) A solution of PbCl$_2$ in HCl contains Pb$^{2+}$ and Cl$^-$ions.
(D) The reaction of Pb$_3$O$_4$ with hot dilute nitric acid to give PbO$_2$ is a redox reaction."
2020_2_English_Q29,"Consider the following four compounds I, II, III, and IV.
Choose the correct statement(s).
(A) The order of basicity is II > I > III > IV.
(B) The magnitude of pK$_b$ difference between I and II is more than that between III and IV.
(C) Resonance effect is more in III than in IV.
(D) Steric effect makes compound IV more basic than III."
2020_2_English_Q30,"Consider the following transformations of a compound P.
Choose the correct option(s).
(A) P is (chemical structure as shown in option A)
(B) X is Pd-C/quinoline/H2
(C) P is (chemical structure as shown in option C)
(D) R is (chemical structure as shown in option D)"
2020_2_English_Q31,A solution of 0.1 M weak base (B) is titrated with 0.1 M of a strong acid (HA). The variation of pH of the solution with the volume of HA added is shown in the figure below. What is the pK$_b$ of the base? The neutralization reaction is given by B + HA → BH$^+$ + A$^-$.
2020_2_English_Q32,"Liquids A and B form ideal solution for all compositions of A and B at 25 °C. Two such solutions with 0.25 and 0.50 mole fractions of A have the total vapor pressures of 0.3 and 0.4 bar, respectively. What is the vapor pressure of pure liquid B in bar?"
2020_2_English_Q33,"The figure below is the plot of potential energy versus internuclear distance ($d$) of H$_2$ molecule in the electronic ground state. What is the value of the net potential energy E$_0$ (as indicated in the figure) in kJ mol$^{-1}$, for $d = d_0$ at which the electron-electron repulsion and the nucleus-nucleus repulsion energies are absent? As reference, the potential energy of H atom is taken as zero when its electron and the nucleus are infinitely far apart.
Use Avogadro constant as 6.023 × 10$^{23}$ mol$^{-1}$."
2020_2_English_Q34,"Consider the reaction sequence from P to Q shown below. The overall yield of the major product Q from P is 75%. What is the amount in grams of Q obtained from 9.3 mL of P? (Use density of P = 1.00 g mL$^{-1}$; Molar mass of C = 12.0, H =1.0, O =16.0 and N = 14.0 g mol$^{-1}$)"
2020_2_English_Q35,"Tin is obtained from cassiterite by reduction with coke. Use the data given below to determine the minimum temperature (in K) at which the reduction of cassiterite by coke would take place.
At 298 K: $\Delta_f H^\circ (\text{SnO}_2(s)) = -581.0$ kJ mol$^{-1}$, $\Delta_f H^\circ (\text{CO}_2(g)) = -394.0$ kJ mol$^{-1}$,
$S^\circ(\text{SnO}_2(s)) = 56.0$ J K$^{-1}$mol$^{-1}$, $S^\circ(\text{Sn}(s)) = 52.0$ J K$^{-1}$mol$^{-1}$,
$S^\circ(C(s)) = 6.0$ J K$^{-1}$mol$^{-1}$, $S^\circ(\text{CO}_2(g)) = 210.0$ J K$^{-1}$mol$^{-1}$.
Assume that the enthalpies and the entropies are temperature independent."
2020_2_English_Q36,"An acidified solution of 0.05 M Zn$^{2+}$ is saturated with 0.1 M H$_2$S. What is the minimum molar concentration (M) of H$^+$ required to prevent the precipitation of ZnS?
Use $K_{sp}$ (ZnS) = 1.25 × 10$^{-22}$ and
overall dissociation constant of H$_2$S, $K_{NET} = K_1K_2 = 1 \times 10^{-21}$."
2020_2_English_Q37,"For a complex number $z$, let Re($z$) denote the real part of $z$. Let $S$ be the set of all complex numbers $z$ satisfying $z^4 - |z|^4 = 4 i z^2$, where $i = \sqrt{-1}$. Then the minimum possible value of $|z_1 - z_2|^2$, where $z_1, z_2 \in S$ with Re($z_1$) > 0 and Re($z_2$) < 0, is __________"
2020_2_English_Q38,"The probability that a missile hits a target successfully is 0.75. In order to destroy the target completely, at least three successful hits are required. Then the minimum number of missiles that have to be fired so that the probability of completely destroying the target is NOT less than 0.95, is __________"
2020_2_English_Q39,"Let $O$ be the centre of the circle $x^2 + y^2 = r^2$, where $r > \frac{2}{\sqrt{5}}$. Suppose $PQ$ is a chord of this circle and the equation of the line passing through $P$ and $Q$ is $2x + 4y = 5$. If the centre of the circumcircle of the triangle $OPQ$ lies on the line $x + 2y = 4$, then the value of $r$ is __________"
2020_2_English_Q40,"The trace of a square matrix is defined to be the sum of its diagonal entries. If $A$ is a $2 \times 2$ matrix such that the trace of $A$ is 3 and the trace of $A^3$ is -18, then the value of the determinant of $A$ is __________"
2020_2_English_Q41,"Let the functions $f: (-1,1) \to \mathbb{R}$ and $g: (-1, 1) \to (-1, 1)$ be defined by
$f(x) = |2x – 1| + |2x + 1|$ and $g(x) = x - [x]$,
where $[x]$ denotes the greatest integer less than or equal to $x$. Let $f \circ g: (-1,1) \to \mathbb{R}$ be the composite function defined by $(f \circ g)(x) = f(g(x))$. Suppose $c$ is the number of points in the interval $(-1,1)$ at which $f \circ g$ is NOT continuous, and suppose $d$ is the number of points in the interval $(-1, 1)$ at which $f \circ g$ is NOT differentiable. Then the value of $c + d$ is __________"
2020_2_English_Q42,"The value of the limit
$\lim_{x \to \frac{\pi}{2}} \frac{4\sqrt{2}(\sin 3x + \sin x)}{\left(2 \sin 2x \sin \frac{3x}{2} + \cos \frac{5x}{2}\right) - \left(\sqrt{2} + \sqrt{2} \cos 2x + \cos \frac{3x}{2}\right)}$
is __________"
2020_2_English_Q43,"Let $b$ be a nonzero real number. Suppose $f: \mathbb{R} \to \mathbb{R}$ is a differentiable function such that $f(0) = 1$. If the derivative $f'$ of $f$ satisfies the equation
$f'(x) = \frac{f(x)}{b^2 + x^2}$
for all $x \in \mathbb{R}$, then which of the following statements is/are TRUE?
(A) If $b > 0$, then $f$ is an increasing function
(B) If $b < 0$, then $f$ is a decreasing function
(C) $f(x)f(-x) = 1$ for all $x \in \mathbb{R}$
(D) $f(x) - f(-x) = 0$ for all $x \in \mathbb{R}$"
2020_2_English_Q44,"Let $a$ and $b$ be positive real numbers such that $a > 1$ and $b < a$. Let $P$ be a point in the first quadrant that lies on the hyperbola $\frac{x^2}{a^2} - \frac{y^2}{b^2} = 1$. Suppose the tangent to the hyperbola at $P$ passes through the point $(1,0)$, and suppose the normal to the hyperbola at $P$ cuts off equal intercepts on the coordinate axes. Let $\Delta$ denote the area of the triangle formed by the tangent at $P$, the normal at $P$ and the $x$-axis. If $e$ denotes the eccentricity of the hyperbola, then which of the following statements is/are TRUE?
(A) $1 < e < \sqrt{2}$
(B) $\sqrt{2} < e < 2$
(C) $\Delta = a^2$
(D) $\Delta = b^4$"
2020_2_English_Q45,"Let $f: \mathbb{R} \to \mathbb{R}$ and $g: \mathbb{R} \to \mathbb{R}$ be functions satisfying
$f(x + y) = f(x) + f(y) + f(x)f(y)$ and $f(x) = xg(x)$
for all $x, y \in \mathbb{R}$. If $\lim_{x \to 0} g(x) = 1$, then which of the following statements is/are TRUE?
(A) $f$ is differentiable at every $x \in \mathbb{R}$
(B) If $g(0) = 1$, then $g$ is differentiable at every $x \in \mathbb{R}$
(C) The derivative $f'(1)$ is equal to 1
(D) The derivative $f'(0)$ is equal to 1"
2020_2_English_Q46,"Let $\alpha, \beta, \gamma, \delta$ be real numbers such that $\alpha^2 + \beta^2 + \gamma^2 \neq 0$ and $\alpha + \gamma = 1$. Suppose the point $(3, 2,-1)$ is the mirror image of the point $(1,0,-1)$ with respect to the plane $\alpha x + \beta y + \gamma z = \delta$. Then which of the following statements is/are TRUE?
(A) $\alpha + \beta = 2$
(B) $\delta - \gamma = 3$
(C) $\delta + \beta = 4$
(D) $\alpha + \beta + \gamma = \delta$"
2020_2_English_Q47,"Let $a$ and $b$ be positive real numbers. Suppose $\vec{PQ} = a\hat{i} + b\hat{j}$ and $\vec{PS} = a\hat{i} – b\hat{j}$ are adjacent sides of a parallelogram $PQRS$. Let $\vec{u}$ and $\vec{v}$ be the projection vectors of $\vec{w} = \hat{i} + \hat{j}$ along $\vec{PQ}$ and $\vec{PS}$, respectively. If $|\vec{u}| + |\vec{v}| = |\vec{w}|$ and if the area of the parallelogram $PQRS$ is 8, then which of the following statements is/are TRUE?
(A) $a + b = 4$
(B) $a - b = 2$
(C) The length of the diagonal $PR$ of the parallelogram $PQRS$ is 4
(D) $\vec{w}$ is an angle bisector of the vectors $\vec{PQ}$ and $\vec{PS}$"
2020_2_English_Q48,"For nonnegative integers $s$ and $r$, let
$\binom{s}{r} = \begin{cases} \frac{s!}{r! (s - r)!} & \text{if } r \le s, \\ 0 & \text{if } r > s. \end{cases}$
For positive integers $m$ and $n$, let
$g(m, n) = \sum_{p=0}^{m+n} f(m,n,p) \binom{n+p}{p}$
where for any nonnegative integer $p$,
$f(m,n,p) = \sum_{i=0}^{p} \binom{m}{i} \binom{n+i}{p-i}$.
Then which of the following statements is/are TRUE?
(A) $g(m,n) = g(n,m)$ for all positive integers $m, n$
(B) $g(m, n + 1) = g(m + 1,n)$ for all positive integers $m, n$
(C) $g(2m, 2n) = 2g(m,n)$ for all positive integers $m, n$
(D) $g(2m, 2n) = (g(m, n))^2$ for all positive integers $m, n$"
2020_2_English_Q49,An engineer is required to visit a factory for exactly four days during the first 15 days of every month and it is mandatory that no two visits take place on consecutive days. Then the number of all possible ways in which such visits to the factory can be made by the engineer during 1-15 June 2021 is __________
2020_2_English_Q50,"In a hotel, four rooms are available. Six persons are to be accommodated in these four rooms in such a way that each of these rooms contains at least one person and at most two persons. Then the number of all possible ways in which this can be done is __________"
2020_2_English_Q51,"Two fair dice, each with faces numbered 1, 2, 3, 4, 5 and 6, are rolled together and the sum of the numbers on the faces is observed. This process is repeated till the sum is either a prime number or a perfect square. Suppose the sum turns out to be a perfect square before it turns out to be a prime number. If $p$ is the probability that this perfect square is an odd number, then the value of $14p$ is __________"
2020_2_English_Q52,"Let the function $f: [0, 1] \to \mathbb{R}$ be defined by
$f(x) = \frac{4^x}{4^x + 2}$.
Then the value of
$f\left(\frac{1}{40}\right) + f\left(\frac{2}{40}\right) + f\left(\frac{3}{40}\right) + \dots + f\left(\frac{39}{40}\right) - f\left(\frac{1}{2}\right)$
is __________"
2020_2_English_Q53,"Let $f: \mathbb{R} \to \mathbb{R}$ be a differentiable function such that its derivative $f'$ is continuous and $f(\pi) = -6$. If $F: [0, \pi] \to \mathbb{R}$ is defined by $F(x) = \int_{0}^{x} f(t)dt$, and if
$\int_{0}^{\pi} (f'(x) + F(x)\cos x) dx = 2$,
then the value of $f(0)$ is __________"
2020_2_English_Q54,"Let the function $f: (0,\pi) \to \mathbb{R}$ be defined by
$f(\theta) = (\sin \theta + \cos \theta)^2 + (\sin \theta – \cos \theta)^4$.
Suppose the function $f$ has a local minimum at $\theta$ precisely when $\theta \in \{\lambda_1\pi, ..., \lambda_r\pi\}$, where $0 < \lambda_1 < \dots < \lambda_r < 1$. Then the value of $\lambda_1 + \dots + \lambda_r$ is __________"
2021_1_English_Q01,The smallest division on the main scale of a Vernier calipers is 0.1 cm. Ten divisions of the Vernier scale correspond to nine divisions of the main scale. The figure below on the left shows the reading of this calipers with no gap between its two jaws. The figure on the right shows the reading with a solid sphere held between the jaws. The correct diameter of the sphere is (A) 3.07 cm (B) 3.11 cm (C) 3.15 cm (D) 3.17 cm
2021_1_English_Q02,"An ideal gas undergoes a four step cycle as shown in the P – V diagram below. During this cycle, heat is absorbed by the gas in (A) steps 1 and 2 (B) steps 1 and 3 (C) steps 1 and 4 (D) steps 2 and 4"
2021_1_English_Q03,"An extended object is placed at point O, 10 cm in front of a convex lens L1 and a concave lens L2 is placed 10 cm behind it, as shown in the figure. The radii of curvature of all the curved surfaces in both the lenses are 20 cm. The refractive index of both the lenses is 1.5. The total magnification of this lens system is (A) 0.4 (B) 0.8 (C) 1.3 (D) 1.6"
2021_1_English_Q04,"A heavy nucleus Q of half-life 20 minutes undergoes alpha-decay with probability of 60% and beta-decay with probability of 40%. Initially, the number of Q nuclei is 1000. The number of alpha-decays of Q in the first one hour is (A) 50 (B) 75 (C) 350 (D) 525"
2021_1_English_Q05,"A projectile is thrown from a point O on the ground at an angle 45° from the vertical and with a speed 5√2 m/s. The projectile at the highest point of its trajectory splits into two equal parts. One part falls vertically down to the ground, 0.5 s after the splitting. The other part, t seconds after the splitting, falls to the ground at a distance x meters from the point O. The acceleration due to gravity g = 10 m/s². The value of t is ____."
2021_1_English_Q06,The value of x is ____.
2021_1_English_Q07,"In the circuit shown below, the switch S is connected to position P for a long time so that the charge on the capacitor becomes q₁ µC. Then S is switched to position Q. After a long time, the charge on the capacitor is q2 µC. The magnitude of q₁ is ____."
2021_1_English_Q08,The magnitude of q2 is ____.
2021_1_English_Q09,"Two point charges -Q and +Q/√3 are placed in the xy-plane at the origin (0, 0) and a point (2, 0), respectively, as shown in the figure. This results in an equipotential circle of radius R and potential V = 0 in the xy-plane with its center at (b, 0). All lengths are measured in meters. The value of R is ____ meter."
2021_1_English_Q10,The value of b is ____ meter.
2021_1_English_Q11,"A horizontal force F is applied at the center of mass of a cylindrical object of mass m and radius R, perpendicular to its axis as shown in the figure. The coefficient of friction between the object and the ground is μ. The center of mass of the object has an acceleration a. The acceleration due to gravity is g. Given that the object rolls without slipping, which of the following statement(s) is(are) correct? (A) For the same F, the value of a does not depend on whether the cylinder is solid or hollow (B) For a solid cylinder, the maximum possible value of a is 2µg (C) The magnitude of the frictional force on the object due to the ground is always µmg (D) For a thin-walled hollow cylinder, a = F/2m"
2021_1_English_Q12,"A wide slab consisting of two media of refractive indices n₁ and n₂ is placed in air as shown in the figure. A ray of light is incident from medium n₁ to n₂ at an angle θ, where sinθ is slightly larger than 1/n₁. Take refractive index of air as 1. Which of the following statement(s) is(are) correct? (A) The light ray enters air if n2 < n1 (B) The light ray is finally reflected back into the medium of refractive index n1 if n2 < n1 (C) The light ray is finally reflected back into the medium of refractive index n1 if n2 > n1 (D) The light ray is reflected back into the medium of refractive index n1 if n2 = 1"
2021_1_English_Q13,"A particle of mass M = 0.2 kg is initially at rest in the xy-plane at a point (x = −l, y = -h), where l = 10 m and h = 1 m. The particle is accelerated at time t = 0 with a constant acceleration a = 10 m/s² along the positive x-direction. Its angular momentum and torque with respect to the origin, in SI units, are represented by L and τ, respectively. î, ĵ and k are unit vectors along the positive x, y and z-directions, respectively. If k = î × ĵ then which of the following statement(s) is(are) correct? (A) The particle arrives at the point (x = l, y = −h) at time t = 2 s (B) τ = 2k when the particle passes through the point (x = l, y = −h) (C) L = 4k when the particle passes through the point (x = l, y = −h) (D) τ = k when the particle passes through the point (x = 0, y = −h)"
2021_1_English_Q14,"Which of the following statement(s) is(are) correct about the spectrum of hydrogen atom? (A) The ratio of the longest wavelength to the shortest wavelength in Balmer series is 9/5 (B) There is an overlap between the wavelength ranges of Balmer and Paschen series (C) The wavelengths of Lyman series are given by (1 + 1/m²)λ₀, where λ₀ is the shortest wavelength of Lyman series and m is an integer (D) The wavelength ranges of Lyman and Balmer series do not overlap"
2021_1_English_Q15,"A long straight wire carries a current, I = 2 ampere. A semi-circular conducting rod is placed beside it on two conducting parallel rails of negligible resistance. Both the rails are parallel to the wire. The wire, the rod and the rails lie in the same horizontal plane, as shown in the figure. Two ends of the semi-circular rod are at distances 1 cm and 4 cm from the wire. At time t = 0, the rod starts moving on the rails with a speed v = 3.0 m/s (see the figure). A resistor R = 1.4 Ω and a capacitor C₀ = 5.0 µF are connected in series between the rails. At time t = 0, C₀ is uncharged. Which of the following statement(s) is(are) correct? [µ₀ = 4π × 10⁻⁷ SI units. Take ln 2 = 0.7] (A) Maximum current through R is 1.2 × 10⁻⁶ ampere (B) Maximum current through R is 3.8 × 10⁻⁶ ampere (C) Maximum charge on capacitor C₀ is 8.4 × 10⁻¹² coulomb (D) Maximum charge on capacitor C₀ is 2.4 × 10⁻¹² coulomb"
2021_1_English_Q16,"A cylindrical tube, with its base as shown in the figure, is filled with water. It is moving down with a constant acceleration a along a fixed inclined plane with angle θ = 45°. P₁ and P2 are pressures at points 1 and 2, respectively, located at the base of the tube. Let β = (P₁ - P2)/(ρgd), where ρ is density of water, d is the inner diameter of the tube and g is the acceleration due to gravity. Which of the following statement(s) is(are) correct? (A) β = 0 when a = g/√2 (B) β > 0 when a = g/√2 (C) β = (√2 - 1)/√2 when a = g/2 (D) β = 1/√2 when a = g/2"
2021_1_English_Q17,"An α-particle (mass 4 amu) and a singly charged sulfur ion (mass 32 amu) are initially at rest. They are accelerated through a potential V and then allowed to pass into a region of uniform magnetic field which is normal to the velocities of the particles. Within this region, the α-particle and the sulfur ion move in circular orbits of radii rα and rs, respectively. The ratio (rs/rα) is ____."
2021_1_English_Q18,"A thin rod of mass M and length a is free to rotate in horizontal plane about a fixed vertical axis passing through point O. A thin circular disc of mass M and of radius a/4 is pivoted on this rod with its center at a distance a/4 from the free end so that it can rotate freely about its vertical axis, as shown in the figure. Assume that both the rod and the disc have uniform density and they remain horizontal during the motion. An outside stationary observer finds the rod rotating with an angular velocity Ω and the disc rotating about its vertical axis with angular velocity 4Ω. The total angular momentum of the system about the point O is (M a²Ω)/n. The value of n is ____."
2021_1_English_Q19,"A small object is placed at the center of a large evacuated hollow spherical container. Assume that the container is maintained at 0 K. At time t = 0, the temperature of the object is 200 K. The temperature of the object becomes 100 K at t = t₁ and 50 K at t = t2. Assume the object and the container to be ideal black bodies. The heat capacity of the object does not depend on temperature. The ratio (t2/t₁) is ____."
2021_1_English_Q20,The major product formed in the following reaction is HC≡C-CH₂-CH₂-CH₂-CH₂-C≡CH with reagents: NaNH₂ then Na/liq. NH₃. (A) CH₃-CH₂-CH₂-CH₂-CH₂-CH₂-CH₂-CH₃ (B) CH₃-CH₂-CH₂-CH₂-CH₂-CH₂-C≡CH (C) CH₃-C≡C-CH₂-CH₂-CH₂-C≡CH (D) CH₃-CH₂-CH=CH-CH=CH-CH₂-CH₃ (trans-trans configured product)
2021_1_English_Q21,"Among the following, the conformation that corresponds to the most stable conformation of meso-butane-2,3-diol is (A) Newman projection with anti-periplanar OH groups, staggered (B) Newman projection with gauche OH groups, staggered (C) Newman projection with eclipsed OH groups (D) Newman projection with fully eclipsed OH and CH₃ groups"
2021_1_English_Q22,"For the given close packed structure of a salt made of cation X and anion Y shown below (ions of only one face are shown for clarity), the packing fraction is approximately (packing fraction = packing efficiency / 100) (A) 0.74 (B) 0.63 (C) 0.52 (D) 0.48"
2021_1_English_Q23,"The calculated spin only magnetic moments of [Cr(NH3)6]3+ and [CuF6]³- in BM, respectively, are (Atomic numbers of Cr and Cu are 24 and 29, respectively) (A) 3.87 and 2.84 (B) 4.90 and 1.73 (C) 3.87 and 1.73 (D) 4.90 and 2.84"
2021_1_English_Q24,"For the following reaction scheme, percentage yields are given along the arrow: Mg2C3 (4.0 g) + H2O → P (75% yield) ; P + NaNH2/MeI → Q (40% yield); Q + red hot iron tube (873 K) → R (x g); P + Hg2+/H+ (333K) → S (100% yield); S + Ba(OH)2/heat → T (80% yield); T + NaOCl → U (y g) (80% yield) (U decolourises Baeyer's reagent). x g and y g are mass of R and U, respectively. (Use: Molar mass (in g mol⁻¹) of H, C and O as 1, 12 and 16, respectively) The value of x is ____."
2021_1_English_Q25,The value of y is ____.
2021_1_English_Q26,"For the reaction, X(s) = Y(s) + Z(g), the plot of ln (pz/p⁰) versus (10⁴/T) is given below (in solid line), where pz is the pressure (in bar) of the gas Z at temperature T and p⁰ = 1 bar. (Given, d(ln K)/d(1/T) = -ΔH⁰/R, where the equilibrium constant, K = pz/p⁰ and the gas constant, R = 8.314 J K⁻¹ mol⁻¹) The value of standard enthalpy, ΔH⁰ (in kJ mol⁻¹) for the given reaction is ____."
2021_1_English_Q27,"The value of ∆S⁰ (in J K⁻¹ mol⁻¹) for the given reaction, at 1000 K is ____."
2021_1_English_Q28,"The boiling point of water in a 0.1 molal silver nitrate solution (solution A) is x °C. To this solution A, an equal volume of 0.1 molal aqueous barium chloride solution is added to make a new solution B. The difference in the boiling points of water in the two solutions A and B is y × 10⁻² °C. (Assume: Densities of the solutions A and B are the same as that of water and the soluble salts dissociate completely. Use: Molal elevation constant (Ebullioscopic Constant), Kb= 0.5 K kg mol⁻¹; Boiling point of pure water as 100 °C.) The value of x is ____."
2021_1_English_Q29,The value of |y| is ____.
2021_1_English_Q30,"Given: CHO-CH(OH)-CH(OH)-CH(OH)-CH(OH)-CH2OH (D-Glucose). Reaction: HNO3 → P ([α]D = +52.7°). The compound(s), which on reaction with HNO3 will give the product having degree of rotation, [α]D = -52.7° is(are) (A) Fischer projection of D-Allose (CHO at top, CH2OH at bottom; from top to bottom: H-OH, H-OH, HO-H, H-OH) (B) Fischer projection of L-Gulose (CHO at top, CH2OH at bottom; from top to bottom: HO-H, H-OH, H-OH, HO-H) (C) Fischer projection of L-Idose (CHO at top, CH2OH at bottom; from top to bottom: HO-H, HO-H, H-OH, H-OH) (D) Fischer projection of D-Talose (CHO at top, CH2OH at bottom; from top to bottom: H-OH, H-OH, H-OH, HO-H)"
2021_1_English_Q31,"The reaction of Q with PhSNa yields an organic compound (major product) that gives positive Carius test on treatment with Na2O2 followed by addition of BaCl2. The correct option(s) for Q is(are) (A) A benzene ring with NO2, NO2, F substituents (1,2,4-trinitrofluorobenzene) (B) A benzene ring with O2N and I substituents (p-nitroiodobenzene) (C) A benzene ring with MeS and Br substituents (p-bromothioanisole) (D) A benzene ring with O2N and Cl substituents (p-nitrochlorobenzene)"
2021_1_English_Q32,The correct statement(s) related to colloids is(are) (A) The process of precipitating colloidal sol by an electrolyte is called peptization. (B) Colloidal solution freezes at higher temperature than the true solution at the same concentration. (C) Surfactants form micelle above critical micelle concentration (CMC). CMC depends on temperature. (D) Micelles are macromolecular colloids.
2021_1_English_Q33,"An ideal gas undergoes a reversible isothermal expansion from state I to state II followed by a reversible adiabatic expansion from state II to state III. The correct plot(s) representing the changes from state I to state III is(are) (p: pressure, V: volume, T: temperature, H: enthalpy, S: entropy) (A) p-V diagram showing I to II as a curve with decreasing p, increasing V; II to III as a steeper curve with decreasing p, increasing V. (B) p-T diagram showing I to II as a horizontal line with constant T, decreasing p; II to III as a curve with decreasing p, decreasing T. (C) H-S diagram showing I to II as a horizontal line with constant H, increasing S; II to III as a vertical line with constant S, decreasing H. (D) T-S diagram showing I to II as a horizontal line with constant T, increasing S; II to III as a vertical line with constant S, decreasing T."
2021_1_English_Q34,"The correct statement(s) related to the metal extraction processes is(are) (A) A mixture of PbS and PbO undergoes self-reduction to produce Pb and SO2. (B) In the extraction process of copper from copper pyrites, silica is added to produce copper silicate. (C) Partial oxidation of sulphide ore of copper by roasting, followed by self-reduction produces blister copper. (D) In cyanide process, zinc powder is utilized to precipitate gold from Na[Au(CN)2]."
2021_1_English_Q35,"A mixture of two salts is used to prepare a solution S, which gives the following results: White precipitate(s) only with Dilute NaOH(aq) at Room temperature. White precipitate(s) only with Dilute HCl(aq) at Room temperature. The correct option(s) for the salt mixture is(are) (A) Pb(NO3)2 and Zn(NO3)2 (B) Pb(NO3)2 and Bi(NO3)3 (C) AgNO3 and Bi(NO3)3 (D) Pb(NO3)2 and Hg(NO3)2"
2021_1_English_Q36,The maximum number of possible isomers (including stereoisomers) which may be formed on mono-bromination of 1-methylcyclohex-1-ene using Br2 and UV light is ____.
2021_1_English_Q37,"In the reaction given below, the total number of atoms having sp² hybridization in the major product P is ____. Reactant: 1H-Indene. Reagents: 1. O₃ (excess) then Zn/H₂O; 2. NH₂OH (excess) → P"
2021_1_English_Q38,The total number of possible isomers for [Pt(NH3)4Cl2]Br2 is ____.
2021_1_English_Q39,"Consider a triangle Δ whose two sides lie on the x-axis and the line x + y + 1 = 0. If the orthocenter of Δ is (1, 1), then the equation of the circle passing through the vertices of the triangle Δ is (A) x² + y² – 3x + y = 0 (B) x² + y² + x + 3y = 0 (C) x² + y² + 2y − 1 = 0 (D) x² + y² + x + y = 0"
2021_1_English_Q40,"The area of the region {(x,y): 0 ≤ x ≤ 9/4, 0 ≤ y ≤ 1, x ≥ 3y, x + y ≥ 2} is (A) 11/32 (B) 35/96 (C) 37/96 (D) 13/32"
2021_1_English_Q41,"Consider three sets E₁ = {1,2,3}, F₁ = {1,3,4} and G₁ = {2,3,4,5}. Two elements are chosen at random, without replacement, from the set E₁, and let S₁ denote the set of these chosen elements. Let E2 = E₁ - S₁ and F₂ = F₁ U S₁. Now two elements are chosen at random, without replacement, from the set F2 and let S2 denote the set of these chosen elements. Let G₂ = G₁ U S₂. Finally, two elements are chosen at random, without replacement, from the set G₂ and let S3 denote the set of these chosen elements. Let E3 = E2 U S3. Given that E₁= E3, let p be the conditional probability of the event S₁ = {1, 2}. Then the value of p is (A) 1/5 (B) 3/5 (C) 1/2 (D) 2/5"
2021_1_English_Q42,"Let θ₁, θ₂, ..., θ₁₀ be positive valued angles (in radian) such that θ₁ + θ₂ + … + θ₁₀ = 2π. Define the complex numbers z₁ = e^(iθ₁), zk = z_{k-1} e^(iθk) for k = 2, 3, ..., 10, where i = √-1. Consider the statements P and Q given below: P: |z₂ - z₁|+ |z₃ - z₂| + … + |z₁₀ - z₉|+|z₁ - z₁₀| ≤ 2π Q: |z₂² - z₁²| + |z₃² - z₂²| + … + |z₁₀² - z₉²| + |z₁² - z₁₀²| ≤ 4π Then, (A) P is TRUE and Q is FALSE (B) Q is TRUE and P is FALSE (C) both P and Q are TRUE (D) both P and Q are FALSE"
2021_1_English_Q43,"Three numbers are chosen at random, one after another with replacement, from the set S = {1,2,3, ...,100}. Let p₁ be the probability that the maximum of chosen numbers is at least 81 and p₂ be the probability that the minimum of chosen numbers is at most 40. The value of (625/4) p₁ is ____."
2021_1_English_Q44,The value of (125/4) p₂ is ____.
2021_1_English_Q45,"Let α, β and γ be real numbers such that the system of linear equations x + 2y + 3z = α; 4x + 5y + 6z = β; 7x + 8y + 9z = γ − 1 is consistent. Let |M| represent the determinant of the matrix M = [[α, 2, γ], [β, 1, 0], [-1, 0, 1]]. Let P be the plane containing all those (α, β, γ) for which the above system of linear equations is consistent, and D be the square of the distance of the point (0,1,0) from the plane P. The value of |M| is ____."
2021_1_English_Q46,The value of D is ____.
2021_1_English_Q47,"Consider the lines L₁ and L₂ defined by L₁: x√2 + y − 1 = 0 and L₂: x√2 − y + 1 = 0. For a fixed constant λ, let C be the locus of a point P such that the product of the distance of P from L₁ and the distance of P from L₂ is λ². The line y = 2x + 1 meets C at two points R and S, where the distance between R and S is √270. Let the perpendicular bisector of RS meet C at two distinct points R' and S'. Let D be the square of the distance between R' and S'. The value of λ² is ____."
2021_1_English_Q48,The value of D is ____.
2021_1_English_Q49,"For any 3 × 3 matrix M, let |M| denote the determinant of M. Let E = [[1, 2, 3], [2, 3, 4], [8, 13, 18]], P = [[1, 0, 0], [0, 0, 1], [0, 1, 0]] and F = [[1, 3, 2], [8, 18, 13], [2, 4, 3]]. If Q is a nonsingular matrix of order 3 × 3, then which of the following statements is (are) TRUE ? (A) F = PEP and P² = [[1, 0, 0], [0, 1, 0], [0, 0, 1]] (B) |EQ + PFQ⁻¹| = |EQ| + |PFQ⁻¹| (C) |(EF)³| > |EF|² (D) Sum of the diagonal entries of P⁻¹EP + F is equal to the sum of diagonal entries of E + P⁻¹FP"
2021_1_English_Q50,"Let f: R → R be defined by f(x) = (x² - 3x - 6)/(x² + 2x + 4). Then which of the following statements is (are) TRUE ? (A) f is decreasing in the interval (-2, -1) (B) f is increasing in the interval (1, 2) (C) f is onto (D) Range of f is [-3/2, 2]"
2021_1_English_Q51,"Let E, F and G be three events having probabilities P(E) = 1/4, P(F) = 1/6 and P(G) = 1/4 and let P(E∩F∩G) = 1/10. For any event H, if Hᶜ denotes its complement, then which of the following statements is (are) TRUE ? (A) P(E∩F∩Gᶜ) ≤ 1/40 (B) P(Eᶜ∩F∩G) ≤ 1/15 (C) P(E∪F∪G) ≤ 13/24 (D) P(Eᶜ∩Fᶜ∩Gᶜ) ≤ 5/12"
2021_1_English_Q52,"For any 3 × 3 matrix M, let |M| denote the determinant of M. Let I be the 3 × 3 identity matrix. Let E and F be two 3 × 3 matrices such that (I – EF) is invertible. If G = (I – EF)⁻¹, then which of the following statements is (are) TRUE ? (A) |FE| = |I – FE||FGE| (B) (I – FE)(I + FGE) = I (C) EFG = GEF (D) (I – FE)(I – FGE) = I"
2021_1_English_Q53,"For any positive integer n, let Sn: (0,∞) → R be defined by Sₙ(x) = Σ_{k=1 to n} cot⁻¹((1 + k(k + 1)x²)/x). Then which of the following statements is (are) TRUE ? (A) S₁₀(x) = π/2 - tan⁻¹((1+11x²)/10x), for all x > 0 (B) lim_{n→∞} cot(Sₙ(x)) = x, for all x > 0 (C) The equation S₃(x) = π/4 has a root in (0,∞) (D) tan(Sₙ(x)) ≤ 1/2, for all n ≥ 1 and x > 0"
2021_1_English_Q54,"For any complex number w = c + id, let arg(w) ∈ (−π,π], where i = √−1. Let α and β be real numbers such that for all complex numbers z = x + iy satisfying arg((z+α)/(z+β)) = π/4, the ordered pair (x, y) lies on the circle x² + y² + 5x – 3y + 4 = 0. Then which of the following statements is (are) TRUE ? (A) α = −1 (B) αβ = 4 (C) αβ = −4 (D) β = 4"
2021_1_English_Q55,"For x ∈ R, the number of real roots of the equation 3x² - 4|x² - 1| + x − 1 = 0 is ____."
2021_1_English_Q56,"In a triangle ABC, let AB = √23, BC = 3 and CA = 4. Then the value of (cot A + cot C) / cot B is ____."
2021_1_English_Q57,"Let u, v and w be vectors in three-dimensional space, where u and v are unit vectors which are not perpendicular to each other and u·w = 1, v·w = 1, w·w = 4. If the volume of the parallelopiped, whose adjacent sides are represented by the vectors u, v and w, is √2, then the value of |3u + 5v| is ____."
2021_2_English_Q01,"One end of a horizontal uniform beam of weight W and length L is hinged on a vertical wall at point O and its other end is supported by a light inextensible rope. The other end of the rope is fixed at point Q, at a height L above the hinge at point O. A block of weight aW is attached at the point P of the beam, as shown in the figure (not to scale). The rope can sustain a maximum tension of (2√2)W. Which of the following statement(s) is(are) correct?
(A) The vertical component of reaction force at O does not depend on a
(B) The horizontal component of reaction force at O is equal to W for a = 0.5
(C) The tension in the rope is 2W for a = 0.5
(D) The rope breaks if a > 1.5"
2021_2_English_Q02,"A source, approaching with speed u towards the open end of a stationary pipe of length L, is emitting a sound of frequency fs. The farther end of the pipe is closed. The speed of sound in air is v and fo is the fundamental frequency of the pipe. For which of the following combination(s) of u and fs, will the sound reaching the pipe lead to a resonance?
(A) u = 0.8v and fs = fo
(B) u = 0.8v and fs = 2fo
(C) u = 0.8v and fs = 0.5fo
(D) u = 0.5v and fs = 1.5fo"
2021_2_English_Q03,"For a prism of prism angle θ = 60°, the refractive indices of the left half and the right half are, respectively, n₁ and n₂ (n2 ≥ n₁) as shown in the figure. The angle of incidence i is chosen such that the incident light rays will have minimum deviation if n₁ = n2 = n = 1.5. For the case of unequal refractive indices, n₁ = n and n₂ = n + Δη (where Δη « n), the angle of emergence e = i + ∆e. Which of the following statement(s) is(are) correct?
(A) The value of ∆e (in radians) is greater than that of Δη
(B) Δe is proportional to Δη
(C) Δe lies between 2.0 and 3.0 milliradians, if ∆n = 2.8 × 10-3
(D) Δe lies between 1.0 and 1.6 milliradians, if ∆n = 2.8 × 10-3"
2021_2_English_Q04,"A physical quantity Ŝ is defined as S = (Ē × B)/µο, where Ē is electric field, B is magnetic field and µo is the permeability of free space. The dimensions of S are the same as the dimensions of which of the following quantity(ies) ?
(A) Energy / (Charge × Current)
(B) Force / (Length × Time)
(C) Energy / Volume
(D) Power / Area"
2021_2_English_Q05,"A heavy nucleus N, at rest, undergoes fission N → P + Q, where P and Q are two lighter nuclei. Let δ = MN - MP – MQ, where MP, MQ and MN are the masses of P, Q and N, respectively. Ep and EQ are the kinetic energies of P and Q, respectively. The speeds of P and Q are vp and vQ, respectively. If c is the speed of light, which of the following statement(s) is(are) correct?
(A) Ep + EQ = c²δ
(B) Ep = (MP / (Mp+MQ)) c²δ
(C) vp / vQ = MQ / Mp
(D) The magnitude of momentum for P as well as Q is c√2μδ, where μ = MpMQ / (Mp+MQ)"
2021_2_English_Q06,"Two concentric circular loops, one of radius R and the other of radius 2R, lie in the xy-plane with the origin as their common center, as shown in the figure. The smaller loop carries current I₁ in the anti-clockwise direction and the larger loop carries current I2 in the clockwise direction, with I2 > 2I1. B(x, y) denotes the magnetic field at a point (x, y) in the xy-plane. Which of the following statement(s) is(are) correct?
(A) B(x, y) is perpendicular to the xy-plane at any point in the plane
(B) |B(x, y)| depends on x and y only through the radial distance r = √x² + y²
(C) |B (x, y)| is non-zero at all points for r < R
(D) B (x, y) points normally outward from the xy-plane for all the points between the two loops"
2021_2_English_Q07,The value of X is _______.
2021_2_English_Q08,The value of Y is _______.
2021_2_English_Q09,The value of J is _______.
2021_2_English_Q10,The value of K is _______.
2021_2_English_Q11,The value of C is _______.
2021_2_English_Q12,The value of φ is _______.
2021_2_English_Q13,"When the dipole m is placed at a distance r from the center of the loop (as shown in the figure), the current induced in the loop will be proportional to
(A) m/r³
(B) m²/r²
(C) m/r²
(D) m²/r"
2021_2_English_Q14,"The work done in bringing the dipole from infinity to a distance r from the center of the loop by the given process is proportional to
(A) m/r⁵
(B) m²/r⁵
(C) m²/r⁶
(D) m²/r⁷"
2021_2_English_Q15,"The value of TR/To is
(A) √2
(B) √3
(C) 2
(D) 3"
2021_2_English_Q16,"The value of Q/RTo is
(A) 4(2√2+1)
(B) 4(2√2-1)
(C) (5√2 + 1)
(D) (5√2 – 1)"
2021_2_English_Q17,"In order to measure the internal resistance r₁ of a cell of emf E, a meter bridge of wire resistance Ro = 50 Ω, a resistance Ro/2, another cell of emf E/2 (internal resistance r) and a galvanometer G are used in a circuit, as shown in the figure. If the null point is found at l =72 cm, then the value of r₁ = ______ Ω."
2021_2_English_Q18,"The distance between two stars of masses 3Ms and 6Ms is 9R. Here R is the mean distance between the centers of the Earth and the Sun, and Ms is the mass of the Sun. The two stars orbit around their common center of mass in circular orbits with period nT, where T is the period of Earth's revolution around the Sun. The value of n is _______."
2021_2_English_Q19,Ozonolysis of ClO2 produces an oxide of chlorine. The average oxidation state of chlorine in this oxide is _______.
2021_2_English_Q20,"The reaction sequence(s) that would lead to o-xylene as the major product is(are)
(A) 1. NaNO2/HCI, 273 K, 2. CuCN, 3. DIBAL-H then H3O+, 4. N2H4, KOH heat
(B) 1. Mg, CO2, H3O+, 2. SOCI2, 3. H2, Pd-BaSO4, 4. Zn-Hg, HCI
(C) 1. i. BH3, ii. H2O2, NaOH, 2. PBr3, 3. Zn, dil. HCI
(D) 1. O3, Zn/H2O, 2. N2H4, KOH, heat"
2021_2_English_Q21,"Correct option(s) for the following sequence of reactions is(are)
(A) Q = KNO2, W = LiAlH4
(B) R = benzenamine, V = KCN
(C) Q = AgNO2, R = phenylmethanamine
(D) W = LiAlH4, V = AgCN"
2021_2_English_Q22,"For the following reaction 2X + Y → P, the rate of reaction is d[P]/dt = k[X]. Two moles of X are mixed with one mole of Y to make 1.0 L of solution. At 50 s, 0.5 mole of Y is left in the reaction mixture. The correct statement(s) about the reaction is(are)
(Use: ln 2 = 0.693)
(A) The rate constant, k, of the reaction is 13.86 × 10−4 s¯¹.
(B) Half-life of X is 50 s.
(C) At 50 s, -d[X]/dt = 13.86 × 10-3 mol L-1 s-1.
(D) At 100 s, -d[Y]/dt = 3.46 × 10-3 mol L-1 s-1."
2021_2_English_Q23,"Some standard electrode potentials at 298 K are given below:
Pb2+/Pb -0.13 V
Ni2+/Ni -0.24 V
Cd2+/Cd -0.40 V
Fe2+/Fe -0.44 V
To a solution containing 0.001 M of X2+ and 0.1 M of Y2+, the metal rods X and Y are inserted (at 298 K) and connected by a conducting wire. This resulted in dissolution of X. The correct combination(s) of X and Y, respectively, is(are)
(Given: Gas constant, R = 8.314 J K−¹ mol-1, Faraday constant, F = 96500 C mol-¹)
(A) Cd and Ni
(B) Cd and Fe
(C) Ni and Pb
(D) Ni and Fe"
2021_2_English_Q24,"The pair(s) of complexes wherein both exhibit tetrahedral geometry is(are)
(Note: py = pyridine
Given: Atomic numbers of Fe, Co, Ni and Cu are 26, 27, 28 and 29, respectively)
(A) [FeCl4]- and [Fe(CO)4]2-
(B) [Co(CO)4] and [CoCl4]2-
(C) [Ni(CO)4] and [Ni(CN)4]2-
(D) [Cu(py)4]+ and [Cu(CN)4]3-"
2021_2_English_Q25,"The correct statement(s) related to oxoacids of phosphorous is(are)
(A) Upon heating, H3PO3 undergoes disproportionation reaction to produce H3PO4 and PH3.
(B) While H3PO3 can act as reducing agent, H3PO4 cannot.
(C) H3PO3 is a monobasic acid.
(D) The H atom of P-H bond in H3PO3 is not ionizable in water."
2021_2_English_Q26,The value of α is _______.
2021_2_English_Q27,The value of y is _______.
2021_2_English_Q28,The value of x is _______.
2021_2_English_Q29,The value of y is _______.
2021_2_English_Q30,The value of x is _______.
2021_2_English_Q31,The value of y is _______.
2021_2_English_Q32,"Correct match of the C–H bonds (shown in bold) in Column J with their BDE in Column K is
Column J Molecule: (P) H–CH(CH3)2, (Q) H-CH2Ph, (R) H–CH=CH2, (S) H–C≡CH
Column K BDE (kcal mol-1): (i) 132, (ii) 110, (iii) 95, (iv) 88
(A) P – iii, Q – iv, R – ii, S –i
(B) P – i, Q – ii, R – iii, S – iv
(C) P – iii, Q – ii, R – i, S – iv
(D) P – ii, Q – i, R – iv, S – iii"
2021_2_English_Q33,"For the following reaction CH4 (g) + Cl2 (g) → CH3Cl (g) + HCI (g) the correct statement is
(A) Initiation step is exothermic with ∆H° = −58 kcal mol-1.
(B) Propagation step involving CH3 formation is exothermic with ΔΗ° = -2 kcal mol-1.
(C) Propagation step involving CH3Cl formation is endothermic with ΔΗ° = +27 kcal mol-1.
(D) The reaction is exothermic with ∆H° = −25 kcal mol-1."
2021_2_English_Q34,"Precipitate X is
(A) Fe4[Fe(CN)6]3
(B) Fe[Fe(CN)6]
(C) K2Fe[Fe(CN)6]
(D) KFe[Fe(CN)6]"
2021_2_English_Q35,"Among the following, the brown ring is due to the formation of
(A) [Fe(NO)2(SO4)2]2-
(B) [Fe(NO)2(H2O)4]3+
(C) [Fe(NO)4(SO4)2]
(D) [Fe(NO)(H2O)5]2+"
2021_2_English_Q36,"One mole of an ideal gas at 900 K, undergoes two reversible processes, I followed by II, as shown below. If the work done by the gas in the two processes are same, the value of ln(V3/V2) is _______."
2021_2_English_Q37,"Consider a helium (He) atom that absorbs a photon of wavelength 330 nm. The change in the velocity (in cm s¯¹) of He atom after the photon absorption is _______.
(Assume: Momentum is conserved when photon is absorbed.
Use: Planck constant = 6.6 ×10-34 J s, Avogadro number = 6 ×1023 mol-1, Molar mass of He = 4 g mol¯¹)"
2021_2_English_Q38,Ozonolysis of ClO2 produces an oxide of chlorine. The average oxidation state of chlorine in this oxide is _______.
2021_2_English_Q39,"Let S₁ = {(i,j,k) : i,j,k ∈ {1,2, ...,10}}, S₂ = {(i, j) : 1 < i < j + 2 ≤ 10, i, j ∈ {1,2, ..., 10}}, S3 = {(i, j, k, l) : 1 ≤ i < j < k < l, i,j,k,l ∈ {1,2, ...,10}} and S4 = {(i, j, k, l) : i, j, k and l are distinct elements in {1,2, ...,10}}. If the total number of elements in the set Sr is nr, r = 1,2,3,4, then which of the following statements is (are) TRUE ?
(A) n₁ = 1000
(B) n2 = 44
(C) n3 = 220
(D) n4/12 = 420"
2021_2_English_Q40,"Consider a triangle PQR having sides of lengths p,q and r opposite to the angles P, Q and R, respectively. Then which of the following statements is (are) TRUE ?
(A) cos P ≥ 1 - p²/(2qr)
(B) cos R ≥ ((q-r)/(p+q)) cos P + ((p+q)/p) cos Q
(C) (q+r)/p < 2 (sin Q sin R)/(sin P)
(D) If p < q and p < r, then cos Q > p/r and cos R > p/q"
2021_2_English_Q41,"Let f: [-π/2, π/2] → R be a continuous function such that f(0) = 1 and ∫₀^(π/2) f(t)dt = 0. Then which of the following statements is (are) TRUE ?
(A) The equation f (x) – 3 cos 3x = 0 has at least one solution in (0, π/3)
(B) The equation f (x) – 3 sin 3x = -6/π has at least one solution in (0, π/3)
(C) lim(x→0) (x ∫₀ˣ f(t)dt) / (1-e^(x²)) = -1
(D) lim(x→0) (sin x ∫₀ˣ f(t)dt) / x² = -1"
2021_2_English_Q42,"For any real numbers α and β, let ya,f(x), x ∈ R, be the solution of the differential equation dy/dx + αy = xeβx, y(1) = 1. Let S = {ya,β (x): α,β∈ R}. Then which of the following functions belong(s) to the set S?
(A) f(x)= (x²/2)e⁻ˣ + (e - 1/2)e⁻ˣ
(B) f(x) = -(x²/2)e⁻ˣ + (e + 1/2)e⁻ˣ
(C) f(x) = (eˣ/2)(x - 1/2) + (e - e²/4)e⁻ˣ
(D) f(x) = (eˣ/2)(-x) + (e + e²/4)e⁻ˣ"
2021_2_English_Q43,"Let O be the origin and OA = 2î + 2ĵ + k, OB = î - 2ĵ + 2k and OC = (1/2)(OB-λOA) for some λ > 0. If |OB×OC| = 9/2, then which of the following statements is (are) TRUE ?
(A) Projection of OC on OA is -3/2
(B) Area of the triangle OAB is 9/2
(C) Area of the triangle ABC is 9/2
(D) The acute angle between the diagonals of the parallelogram with adjacent sides OA and OC is π/3"
2021_2_English_Q44,"Let E denote the parabola y² = 8x. Let P = (-2, 4), and let Q and Q' be two distinct points on E such that the lines PQ and PQ' are tangents to E. Let F be the focus of E. Then which of the following statements is (are) TRUE ?
(A) The triangle PFQ is a right-angled triangle
(B) The triangle QPQ' is a right-angled triangle
(C) The distance between P and F is 5√2
(D) F lies on the line joining Q and Q'"
2021_2_English_Q45,The radius of the circle C is _______.
2021_2_English_Q46,The value of α is _______.
2021_2_English_Q47,The value of 2m₁ + 3n₁ + m₁n₁ is _______.
2021_2_English_Q48,The value of 6m2 + 4n2 + 8m2n2 is _______.
2021_2_English_Q49,The value of 16S1/π is _______.
2021_2_English_Q50,The value of 48S2/(π²) is _______.
2021_2_English_Q51,"Consider M with r = 1025/513. Let k be the number of all those circles Cn that are inside M. Let l be the maximum possible number of circles among these k circles such that no two circles intersect. Then
(A) k + 2l = 22
(B) 2k + l = 26
(C) 2k + 3l = 34
(D) 3k + 2l = 40"
2021_2_English_Q52,"Consider M with r = (2199-1)√2 / 2198. The number of all those circles Dn that are inside M is
(A) 198
(B) 199
(C) 200
(D) 201"
2021_2_English_Q53,"Which of the following statements is TRUE ?
(A) f(√ln 3) + g(√ln 3) = 1/3
(B) For every x > 1, there exists an a ∈ (1,x) such that ψ₁(x) = 1 + ax
(C) For every x > 0, there exists a β∈ (0,x) such that ψ2(x) = 2x(ψ₁(β) – 1)
(D) f is an increasing function on the interval [0, √(3/2)]"
2021_2_English_Q54,"Which of the following statements is TRUE ?
(A) ψ₁(x) ≤ 1, for all x > 0
(B) ψ2(x) ≤ 0, for all x > 0
(C) f(x) ≥ 1 – e⁻ˣ² – (2/3)x³ + (2/5)x⁵, for all x ∈ (0, 1/2)
(D) g(x) ≤ (2/3)x³ - (2/5)x⁵ + (1/7)x⁷, for all x ∈ (0, 1/2)"
2021_2_English_Q55,"A number is chosen at random from the set {1, 2, 3, ..., 2000}. Let p be the probability that the chosen number is a multiple of 3 or a multiple of 7. Then the value of 500p is _______."
2021_2_English_Q56,"Let E be the ellipse x²/16 + y²/9 = 1. For any three distinct points P, Q and Q' on E, let M(P, Q) be the mid-point of the line segment joining P and Q, and M(P, Q') be the mid-point of the line segment joining P and Q'. Then the maximum possible value of the distance between M(P, Q) and M(P, Q'), as P, Q and Q' vary on E, is _______."
2021_2_English_Q57,"For any real number x, let [x] denote the largest integer less than or equal to x. If I = ∫₀¹⁰ [10x/(x+1)] dx, then the value of 9I is _______."
2022_1_English_Q01,"Considering only the principal values of the inverse trigonometric functions, the value of `(3/2)cos⁻¹(2/(2+π²)) + (1/4)sin⁻¹(2√2π/(2+π²)) + tan⁻¹(√2/π)` is"
2022_1_English_Q02,"Let a be a positive real number. Let `f: R → R` and `g: (a, ∞) → R` be the functions defined by `f(x) = sin(πx/12)` and `g(x) = (2 log_e(√x - √a))/(log_e(e√x - e√a))`. Then the value of `lim_{x→a+} f(g(x))` is"
2022_1_English_Q03,"In a study about a pandemic, data of 900 persons was collected. It was found that 190 persons had symptom of fever, 220 persons had symptom of cough, 220 persons had symptom of breathing problem, 330 persons had symptom of fever or cough or both, 350 persons had symptom of cough or breathing problem or both, 340 persons had symptom of fever or breathing problem or both, 30 persons had all three symptoms (fever, cough and breathing problem). If a person is chosen randomly from these 900 persons, then the probability that the person has at most one symptom is"
2022_1_English_Q04,"Let z be a complex number with non-zero imaginary part. If `(2 + 3z + 4z²)/(2 - 3z + 4z²)` is a real number, then the value of `|z|²` is"
2022_1_English_Q05,"Let `z̄` denote the complex conjugate of a complex number z and let `i = √-1`. In the set of complex numbers, the number of distinct roots of the equation `z̄² - z² = i(z̄ + z²)` is"
2022_1_English_Q06,"Let `l₁, l₂, ..., l₁₀₀` be consecutive terms of an arithmetic progression with common difference `d₁`, and let `w₁, w₂, ..., w₁₀₀` be consecutive terms of another arithmetic progression with common difference `d₂`, where `d₁d₂ = 10`. For each `i = 1, 2, ..., 100`, let `Rᵢ` be a rectangle with length `lᵢ`, width `wᵢ` and area `Aᵢ`. If `A₅₁ – A₅₀ = 1000`, then the value of `A₁₀₀ - A₉₀` is"
2022_1_English_Q07,"The number of 4-digit integers in the closed interval `[2022, 4482]` formed by using the digits `0, 2, 3, 4, 6, 7` is"
2022_1_English_Q08,"Let ABC be the triangle with `AB = 1`, `AC = 3` and `∠BAC = π/2`. If a circle of radius `r > 0` touches the sides AB, AC and also touches internally the circumcircle of the triangle ABC, then the value of r is"
2022_1_English_Q09,"Consider the equation `∫_1^e ((log_e x)¹/²)/(x(a - (log_e x)³/²))² dx = 1`, `a ∈ (-∞, 0) U (1,∞)`. Which of the following statements is/are TRUE ? (A) No a satisfies the above equation (B) An integer a satisfies the above equation (C) An irrational number a satisfies the above equation (D) More than one a satisfy the above equation"
2022_1_English_Q10,"Let `a₁, a₂, a₃, ...` be an arithmetic progression with `a₁ = 7` and common difference 8. Let `T₁, T₂, T₃, ...` be such that `T₁ = 3` and `T_{n+1} - T_n = a_n` for `n ≥ 1`. Then, which of the following is/are TRUE? (A) `T₂₀ = 1604` (B) `Σ_{k=1}^{20} T_k = 10510` (C) `T₃₀ = 3454` (D) `Σ_{k=1}^{30} T_k = 35610`"
2022_1_English_Q11,"Let `P₁` and `P₂` be two planes given by `P₁: 10x + 15y + 12z – 60 = 0`, `P₂: -2x + 5y + 4z – 20 = 0`. Which of the following straight lines can be an edge of some tetrahedron whose two faces lie on `P₁` and `P₂` ? (A) `(x-1)/0 = (y-1)/0 = (z-1)/5` (B) `(x-6)/-5 = y/2 = z/3` (C) `x/-2 = (y-4)/5 = z/4` (D) `x/1 = (y-4)/-2 = z/3`"
2022_1_English_Q12,"Let S be the reflection of a point Q with respect to the plane given by `r⃗ = -(t + p)î + tĵ + (1 + p)k` where `t, p` are real parameters and `î, ĵ, k̂` are the unit vectors along the three positive coordinate axes. If the position vectors of Q and S are `10î + 15ĵ + 20k` and `αî + βĵ + γk` respectively, then which of the following is/are TRUE ? (A) `3(α + β) = -101` (B) `3(β + γ) = -71` (C) `3(γ + α) = -86` (D) `3(α + β + γ) = -121`"
2022_1_English_Q13,"Consider the parabola `y² = 4x`. Let S be the focus of the parabola. A pair of tangents drawn to the parabola from the point `P = (-2, 1)` meet the parabola at `P₁` and `P₂`. Let `Q₁` and `Q₂` be points on the lines `SP₁` and `SP₂` respectively such that `PQ₁` is perpendicular to `SP₁` and `PQ₂` is perpendicular to `SP₂`. Then, which of the following is/are TRUE ? (A) `SQ₁ = 2` (B) `Q₁Q₂ = 3√10/5` (C) `PQ₁ = 3` (D) `SQ₂ = 1`"
2022_1_English_Q14,"Let `|M|` denote the determinant of a square matrix M. Let `g: [0, π/2] → R` be the function defined by `g(θ) = √(|f(θ) - 1|) + √(f(π/2 - θ) - 1)` where `f(θ) = |(1, sin θ, 1), (-sin θ, 1, sin θ), (-1, -sin θ, 1)| + |(sin(π/2), cos(θ + π/4), tan(θ - π/4)), (sin(θ - π/4), -cos(π/2), log_e(π/4)), (cot(θ + π/4), log_e(π/4), tan(π/2))|`. Let `p(x)` be a quadratic polynomial whose roots are the maximum and minimum values of the function `g(θ)`, and `p(2) = 2 – √2`. Then, which of the following is/are TRUE ? (A) `p((3+√2)/4) < 0` (B) `p((1+3√2)/4) > 0` (C) `p((5-√2)/4) > 0` (D) `p((5-√2)/4) < 0`"
2022_1_English_Q15,"Consider the following lists: List-I (I) `{x ∈ [-π/3, 2π/5] : cos x + sin x = 1}` (II) `{x ∈ [-5π/18, 5π/18] : √3 tan 3x = 1}` (III) `{x ∈ [-6π/5, 6π/5] : 2 cos(2x) = √3}` (IV) `{x ∈ [-π/4, 7π/4] : sin x - cos x = 1}` List-II (P) has two elements (Q) has three elements (R) has four elements (S) has five elements (T) has six elements The correct option is: (A) (I) → (P); (II) → (S); (III) → (P); (IV) → (S) (B) (I) → (P); (II) → (P); (III) → (T); (IV) → (R) (C) (I) → (Q); (II) → (P); (III) → (T); (IV) → (S) (D) (I) → (Q); (II) → (S); (III) → (P); (IV) → (R)"
2022_1_English_Q16,"Two players, P₁ and P2, play a game against each other. In every round of the game, each player rolls a fair die once, where the six faces of the die have six distinct numbers. Let x and y denote the readings on the die rolled by P₁ and P2, respectively. If x > y, then P₁ scores 5 points and P2 scores 0 point. If x = y, then each player scores 2 points. If x < y, then P₁ scores 0 point and P2 scores 5 points. Let Xᵢ and Yᵢ be the total scores of P₁ and P2, respectively, after playing the iᵗʰ round. List-I (I) Probability of `(X₂ ≥ Y₂)` is (II) Probability of `(X₂ > Y₂)` is (III) Probability of `(X₃ = Y₃)` is (IV) Probability of `(X₃ > Y₃)` is List-II (P) `3/8` (Q) `11/16` (R) `5/16` (S) `355/864` (T) `77/432` The correct option is: (A) (I) → (Q); (II) → (R); (III) → (T); (IV) → (S) (B) (I) → (Q); (II) → (R); (III) → (T); (IV) → (T) (C) (I) → (P); (II) → (R); (III) → (Q); (IV) → (S) (D) (I) → (P); (II) → (R); (III) → (Q); (IV) → (T)"
2022_1_English_Q17,"Let p, q, r be nonzero real numbers that are, respectively, the 10ᵗʰ, 100ᵗʰ and 1000ᵗʰ terms of a harmonic progression. Consider the system of linear equations `x + y + z = 1`, `10x + 100y + 1000z = 0`, `qr x + pr y + pq z = 0`. List-I (I) If `p/r = 10`, then the system of linear equations has (II) If `p/r ≠ 100`, then the system of linear equations has (III) If `p/q ≠ 10`, then the system of linear equations has (IV) If `p/q = 10`, then the system of linear equations has List-II (P) `x = 0, y = 10/9, z = -1/9` as a solution (Q) `x = 1/9, y = -1/9, z = 0` as a solution (R) infinitely many solutions (S) no solution (T) at least one solution The correct option is: (A) (I) → (T); (II) → (R); (III) → (S); (IV) → (T) (B) (I) → (Q); (II) → (S); (III) → (S); (IV) → (R) (C) (I) → (Q); (II) → (R); (III) → (P); (IV) → (R) (D) (I) → (T); (II) → (S); (III) → (P); (IV) → (T)"
2022_1_English_Q18,"Consider the ellipse `x²/4 + y²/3 = 1`. Let `H(α, 0)`, `0 < α < 2`, be a point. A straight line drawn through H parallel to the y-axis crosses the ellipse and its auxiliary circle at points E and F respectively, in the first quadrant. The tangent to the ellipse at the point E intersects the positive x-axis at a point G. Suppose the straight line joining F and the origin makes an angle `φ` with the positive x-axis. List-I (I) If `φ = π/4`, then the area of the triangle FGH is (II) If `φ = π/3`, then the area of the triangle FGH is (III) If `φ = π/6`, then the area of the triangle FGH is (IV) If `φ = π/12`, then the area of the triangle FGH is List-II (P) `(√3-1)⁴/8` (Q) `1` (R) `3/4` (S) `1/(2√3)` (T) `3√3/2` The correct option is: (A) (I) → (R); (II) → (S); (III) → (Q); (IV) → (P) (B) (I) → (R); (II) → (T); (III) → (S); (IV) → (P) (C) (I) → (Q); (II) → (T); (III) → (S); (IV) → (P) (D) (I) → (Q); (II) → (S); (III) → (Q); (IV) → (P)"
2022_1_English_Q19,"Two spherical stars A and B have densities `ρ_A` and `ρ_B`, respectively. A and B have the same radius, and their masses `M_A` and `M_B` are related by `M_B = 2M_A`. Due to an interaction process, star A loses some of its mass, so that its radius is halved, while its spherical shape is retained, and its density remains `ρ_A`. The entire mass lost by A is deposited as a thick spherical shell on B with the density of the shell being `ρ_A`. If `V_A` and `V_B` are the escape velocities from A and B after the interaction process, the ratio `V_B / V_A = 10η / 15¹/³`. The value of `η` is"
2022_1_English_Q20,"The minimum kinetic energy needed by an alpha particle to cause the nuclear reaction `¹⁹N + ⁴He → ¹H + ¹³O` in a laboratory frame is `n` (in MeV). Assume that `¹⁹N` is at rest in the laboratory frame. The masses of `¹⁹N, ⁴He, ¹H` and `¹³O` can be taken to be `16.006 u, 4.003 u, 1.008 u` and `19.003 u`, respectively, where `1 u = 930 MeVc⁻²`. The value of `n` is"
2022_1_English_Q21,"In the following circuit `C₁ = 12 μF, C₂ = C₃ = 4 μF` and `C₄ = C₅ = 2 μF`. The charge stored in `C₃` is `μC`."
2022_1_English_Q22,"A rod of length 2 cm makes an angle `2π/3` rad with the principal axis of a thin convex lens. The lens has a focal length of 10 cm and is placed at a distance of `40/3` cm from the object as shown in the figure. The height of the image is `30√3/13` cm and the angle made by it with respect to the principal axis is `α` rad. The value of `α/π` is `n`, where `n` is"
2022_1_English_Q23,"At time `t = 0`, a disk of radius 1 m starts to roll without slipping on a horizontal plane with an angular acceleration of `α = 3/2` rad `s⁻²`. A small stone is stuck to the disk. At `t = 0`, it is at the contact point of the disk and the plane. Later, at time `t = √π` s, the stone detaches itself and flies off tangentially from the disk. The maximum height (in m) reached by the stone measured from the plane is `π/2 + x/10`. The value of x is `[Take g = 10 m s⁻².]`"
2022_1_English_Q24,"A solid sphere of mass 1 kg and radius 1 m rolls without slipping on a fixed inclined plane with an angle of inclination `θ = 30°` from the horizontal. Two forces of magnitude 1 N each, parallel to the incline, act on the sphere, both at distance `r = 0.5 m` from the center of the sphere, as shown in the figure. The acceleration of the sphere down the plane is `ms⁻²`. (Take `g = 10 m s⁻²`.)"
2022_1_English_Q25,"Consider an LC circuit, with inductance `L = 0.1 H` and capacitance `C = 10⁻³ F`, kept on a plane. The area of the circuit is `1 m²`. It is placed in a constant magnetic field of strength `B₀` which is perpendicular to the plane of the circuit. At time `t = 0`, the magnetic field strength starts increasing linearly as `B = B₀ + βt` with `β = 0.04 Ts⁻¹`. The maximum magnitude of the current in the circuit is `mA`."
2022_1_English_Q26,"A projectile is fired from horizontal ground with speed `v` and projection angle `θ`. When the acceleration due to gravity is `g`, the range of the projectile is `d`. If at the highest point in its trajectory, the projectile enters a different region where the effective acceleration due to gravity is `g' = g/0.81`, then the new range is `d' = nd`. The value of `n` is"
2022_1_English_Q27,"A medium having dielectric constant `K > 1` fills the space between the plates of a parallel plate capacitor. The plates have large area, and the distance between them is `d`. The capacitor is connected to a battery of voltage `V`, as shown in Figure (a). Now, both the plates are moved by a distance of `d/2` from their original positions, as shown in Figure (b). In the process of going from the configuration depicted in Figure (a) to that in Figure (b), which of the following statement(s) is(are) correct? (A) The electric field inside the dielectric material is reduced by a factor of 2K. (B) The capacitance is decreased by a factor of `1/(K+1)`. (C) The voltage between the capacitor plates is increased by a factor of `(K + 1)`. (D) The work done in the process DOES NOT depend on the presence of the dielectric material."
2022_1_English_Q28,"The figure shows a circuit having eight resistances of `1 Ω` each, labelled `R₁` to `R₈`, and two ideal batteries with voltages `ε₁ = 12 V` and `ε₂ = 6 V`. Which of the following statement(s) is(are) correct? (A) The magnitude of current flowing through `R₁` is 7.2 A. (B) The magnitude of current flowing through `R₂` is 1.2 A. (C) The magnitude of current flowing through `R₃` is 4.8 A. (D) The magnitude of current flowing through `R₅` is 2.4 A."
2022_1_English_Q29,"An ideal gas of density `ρ = 0.2 kg m⁻³` enters a chimney of height `h` at the rate of `α = 0.8 kg s⁻¹` from its lower end, and escapes through the upper end as shown in the figure. The cross-sectional area of the lower end is `A₁ = 0.1 m²` and the upper end is `A₂ = 0.4 m²`. The pressure and the temperature of the gas at the lower end are 600 Pa and 300 K, respectively, while its temperature at the upper end is 150 K. The chimney is heat insulated so that the gas undergoes adiabatic expansion. Take `g = 10 m s⁻²` and the ratio of specific heats of the gas `γ = 2`. Ignore atmospheric pressure. Which of the following statement(s) is (are) correct? (A) The pressure of the gas at the upper end of the chimney is 300 Pa. (B) The velocity of the gas at the lower end of the chimney is 40 m `s⁻¹` and at the upper end is 20 m `s⁻¹`. (C) The height of the chimney is 590 m. (D) The density of the gas at the upper end is `0.05 kg m⁻³`."
2022_1_English_Q30,"Three plane mirrors form an equilateral triangle with each side of length `L`. There is a small hole at a distance `l > 0` from one of the corners as shown in the figure. A ray of light is passed through the hole at an angle `θ` and can only come out through the same hole. The cross section of the mirror configuration and the ray of light lie on the same plane. Which of the following statement(s) is (are) correct? (A) The ray of light will come out for `θ = 30°`, for `0 < l < L`. (B) There is an angle for `l = L/2` at which the ray of light will come out after two reflections. (C) The ray of light will NEVER come out for `θ = 60°`, and `l = L/2`. (D) The ray of light will come out for `θ = 60°`, and `0 < l < L/2` after six reflections."
2022_1_English_Q31,"Six charges are placed around a regular hexagon of side length `a` as shown in the figure. Five of them have charge `q`, and the remaining one has charge `x`. The perpendicular from each charge to the nearest hexagon side passes through the center O of the hexagon and is bisected by the side. Which of the following statement(s) is(are) correct in SI units? (A) When `x = q`, the magnitude of the electric field at O is zero. (B) When `x = -q`, the magnitude of the electric field at O is `q/(6πε₀a²)`. (C) When `x = 2q`, the potential at O is `7q/(4√3πε₀a)`. (D) When `x = -3q`, the potential at O is `3q/(4√3πε₀a)`."
2022_1_English_Q32,The binding energy of nucleons in a nucleus can be affected by the pairwise Coulomb repulsion. Assume that all nucleons are uniformly distributed inside the nucleus. Let the binding energy of a proton be `Eₚ` and the binding energy of a neutron be `Eₙ` in the nucleus. Which of the following statement(s) is (are) correct? (A) `Eₚ – Eₙ` is proportional to `Z(Z – 1)` where Z is the atomic number of the nucleus. (B) `Eₚ – Eₙ` is proportional to `A⁻¹/³` where A is the mass number of the nucleus. (C) `Eₚ – Eₙ` is positive. (D) `E_b` increases if the nucleus undergoes a beta decay emitting a positron.
2022_1_English_Q33,"A small circular loop of area A and resistance R is fixed on a horizontal xy-plane with the center of the loop always on the axis `ẑ` of a long solenoid. The solenoid has `m` turns per unit length and carries current `I` counterclockwise as shown in the figure. The magnetic field due to the solenoid is in `n̂` direction. List-I gives time dependences of `n̂` in terms of a constant angular frequency `ω`. List-II gives the torques experienced by the circular loop at time `t = π/6ω`. Let `α = (A²μ₀²m²I²ω)/(2R)`. List-I (I) `(1/√2)(sin ωt î + cos ωt k̂)` (II) `(1/√2)(sin ωt î + cos ωt ĵ)` (III) `(1/√2)(sin ωt î + cos ωt k̂)` (IV) `(1/√2)(cos ωt î + sin ωt k̂)` List-II (P) `0` (Q) `-α/4 ĵ` (R) `3α/4 ĵ` (S) `-α/4 î` (T) `-3α/4 î` Which one of the following options is correct? (A) I→ Q, II→P, III→S, IV→T (B) I→ S, II→T, III→Q, IV→P (C) I→ Q, II→P, III→S, IV→R (D) I→ T, II→Q, III→P, IV→R"
2022_1_English_Q34,"List I describes four systems, each with two particles A and B in relative motion as shown in figures. List II gives possible magnitudes of their relative velocities (in `m s⁻¹`) at time `t = π/2` s. List-I (I) A and B are moving on a horizontal circle of radius 1 m with uniform angular speed `ω = 1 rad s⁻¹`. The initial angular positions of A and B at time `t = 0` are `θ = 0` and `θ = π/2`, respectively. (II) Projectiles A and B are fired (in the same vertical plane) at `t = 0` and `t = 0.1 s` respectively, with the same speed `v = 5π/√2 m s⁻¹` and at `45°` from the horizontal plane. The initial separation between A and B is large enough so that they do not collide. (`g = 10 m s⁻²`). (III) Two harmonic oscillators A and B moving in the x direction according to `x_A = x₀ sin(t/t₀)` and `x_B = x₀ sin(t/t₀ + π/2)` respectively, starting from `t = 0`. Take `x₀ = 1 m, t₀ = 1 s`. (IV) Particle A is rotating in a horizontal circular path of radius 1 m on the xy plane, with constant angular speed `ω = 1 rad s⁻¹`. Particle B is moving up at a constant speed `3 m s⁻¹` in the vertical direction as shown in the figure. (Ignore gravity.) List-II (P) `(√3+1)/2` (Q) `(√3-1)/√2` (R) `√10` (S) `√2` (T) `√(25π² + 1)` Which one of the following options is correct? (A) I → R, II → T, III → P, IV → S (B) I → S, II → P, III → Q, IV → R (C) I → S, II → T, III → P, IV → R (D) I → T, II → P, III → R, IV → S"
2022_1_English_Q35,"List I describes thermodynamic processes in four different systems. List II gives the magnitudes (either exactly or as a close approximation) of possible changes in the internal energy of the system due to the process. List-I (I) `10⁻³ kg` of water at `100°C` is converted to steam at the same temperature, at a pressure of `10⁵ Pa`. The volume of the system changes from `10⁻⁶ m³` to `10⁻³ m³` in the process. Latent heat of water = `2250 kJ/kg`. (II) 0.2 moles of a rigid diatomic ideal gas with volume `V` at temperature `500 K` undergoes an isobaric expansion to volume `3 V`. Assume `R = 8.0 J mol⁻¹K⁻¹`. (III) One mole of a monatomic ideal gas is compressed adiabatically from volume `1/3 m³` and pressure `2 kPa` to volume `V/8`. (IV) Three moles of a diatomic ideal gas whose molecules can vibrate, is given `9 kJ` of heat and undergoes isobaric expansion. List-II (P) `2 kJ` (Q) `7 kJ` (R) `4 kJ` (S) `5 kJ` (T) `3 kJ` Which one of the following options is correct? (A) I → T, II → R, III → S, IV → Q, (B) I → S, II → P, III → T, IV → P, (C) I → P, II → R, III → T, IV → Q. (D) I → Q, II → R, III → S, IV → T,"
2022_1_English_Q36,"List I contains four combinations of two lenses (1 and 2) whose focal lengths (in cm) are indicated in the figures. In all cases, the object is placed 20 cm from the first lens on the left, and the distance between the two lenses is 5 cm. List II contains the positions of the final images. List-I (I) `f = +10, +15` (II) `f = +10, -10` (III) `f = +10, -20` (IV) `f = -20, +10` List-II (P) Final image is formed at 7.5 cm on the right side of lens 2. (Q) Final image is formed at 60.0 cm on the right side of lens 2. (R) Final image is formed at 30.0 cm on the left side of lens 2. (S) Final image is formed at 6.0 cm on the right side of lens 2. (T) Final image is formed at 30.0 cm on the right side of lens 2. Which one of the following options is correct? (A) (I) → (R); (II) → (S); (III) → (Q); (IV) → (P) (B) (I) → (R); (II) → (T); (III) → (S); (IV) → (P) (C) (I) → (Q); (II) → (T); (III) → (S); (IV) → (P) (D) (I) → (Q); (II) → (S); (III) → (Q); (IV) → (P)"
2022_1_English_Q37,"`2 mol` of `Hg(g)` is combusted in a fixed volume bomb calorimeter with excess of `O₂` at `298 K` and `1 atm` into `HgO(s)`. During the reaction, temperature increases from `298.0 K` to `312.8 K`. If heat capacity of the bomb calorimeter and enthalpy of formation of `Hg(g)` are `20.00 kJ K⁻¹` and `61.32 kJ mol⁻¹` at `298 K`, respectively, the calculated standard molar enthalpy of formation of `HgO(s)` at `298 K` is `X kJ mol⁻¹`. The value of `|X|` is `[Given: Gas constant R = 8.3 J K⁻¹ mol⁻¹]`"
2022_1_English_Q38,"The reduction potential (`E°`, in V) of `MnO₄⁻(aq)/Mn(s)` is `[Given: E°(MnO₄⁻(aq)/MnO₂(s)) = 1.68 V; E°(MnO₂(s)/Mn²⁺(aq)) = 1.21 V; E°(Mn²⁺(aq)/Mn(s)) = -1.03 V]`"
2022_1_English_Q39,"A solution is prepared by mixing `0.01 mol` each of `H₂CO₃`, `NaHCO₃`, `Na₂CO₃`, and `NaOH` in `100 mL` of water. pH of the resulting solution is `[Given: pK_{a1}` and `pK_{a2}` of `H₂CO₃` are `6.37` and `10.32`, respectively; `log 2 = 0.30]`"
2022_1_English_Q40,"The treatment of an aqueous solution of `3.74 g` of `Cu(NO₃)₂` with excess KI results in a brown solution along with the formation of a precipitate. Passing `H₂S` through this brown solution gives another precipitate X. The amount of X (in g) is `[Given: Atomic mass of H = 1, N = 14, O = 16, S = 32, K = 39, Cu = 63, I = 127]`"
2022_1_English_Q41,"Dissolving `1.24 g` of white phosphorous in boiling `NaOH` solution in an inert atmosphere gives a gas Q. The amount of `CuSO₄` (in g) required to completely consume the gas Q is `[Given: Atomic mass of H = 1, O = 16, Na = 23, P = 31, S = 32, Cu = 63]`"
2022_1_English_Q42,"Consider the following reaction. On estimation of bromine in `1.00 g` of R using Carius method, the amount of AgBr formed (in g) is `[Given: Atomic mass of H = 1, C = 12, O = 16, P = 31, Br = 80, Ag = 108]`"
2022_1_English_Q43,"The weight percentage of hydrogen in Q, formed in the following reaction sequence, is `[Given: Atomic mass of H = 1, C = 12, N = 14, O = 16, S = 32, Cl = 35]`"
2022_1_English_Q44,"If the reaction sequence given below is carried out with `15 moles` of acetylene, the amount of the product D formed (in g) is `[Given: Atomic mass of H = 1, C = 12, O = 16, Cl = 35]`"
2022_1_English_Q45,"For diatomic molecules, the correct statement(s) about the molecular orbitals formed by the overlap of two `2p_z` orbitals is(are) (A) `σ` orbital has a total of two nodal planes. (B) `σ*` orbital has one node in the xz-plane containing the molecular axis. (C) `π` orbital has one node in the plane which is perpendicular to the molecular axis and goes through the center of the molecule. (D) `π*` orbital has one node in the xy-plane containing the molecular axis."
2022_1_English_Q46,The correct option(s) related to adsorption processes is(are) (A) Chemisorption results in a unimolecular layer. (B) The enthalpy change during physisorption is in the range of `100` to `140 kJ mol⁻¹`. (C) Chemisorption is an endothermic process. (D) Lowering the temperature favors physisorption processes.
2022_1_English_Q47,The electrochemical extraction of aluminum from bauxite ore involves (A) the reaction of `Al₂O₃` with coke (C) at a temperature `> 2500 °C`. (B) the neutralization of aluminate solution by passing `CO₂` gas to precipitate hydrated alumina (`Al₂O₃.3H₂O`). (C) the dissolution of `Al₂O₃` in hot aqueous `NaOH`. (D) the electrolysis of `Al₂O₃` mixed with `Na₃AlF₆` to give `Al` and `CO₂`.
2022_1_English_Q48,The treatment of galena with `HNO₃` produces a gas that is (A) paramagnetic (B) bent in geometry (C) an acidic oxide (D) colorless
2022_1_English_Q49,"Considering the reaction sequence given below, the correct statement(s) is(are) (A) P can be reduced to a primary alcohol using `NaBH₄`. (B) Treating P with conc. `NH₄OH` solution followed by acidification gives Q. (C) Treating Q with a solution of `NaNO₂` in aq. `HCl` liberates `N₂`. (D) P is more acidic than `CH₃CH₂COOH`."
2022_1_English_Q50,"Considering the following reaction sequence, `H₃C-C₆H₄-NO₂ --P--> Q --R--> S --H₂O--> T`, and `S --U--> C₆H₄-COOH`. The correct option(s) is(are) (A) `P = H₂/Pd`, ethanol; `R = NaNO₂/HCl`; `U = 1. H₃PO₂; 2. KMnO₄ - KOH, heat` (B) `P = Sn/HCl`; `R = HNO₂`; `S = H₃C-C₆H₄-N₂⁺Cl⁻` (C) `S = H₃C-C₆H₄-N₂⁺Cl⁻`; `T = H₃C-C₆H₄-OH`; `U = 1. CH₃CH₂OH; 2. KMnO₄ - KOH, heat` (D) `Q = HOOC-C₆H₄-NO₂`; `R = H₂/Pd`, ethanol; `T = H₃C-C₆H₄-OH`"
2022_1_English_Q51,Match the rate expressions in LIST-I for the decomposition of X with the corresponding profiles provided in LIST-II. `X_s` and `k` are constants having appropriate units. LIST-I (I) `rate = k[X]/(X_s + [X])` under all possible initial concentrations of X (II) `rate = k[X]/(X_s + [X])` where initial concentrations of X are much less than `X_s` (III) `rate = k[X]/(X_s + [X])` where initial concentrations of X are much higher than `X_s` (IV) `rate = k[X]²/(X_s + [X])` where initial concentration of X is much higher than `X_s` LIST-II (P) `half life (t1/2)` vs `initial concentration of X` (curve increases then saturates) (Q) `half life (t1/2)` vs `initial concentration of X` (straight line with negative slope) (R) `rate` vs `initial concentration of X` (curve increases then saturates) (S) `[X]` vs `time` (curve decreases logarithmically) (T) `ln[X]` vs `time` (straight line with negative slope) The correct option is: (A) I→ P; II→ Q; III → S; IV → T (B) I→ R; II→ S; III → S; IV → T (C) I→ P; II→ Q; III → Q; IV → R (D) I→ R; II→ S; III → Q; IV → R
2022_1_English_Q52,"LIST-I contains compounds and LIST-II contains reactions LIST-I (I) `H₂O₂` (II) `Mg(OH)₂` (III) `BaCl₂` (IV) `CaCO₃` LIST-II (P) `Mg(HCO₃)₂ + Ca(OH)₂ →` (Q) `BaO₂ + H₂SO₄ →` (R) `Ca(OH)₂ + MgCl₂ →` (S) `BaO₂ + HCl →` (T) `Ca(HCO₃)₂ + Ca(OH)₂ →` Match each compound in LIST-I with its formation reaction(s) in LIST-II, and choose the correct option (A) I → Q; II → P; III → S; IV → R (B) I → T; II → P; III → Q; IV → R (C) I → T; II → R; III → Q; IV → P (D) I → Q; II → R; III → S; IV → P"
2022_1_English_Q53,"LIST-I contains metal species and LIST-II contains their properties. LIST-I (I) `[Cr(CN)₆]⁴⁻` (II) `[RuCl₆]²⁻` (III) `[Cr(H₂O)₆]²⁺` (IV) `[Fe(H₂O)₆]²⁺` LIST-II (P) `t_{2g}` orbitals contain 4 electrons (Q) `μ(spin-only) = 4.9 BM` (R) low spin complex ion (S) metal ion in 4+ oxidation state (T) `d⁴` species `[Given: Atomic number of Cr = 24, Ru = 44, Fe = 26]` Match each metal species in LIST-I with their properties in LIST-II, and choose the correct option (A) I → R, T; II → P, S; III → Q, T; IV → P, Q (B) I → R, S; II → P, T; III → P, Q; IV → Q, T (C) I → P, R; II → R, S; III → R, T; IV → P, T (D) I → Q, T; II → S, T; III → P, T; IV → Q, R"
2022_1_English_Q54,"Match the compounds in LIST-I with the observations in LIST-II, and choose the correct option. LIST-I (I) Aniline (II) o-Cresol (III) Cysteine (IV) Caprolactam LIST-II (P) Sodium fusion extract of the compound on boiling with `FeSO₄`, followed by acidification with conc. `H₂SO₄`, gives Prussian blue color. (Q) Sodium fusion extract of the compound on treatment with sodium nitroprusside gives blood red color. (R) Addition of the compound to a saturated solution of `NaHCO₃` results in effervescence. (S) The compound reacts with bromine water to give a white precipitate. (T) Treating the compound with neutral `FeCl₃` solution produces violet color. (A) I→P,Q; II→S; III→Q,R; IV→P (B) I→P; II→R,S; III→R; IV→Q,S (C) I→Q,S; II→P,T; III→P; IV→S (D) I→P,S; II→T; III→Q,R; IV→P"
2022_2_English_Q01,"Let α and β be real numbers such that -π/2 < β < 0 < α < π/2. If sin(α + β) = 1/3 and cos(α – β) = 2/3, then the greatest integer less than or equal to (sin α cos β / cos β sin α) + (cos α sin β / sin β cos α) is ______."
2022_2_English_Q02,"If y(x) is the solution of the differential equation xdy – (y² – 4y)dx = 0 for x > 0, y(1) = 2, and the slope of the curve y = y(x) is never zero, then the value of 10 y(√2) is ______."
2022_2_English_Q03,The greatest integer less than or equal to ∫₁² log₂(x³ + 1) dx + ∫₁^log₂ 9 (2x - 1)³ dx is ______.
2022_2_English_Q04,The product of all positive real values of x satisfying the equation x^(16(log₅ x)³⁻⁶⁸ log₅ x) = 5⁻¹⁶ is ______.
2022_2_English_Q05,"If β = lim (ex³ - (1 - x³)¹/² + ((1 − x²)¹/² – 1) sin x) / (x sin² x) as x→0, then the value of 6β is ______."
2022_2_English_Q06,"Let β be a real number. Consider the matrix A = [β 0 1; 2 1 -2; 3 1 -2]. If A⁷ – (β – 1)A⁶ – βA⁵ is a singular matrix, then the value of 9β is ______."
2022_2_English_Q07,"Consider the hyperbola x²/100 - y²/64 = 1 with foci at S and S₁, where S lies on the positive x-axis. Let P be a point on the hyperbola, in the first quadrant. Let ∠SPS₁ = α, with α < π/2. The straight line passing through the point S and having the same slope as that of the tangent at P to the hyperbola, intersects the straight line S₁P at P₁. Let δ be the distance of P from the straight line SP₁, and β = S₁P. Then the greatest integer less than or equal to (δ/β) sin (α/2) is ______."
2022_2_English_Q08,"Consider the functions f, g: R→R defined by f(x) = x² + 5/12 and g(x) = { 2(1 - |4x|/3), |x| ≤ 3/4; 0, |x| > 3/4 }. If α is the area of the region {(x,y) ∈ R × R : |x| ≤ 3/4, 0 ≤ y ≤ min{f(x),g(x)}}, then the value of 9α is ______."
2022_2_English_Q09,"Let PQRS be a quadrilateral in a plane, where QR = 1, ∠PQR = ∠QRS = 70°, ∠PQS = 15° and ∠PRS = 40°. If ∠RPS = θ°, PQ = α and PS = β, then the interval(s) that contain(s) the value of 4 α β sin θ° is/are (A) (0, √2) (B) (1, 2) (C) (√2, 3) (D) (2√2, 3√2)"
2022_2_English_Q10,"Let α = Σ[k=1 to ∞] sin²ᵏ (π/6). Let g: [0,1] → R be the function defined by g(x) = 2ˣ + 2ᵅ⁽¹⁻ˣ⁾. Then, which of the following statements is/are TRUE ? (A) The minimum value of g(x) is 2⁶/⁷ (B) The maximum value of g(x) is 1 + 2^(1/4) (C) The function g(x) attains its maximum at more than one point (D) The function g(x) attains its minimum at more than one point"
2022_2_English_Q11,"Let z denote the complex conjugate of a complex number z. If z is a non-zero complex number for which both real and imaginary parts of (z̅)² + 1/z² are integers, then which of the following is/are possible value(s) of |z| ? (A) (43 + 3√205 / 4)^(1/4) (B) (7 + √33 / 4)^(1/4) (C) (9 + √65 / 4)^(1/4) (D) (7 + √13 / 6)^(1/4)"
2022_2_English_Q12,"Let G be a circle of radius R > 0. Let G₁, G₂, ..., Gₙ be n circles of equal radius r > 0. Suppose each of the n circles G₁, G₂, ..., Gₙ touches the circle G externally. Also, for i = 1, 2, ..., n – 1, the circle Gᵢ touches Gᵢ₊₁ externally, and Gₙ touches G₁ externally. Then, which of the following statements is/are TRUE ? (A) If n = 4, then (√2 – 1)r < R (B) If n = 5, then r < R (C) If n = 8, then (√2 – 1) r < R (D) If n = 12, then √2 (√3 + 1) r > R"
2022_2_English_Q13,"Let î, ĵ and k̂ be the unit vectors along the three positive coordinate axes. Let a⃗ = 3î + ĵ − k̂, b⃗ = î + b₂ĵ + b₃k̂, c⃗ = c₁î + c₂ĵ + c₃k̂, be three vectors such that b₂b₃ > 0, a⃗ · b⃗ = 0 and [0 -c₃ c₂; c₃ 0 -c₁; -c₂ c₁ 0] [1; b₂; b₃] = [3-c₁; 1-c₂; -1-c₃]. Then, which of the following is/are TRUE ? (A) a⃗ · c⃗ = 0 (B) b⃗ · c⃗ = 0 (C) |a⃗| > √10 (D) |c⃗| ≤ √11"
2022_2_English_Q14,"For x ∈ R, let the function y(x) be the solution of the differential equation dy/dx + 12y = cos(π/12 x), y(0) = 0. Then, which of the following statements is/are TRUE ? (A) y(x) is an increasing function (B) y(x) is a decreasing function (C) There exists a real number β such that the line y = β intersects the curve y = y(x) at infinitely many points (D) y(x) is a periodic function"
2022_2_English_Q15,"Consider 4 boxes, where each box contains 3 red balls and 2 blue balls. Assume that all 20 balls are distinct. In how many different ways can 10 balls be chosen from these 4 boxes so that from each box at least one red ball and one blue ball are chosen ? (A) 21816 (B) 85536 (C) 12096 (D) 156816"
2022_2_English_Q16,"If M = [3/2 1/2; -1/2 5/2], then which of the following matrices is equal to M²⁰²² ? (A) [3033 3033; -3033 -3032] (B) [3034 -3033; 3033 -3032] (C) [3033 3032; -3032 -3031] (D) [3032 3031; -3031 -3030]"
2022_2_English_Q17,"Suppose that Box-I contains 8 red, 3 blue and 5 green balls, Box-II contains 24 red, 9 blue and 15 green balls, Box-III contains 1 blue, 12 green and 3 yellow balls, Box-IV contains 10 green, 16 orange and 6 white balls. A ball is chosen randomly from Box-I; call this ball b. If b is red then a ball is chosen randomly from Box-II, if b is blue then a ball is chosen randomly from Box-III, and if b is green then a ball is chosen randomly from Box-IV. The conditional probability of the event ‘one of the chosen balls is white' given that the event ‘at least one of the chosen balls is green' has happened, is equal to (A) 15/256 (B) 3/16 (C) 5/52 (D) 1/8"
2022_2_English_Q18,"For positive integer n, define f(n) = n + (16+5n-3n²)/(4n+3n²) + (32+n-3n²)/(8n+3n²) + (48-3n-3n²)/(12n+3n²) + ... + (25n-7n²)/(7n²). Then, the value of lim f(n) as n→∞ is equal to (A) 3 + 4/3 logₑ 7 (B) 4 - 3/4 logₑ (7/3) (C) 4 - 3/4 logₑ (7/3) (D) 3 + 4/3 logₑ 7"
2022_2_English_Q19,"A particle of mass 1 kg is subjected to a force which depends on the position as F⃗ = -k(x î + y ĵ) kg m s⁻² with k = 1 kg s⁻². At time t = 0, the particle's position r⃗ = (î + √2 ĵ) m and its velocity v⃗ = (-√2î + √2ĵ + 2k̂) m s⁻¹. Let vx and vy denote the x and the y components of the particle's velocity, respectively. Ignore gravity. When z = 0.5 m, the value of (x vy – y vx) is ______ m²s⁻¹."
2022_2_English_Q20,"In a radioactive decay chain reaction, ²³⁰₉₀Th nucleus decays into ²¹⁴₈₄Po nucleus. The ratio of the number of α to number of β⁻ particles emitted in this process is ______."
2022_2_English_Q21,"Two resistances R₁ = X Ω and R₂ = 1 Ω are connected to a wire AB of uniform resistivity, as shown in the figure. The radius of the wire varies linearly along its axis from 0.2 mm at A to 1 mm at B. A galvanometer (G) connected to the center of the wire, 50 cm from each end along its axis, shows zero deflection when A and B are connected to a battery. The value of X is ______."
2022_2_English_Q22,"In a particular system of units, a physical quantity can be expressed in terms of the electric charge e, electron mass mₑ, Planck's constant h, and Coulomb's constant k = 1/(4πε₀), where ε₀ is the permittivity of vacuum. In terms of these physical constants, the dimension of the magnetic field is [B] = [e]ᵅ [mₑ]ᵝ [h]ᵞ [k]ᵟ. The value of α + β + γ + δ is ______."
2022_2_English_Q23,"Consider a configuration of n identical units, each consisting of three layers. The first layer is a column of air of height h = √3/2 cm, and the second and third layers are of equal thickness d = (√3-1)/2 cm, and refractive indices μ₁ = √3/2 and μ₂ = √3, respectively. A light source O is placed on the top of the first unit, as shown in the figure. A ray of light from O is incident on the second layer of the first unit at an angle of θ = 60° to the normal. For a specific value of n, the ray of light emerges from the bottom of the configuration at a distance l = 3√3/8 cm, as shown in the figure. The value of n is ______."
2022_2_English_Q24,"A charge q is surrounded by a closed surface consisting of an inverted cone of height h and base radius R, and a hemisphere of radius R as shown in the figure. The electric flux through the conical surface is q/(n ε₀) (in SI units). The value of n is ______."
2022_2_English_Q25,"On a frictionless horizontal plane, a bob of mass m = 0.1 kg is attached to a spring with natural length l₀ = 0.1 m. The spring constant is k₁ = 0.009 Nm⁻¹ when the length of the spring l > l₀ and is k₂ = 0.016 Nm⁻¹ when l < l₀. Initially the bob is released from l = 0.15 m. Assume that Hooke's law remains valid throughout the motion. If the time period of the full oscillation is T = (η π)s, then the integer closest to η is ______."
2022_2_English_Q26,"An object and a concave mirror of focal length f = 10 cm both move along the principal axis of the mirror with constant speeds. The object moves with speed V₀ = 15 cm s⁻¹ towards the mirror with respect to a laboratory frame. The distance between the object and the mirror at a given moment is denoted by u. When u = 30 cm, the speed of the mirror Vₘ is such that the image is instantaneously at rest with respect to the laboratory frame, and the object forms a real image. The magnitude of Vₘ is ______ cm s⁻¹."
2022_2_English_Q27,"In the figure, the inner (shaded) region A represents a sphere of radius rₐ = 1, within which the electrostatic charge density varies with the radial distance r from the center as ρₐ = kr, where k is positive. In the spherical shell B of outer radius r_B, the electrostatic charge density varies as ρ_B = 2k/r. Assume that dimensions are taken care of. All physical quantities are in their SI units. Which of the following statement(s) is(are) correct? (A) If r_B = 3/2, then the electric field is zero everywhere outside B. (B) If r_B = 5/2, then the electric potential just outside B is k/ε₀. (C) If r_B = 5/2, then the total charge of the configuration is 15πk. (D) If r_B = 3/2, then the magnitude of the electric field just outside B is 13πk / (4ε₀)."
2022_2_English_Q28,"In Circuit-1 and Circuit-2 shown in the figures, R₁ = 1 Ω, R₂ = 2 Ω and R₃ = 3 Ω. P₁ and P₂ are the power dissipations in Circuit-1 and Circuit-2 when the switches S₁ and S₂ are in open conditions, respectively. Q₁and Q₂ are the power dissipations in Circuit-1 and Circuit-2 when the switches S₁ and S₂ are in closed conditions, respectively. Which of the following statement(s) is(are) correct? (A) When a voltage source of 6 V is connected across A and B in both circuits, P₁ < P₂. (B) When a constant current source of 2 Amp is connected across A and B in both circuits, P₁ > P₂. (C) When a voltage source of 6 V is connected across A and B in Circuit-1, Q₁ > P₁. (D) When a constant current source of 2 Amp is connected across A and B in both circuits, Q₂ < Q₁."
2022_2_English_Q29,"A bubble has surface tension S. The ideal gas inside the bubble has ratio of specific heats γ = 5/3. The bubble is exposed to the atmosphere and it always retains its spherical shape. When the atmospheric pressure is Pₐ₁, the radius of the bubble is found to be r₁ and the temperature of the enclosed gas is T₁. When the atmospheric pressure is Pₐ₂, the radius of the bubble and the temperature of the enclosed gas are r₂ and T₂, respectively. Which of the following statement(s) is(are) correct? (A) If the surface of the bubble is a perfect heat insulator, then (T₂/T₁)^5 = (Pₐ₂ + 2S/r₂)/(Pₐ₁ + 2S/r₁). (B) If the surface of the bubble is a perfect heat insulator, then the total internal energy of the bubble including its surface energy does not change with the external atmospheric pressure. (C) If the surface of the bubble is a perfect heat conductor and the change in atmospheric temperature is negligible, then (r₂/r₁)³ = (Pₐ₂ + 4S/r₂)/(Pₐ₁ + 4S/r₁). (D) If the surface of the bubble is a perfect heat insulator, then (T₂/T₁)^(5/2) = (Pₐ₂ + 4S/r₂)/(Pₐ₁ + 4S/r₁)."
2022_2_English_Q30,"A disk of radius R with uniform positive charge density σ is placed on the xy plane with its center at the origin. The Coulomb potential along the z-axis is V(z) = σ/(2ε₀) (√(R² + z²) - z). A particle of positive charge q is placed initially at rest at a point on the z axis with z = z₀ and z₀ > 0. In addition to the Coulomb force, the particle experiences a vertical force F⃗ = -c k̂ with c > 0. Let β = ασ/(2cε₀). Which of the following statement(s) is(are) correct? (A) For β = 1/4 and z₀ = 25/7 R, the particle reaches the origin. (B) For β = 1/4 and z₀ = 3/7 R, the particle reaches the origin. (C) For β = 1/√3 and z₀ = 7/3 R, the particle returns back to z = z₀. (D) For β > 1 and z₀ > 0, the particle always reaches the origin."
2022_2_English_Q31,"A double slit setup is shown in the figure. One of the slits is in medium 2 of refractive index n₂. The other slit is at the interface of this medium with another medium 1 of refractive index n₁(≠ n₂). The line joining the slits is perpendicular to the interface and the distance between the slits is d. The slit widths are much smaller than d. A monochromatic parallel beam of light is incident on the slits from medium 1. A detector is placed in medium 2 at a large distance from the slits, and at an angle θ from the line joining them, so that θ equals the angle of refraction of the beam. Consider two approximately parallel rays from the slits received by the detector. Which of the following statement(s) is(are) correct? (A) The phase difference between the two rays is independent of d. (B) The two rays interfere constructively at the detector. (C) The phase difference between the two rays depends on n₁ but is independent of n₂. (D) The phase difference between the two rays vanishes only for certain values of d and the angle of incidence of the beam, with θ being the corresponding angle of refraction."
2022_2_English_Q32,"In the given P-V diagram, a monoatomic gas (γ = 5/3) is first compressed adiabatically from state A to state B. Then it expands isothermally from state B to state C. [Given: (1/3)⁰.⁶ ≈ 0.5, ln 2 ≈ 0.7]. Which of the following statement(s) is(are) correct? (A) The magnitude of the total work done in the process A → B → C is 144 kJ. (B) The magnitude of the work done in the process B → C is 84 kJ. (C) The magnitude of the work done in the process A → B is 60 kJ. (D) The magnitude of the work done in the process C → A is zero."
2022_2_English_Q33,"A flat surface of a thin uniform disk A of radius R is glued to a horizontal table. Another thin uniform disk B of mass M and with the same radius R rolls without slipping on the circumference of A, as shown in the figure. A flat surface of B also lies on the plane of the table. The center of mass of B has fixed angular speed ω about the vertical axis passing through the center of A. The angular momentum of B is nMwR² with respect to the center of A. Which of the following is the value of n? (A) 2 (B) 5 (C) 7/2 (D) 9/2)"
2022_2_English_Q34,"When light of a given wavelength is incident on a metallic surface, the minimum potential needed to stop the emitted photoelectrons is 6.0 V. This potential drops to 0.6 V if another source with wavelength four times that of the first one and intensity half of the first one is used. What are the wavelength of the first source and the work function of the metal, respectively? [Take hc/e = 1.24 x 10⁻⁶ J m C⁻¹.] (A) 1.72 x 10⁻⁷ m, 1.20 eV (B) 1.72 x 10⁻⁷ m, 5.60 eV (C) 3.78 x 10⁻⁷ m, 5.60 eV (D) 3.78 x 10⁻⁷ m, 1.20 eV"
2022_2_English_Q35,"Area of the cross-section of a wire is measured using a screw gauge. The pitch of the main scale is 0.5 mm. The circular scale has 100 divisions and for one full rotation of the circular scale, the main scale shifts by two divisions. The measured readings are listed below. Measurement condition: Two arms of gauge touching each other without wire, Main scale reading: 0 division, Circular scale reading: 4 divisions. Attempt-1: With wire, Main scale reading: 4 divisions, Circular scale reading: 20 divisions. Attempt-2: With wire, Main scale reading: 4 divisions, Circular scale reading: 16 divisions. What are the diameter and cross-sectional area of the wire measured using the screw gauge? (A) 2.22 ± 0.02 mm, π(1.23 ± 0.02)mm² (B) 2.22 ± 0.01 mm, π(1.23 ± 0.01)mm² (C) 2.14 ± 0.02 mm, π(1.14 ± 0.02)mm² (D) 2.14 ± 0.01 mm, π(1.14 ± 0.01)mm²"
2022_2_English_Q36,Which one of the following options represents the magnetic field B⃗ at O due to the current flowing in the given wire segments lying on the xy plane? (A) B⃗ = -μ₀I/(4πL) (1 + 1/(√2π)) k̂ (B) B⃗ = -μ₀I/(4πL) (1 + 1/(2√2π)) k̂ (C) B⃗ = -μ₀I/(4πL) (1 + 1/(√2)) k̂ (D) B⃗ = -μ₀I/(4πL) (1 + 1/(4π)) k̂
2022_2_English_Q37,"Concentration of H₂SO₄ and Na₂SO₄ in a solution is 1 M and 1.8 × 10⁻² M, respectively. Molar solubility of PbSO₄ in the same solution is X × 10⁻Y M (expressed in scientific notation). The value of Y is ______. [Given: Solubility product of PbSO₄ (K_sp) = 1.6 × 10⁻⁸. For H₂SO₄, K_a1 is very large and K_a2 = 1.2 × 10⁻²]"
2022_2_English_Q38,An aqueous solution is prepared by dissolving 0.1 mol of an ionic salt in 1.8 kg of water at 35 °C. The salt remains 90% dissociated in the solution. The vapour pressure of the solution is 59.724 mm of Hg. Vapor pressure of water at 35 °C is 60.000 mm of Hg. The number of ions present per formula unit of the ionic salt is ______.
2022_2_English_Q39,"Consider the strong electrolytes ZmXn, UmYp and VmXn. Limiting molar conductivity (Λ°) of UmYp and VmXn are 250 and 440 S cm² mol⁻¹, respectively. The value of (m + n + p) is ______. Given: Ion: Znⁿ⁺, Uᵖ⁺, Vⁿ⁺, Xᵐ⁻, Yᵐ⁻. Λ° (S cm² mol⁻¹): 50.0, 25.0, 100.0, 80.0, 100.0. Λ° is the limiting molar conductivity of ions. The plot of molar conductivity (Λ) of ZmXn vs c^(1/2) is given below. (Λ of ZmXn (S cm² mol⁻¹): 339, 336. c^(1/2) (mol L⁻¹)^(1/2): 0.01, 0.02, 0.03, 0.04)."
2022_2_English_Q40,The reaction of Xe and O₂F₂ gives a Xe compound P. The number of moles of HF produced by the complete hydrolysis of 1 mol of P is ______.
2022_2_English_Q41,Thermal decomposition of AgNO₃ produces two paramagnetic gases. The total number of electrons present in the antibonding molecular orbitals of the gas that has the higher number of unpaired electrons is ______.
2022_2_English_Q42,"The number of isomeric tetraenes (NOT containing sp-hybridized carbon atoms) that can be formed from the following reaction sequence is ______. (1. Na, liquid NH₃; 2. Br₂ (excess); 3. alc. KOH)"
2022_2_English_Q43,"The number of -CH₂- (methylene) groups in the product formed from the following reaction sequence is ______. (1. O₃, Zn/H₂O; 2. KMnO₄; 3. NaOH, electrolysis; 4. Cr₂O₃, 770 K, 20 atm)"
2022_2_English_Q44,"The total number of chiral molecules formed from one molecule of P on complete ozonolysis (O₃, Zn/H₂O) is ______."
2022_2_English_Q45,"To check the principle of multiple proportions, a series of pure binary compounds (PmQn) were analyzed and their composition is tabulated below. The correct option(s) is(are) Compound | Weight % of P | Weight % of Q ---|---|--- 1 | 50 | 50 2 | 44.4 | 55.6 3 | 40 | 60 (A) If empirical formula of compound 3 is P₃Q₄, then the empirical formula of compound 2 is P₃Q₅. (B) If empirical formula of compound 3 is P₃Q₂ and atomic weight of element P is 20, then the atomic weight of Q is 45. (C) If empirical formula of compound 2 is PQ, then the empirical formula of the compound 1 is P₅Q₄. (D) If atomic weight of P and Q are 70 and 35, respectively, then the empirical formula of compound 1 is P₂Q."
2022_2_English_Q46,"The correct option(s) about entropy (S) is(are) [R = gas constant, F = Faraday constant, T = Temperature] (A) For the reaction, M(s) + 2H⁺(aq) → H₂(g) + M²⁺(aq), if dE_cell/dT = R/F, then the entropy change of the reaction is R (assume that entropy and internal energy changes are temperature independent). (B) The cell reaction, Pt(s) | H₂(g, 1bar) | H⁺(aq, 0.01M) || H⁺(aq, 0.1M) | H₂(g, 1bar) | Pt(s), is an entropy driven process. (C) For racemization of an optically active compound, ΔS > 0. (D) ΔS > 0, for [Ni(H₂O)₆]²⁺ + 3 en → [Ni(en)₃]²⁺ + 6H₂O (where en = ethylenediamine)."
2022_2_English_Q47,The compound(s) which react(s) with NH₃ to give boron nitride (BN) is(are) (A) B (B) B₂H₆ (C) B₂O₃ (D) HBF₄
2022_2_English_Q48,The correct option(s) related to the extraction of iron from its ore in the blast furnace operating in the temperature range 900 – 1500 K is(are) (A) Limestone is used to remove silicate impurity. (B) Pig iron obtained from blast furnace contains about 4% carbon. (C) Coke (C) converts CO₂ to CO. (D) Exhaust gases consist of NO₂ and CO.
2022_2_English_Q49,"Considering the following reaction sequence, the correct statement(s) is(are) P (ketone) + Zn/Hg, HCl → Q (ketone), Q + SO₂Cl₂ + AlCl₃ → R (substituted benzene), a hydrocarbon + Zn/Hg, HCl + AlCl₃ → S (substituted benzene). (A) Compounds P and Q are carboxylic acids. (B) Compound S decolorizes bromine water. (C) Compounds P and S react with hydroxylamine to give the corresponding oximes. (D) Compound R reacts with dialkylcadmium to give the corresponding tertiary alcohol."
2022_2_English_Q50,"Among the following, the correct statement(s) about polymers is(are) (A) The polymerization of chloroprene gives natural rubber. (B) Teflon is prepared from tetrafluoroethene by heating it with persulphate catalyst at high pressures. (C) PVC are thermoplastic polymers. (D) Ethene at 350-570 K temperature and 1000-2000 atm pressure in the presence of a peroxide initiator yields high density polythene."
2022_2_English_Q51,Atom X occupies the fcc lattice sites as well as alternate tetrahedral voids of the same lattice. The packing efficiency (in %) of the resultant solid is closest to (A) 25 (B) 35 (C) 55 (D) 75
2022_2_English_Q52,"The reaction of HClO₃ with HCl gives a paramagnetic gas, which upon reaction with O₃ produces (A) Cl₂O (B) ClO₂ (C) Cl₂O₆ (D) Cl₂O₇"
2022_2_English_Q53,The reaction of Pb(NO₃)₂ and NaCl in water produces a precipitate that dissolves upon the addition of HCl of appropriate concentration. The dissolution of the precipitate is due to the formation of (A) PbCl₂ (B) PbCl₄ (C) [PbCl₄]²⁻ (D) [PbCl]²⁻
2022_2_English_Q54,"Treatment of D-glucose with aqueous NaOH results in a mixture of monosaccharides, which are (A) CHO(HO-H)(H-OH)(HO-H)(H-OH)CH₂OH , CHO(H-OH)(H-OH)(HO-H)(H-OH)CH₂OH and CHO(H-OH)(HO-H)(H-OH)(H-OH)CH₂OH (B) CH₂OH(=O)(HO-H)(H-OH)(HO-H)CH₂OH , CHO(HO-H)(H-OH)(HO-H)(H-OH)CH₂OH and CHO(HO-H)(H-OH)(HO-H)(H-OH)CH₂OH (C) CHO(H-OH)(HO-H)(H-OH)(H-OH)CH₂OH , CH₂OH(=O)(HO-H)(H-OH)(H-OH)CH₂OH and CHO(HO-H)(H-OH)(HO-H)(H-OH)CH₂OH (D) CHO(H-OH)(HO-H)(H-OH)(H-OH)CH₂OH , CHO(H-OH)(HO-H)(H-OH)(H-OH)CH₂OH and CHO(H-OH)(HO-H)(H-OH)(H-OH)CH₂OH"
2023_1_English_Q01,"Let S = (0,1)∪(1,2)∪(3,4) and T = {0,1,2,3} . Then which of the following statements is(are) true? (A) There are infinitely many functions from S to T (B) There are infinitely many strictly increasing functions from S to T (C) The number of continuous functions from S to T is at most 120 (D) Every continuous function from S to T is differentiable"
2023_1_English_Q02,"Let T₁ and T₂ be two distinct common tangents to the ellipse E: x²/6 + y²/3 = 1 and the parabola P: y² = 12x . Suppose that the tangent T₁ touches P and E at the points A₂ and A₁, respectively and the tangent T₂ touches P and E at the points A₄ and A₃, respectively. Then which of the following statements is(are) true? (A) The area of the quadrilateral A₁A₂A₃A₄ is 35 square units (B) The area of the quadrilateral A₁A₂A₃A₄ is 36 square units (C) The tangents T₁ and T₂ meet the x-axis at the point (−3,0) (D) The tangents T₁ and T₂ meet the x-axis at the point (−6,0)"
2023_1_English_Q03,"Let f:[0,1]→[0,1] be the function defined by f(x) = x³/3 - x²/9 + x/9 + 17/36 . Consider the square region S = [0,1]×[0,1]. Let G = {(x, y) ∈ S : y > f(x)} be called the green region and R = {(x, y) ∈ S : y < f(x)} be called the red region. Let Lh = {(x,h) ∈ S : x ∈ [0,1]} be the horizontal line drawn at a height h ∈ [0,1]. Then which of the following statements is(are) true? (A) There exists an h ∈ [1/4, 2/3] such that the area of the green region above the line Lh equals the area of the green region below the line Lh (B) There exists an h ∈ [1/4, 2/3] such that the area of the red region above the line Lh equals the area of the red region below the line Lh (C) There exists an h ∈ [1/4, 2/3] such that the area of the green region above the line Lh equals the area of the red region below the line Lh (D) There exists an h ∈ [1/4, 2/3] such that the area of the red region above the line Lh equals the area of the green region below the line Lh"
2023_1_English_Q04,"Let f:(0,1)→R be the function defined as f(x) = √n if x ∈ (1/(n+1), 1/n] where n ∈ N. Let g:(0,1)→R be a function such that ∫(x² to x) (1-t)/t dt < g(x) < 2√x for all x ∈ (0,1). Then lim (x→0) f(x)g(x) (A) does NOT exist (B) is equal to 1 (C) is equal to 2 (D) is equal to 3"
2023_1_English_Q05,"Let Q be the cube with the set of vertices {(x₁, x₂, x₃) ∈ R³ : x₁, x₂, x₃ ∈ {0,1} }. Let F be the set of all twelve lines containing the diagonals of the six faces of the cube Q. Let S be the set of all four lines containing the main diagonals of the cube Q; for instance, the line passing through the vertices (0,0,0) and (1,1,1) is in S. For lines l₁ and l₂, let d(l₁,l₂) denote the shortest distance between them. Then the maximum value of d(l₁,l₂), as l₁ varies over F and l₂ varies over S, is (A) 1/√6 (B) 1/√8 (C) 1/√3 (D) 1/√12"
2023_1_English_Q06,"Let X = {(x,y) ∈ Z×Z : x²/8 + y²/20 < 1 and y² < 5x}. Three distinct points P, Q and R are randomly chosen from X. Then the probability that P, Q and R form a triangle whose area is a positive integer, is (A) 71/220 (B) 73/220 (C) 79/220 (D) 83/220"
2023_1_English_Q07,"Let P be a point on the parabola y² = 4ax, where a > 0. The normal to the parabola at P meets the x-axis at a point Q. The area of the triangle PFQ, where F is the focus of the parabola, is 120. If the slope m of the normal and a are both positive integers, then the pair (a,m) is (A) (2,3) (B) (1,3) (C) (2,4) (D) (3,4)"
2023_1_English_Q08,"Let tan⁻¹(x) ∈ (-π/2, π/2) for x ∈ R. Then the number of real solutions of the equation √(1 + cos(2x)) = √2 tan⁻¹(tan x) in the set (-3π/2, -π/2) ∪ (-π/2, π/2) ∪ (π/2, 3π/2) is equal to"
2023_1_English_Q09,"Let n ≥ 2 be a natural number and f:[0,1]→R be the function defined by f(x) = { n(1-2nx) if 0 ≤ x ≤ 1/(2n); 2n(2nx-1) if 1/(2n) ≤ x ≤ 3/(4n); 4n(1-nx) if 3/(4n) ≤ x ≤ 1/n; n/(n-1)(nx-1) if 1/n ≤ x ≤ 1 }. If n is such that the area of the region bounded by the curves x = 0, x = 1, y = 0 and y = f(x) is 4, then the maximum value of the function f is"
2023_1_English_Q10,"Let 75...57 denote the (r+2) digit number where the first and the last digits are 7 and the remaining r digits are 5. Consider the sum S = 77+757+7557+...+75...57 (98 times 5). If S = (75...57 (99 times 5) + m) / n, where m and n are natural numbers less than 3000, then the value of m+n is"
2023_1_English_Q11,"Let A = { (1967+1686i sin θ)/(7-3i cos θ) : θ ∈ R }. If A contains exactly one positive integer n, then the value of n is"
2023_1_English_Q12,"Let P be the plane √3x+2y+3z = 16 and let S = {αî+βĵ+γk : α²+β²+γ² = 1 and the distance of (α,β,γ) from the plane P is 7/2}. Let ū,v and w be three distinct vectors in S such that |ū-v| = |v-w| = |w-ū|. Let V be the volume of the parallelepiped determined by vectors ū,v and w. Then the value of 80/√3 V is"
2023_1_English_Q13,"Let a and b be two nonzero real numbers. If the coefficient of x³ in the expansion of (ax² + 70/(27bx))⁴ is equal to the coefficient of x⁻⁵ in the expansion of (ax - 1/(bx²))⁷, then the value of 2b is"
2023_1_English_Q14,"Let α, β and γ be real numbers. Consider the following system of linear equations x+2y+z=7; x+αz=11; 2x-3y+βz=γ. Match each entry in List-I to the correct entries in List-II. List-I: (P) If β = (1/2)(7α-3) and γ = 28, then the system has (Q) If β = (1/2)(7α-3) and γ ≠ 28, then the system has (R) If β ≠ (1/2)(7α-3) where α = 1 and γ ≠ 28, then the system has (S) If β ≠ (1/2)(7α-3) where α = 1 and γ = 28, then the system has List-II: (1) a unique solution (2) no solution (3) infinitely many solutions (4) x=11, y=-2 and z=0 as a solution (5) x=-15, y=4 and z=0 as a solution The correct option is: (A) (P)→(3) (Q)→(2) (R)→(1) (S)→(4) (B) (P)→(3) (Q)→(2) (R)→(5) (S)→(4) (C) (P)→(2) (Q)→(1) (R)→(4) (S)→(5) (D) (P)→(2) (Q)→(1) (R)→(1) (S)→(3)"
2023_1_English_Q15,"Consider the given data with frequency distribution xᵢ: 3, 8, 11, 10, 5, 4; fᵢ: 5, 2, 3, 2, 4, 4. Match each entry in List-I to the correct entries in List-II. List-I: (P) The mean of the above data is (Q) The median of the above data is (R) The mean deviation about the mean of the above data is (S) The mean deviation about the median of the above data is List-II: (1) 2.5 (2) 5 (3) 6 (4) 2.7 (5) 2.4 The correct option is: (A) (P)→(3) (Q)→(2) (R)→(4) (S)→(5) (B) (P)→(3) (Q)→(2) (R)→(1) (S)→(5) (C) (P)→(2) (Q)→(3) (R)→(4) (S)→(1) (D) (P)→(3) (Q)→(3) (R)→(5) (S)→(5)"
2023_1_English_Q16,"Let l₁ and l₂ be the lines r⃗₁ = 2(î+ĵ+k̂) and r⃗₂ = (ĵ-k̂) + μ(î+k̂), respectively. Let X be the set of all the planes H that contain the line l₁. For a plane H, let d(H) denote the smallest possible distance between the points of l₂ and H. Let H₀ be a plane in X for which d(H₀) is the maximum value of d(H) as H varies over all planes in X. Match each entry in List-I to the correct entries in List-II. List-I: (P) The value of d(H₀) is (Q) The distance of the point (0,1,2) from H₀ is (R) The distance of origin from H₀ is (S) The distance of origin from the point of intersection of planes y=z, x=1 and H₀ is List-II: (1) √3 (2) 1/√3 (3) 0 (4) √2 (5) 1/√2 The correct option is: (A) (P)→(2) (Q)→(4) (R)→(5) (S)→(1) (B) (P)→(5) (Q)→(4) (R)→(3) (S)→(1) (C) (P)→(2) (Q)→(1) (R)→(3) (S)→(2) (D) (P)→(5) (Q)→(1) (R)→(4) (S)→(2)"
2023_1_English_Q17,"Let z be a complex number satisfying |z|³ + 2z² + 4z - 8 = 0, where z̄ denotes the complex conjugate of z. Let the imaginary part of z be nonzero. Match each entry in List-I to the correct entries in List-II. List-I: (P) |z|² is equal to (Q) |z-z̄|² is equal to (R) |z|²+|z+z̄|² is equal to (S) |z+1|² is equal to List-II: (1) 12 (2) 4 (3) 8 (4) 10 (5) 7 The correct option is: (A) (P)→(1) (Q)→(3) (R)→(5) (S)→(4) (B) (P)→(2) (Q)→(1) (R)→(3) (S)→(5) (C) (P)→(2) (Q)→(4) (R)→(5) (S)→(1) (D) (P)→(2) (Q)→(3) (R)→(5) (S)→(4)"
2023_1_English_Q18,"A slide with a frictionless curved surface, which becomes horizontal at its lower end, is fixed on the terrace of a building of height 3h from the ground, as shown in the figure. A spherical ball of mass m is released on the slide from rest at a height h from the top of the terrace. The ball leaves the slide with a velocity u⃗₀ = u₀x̂ and falls on the ground at a distance d from the building making an angle θ with the horizontal. It bounces off with a velocity v⃗ and reaches a maximum height h₁. The acceleration due to gravity is g and the coefficient of restitution of the ground is 1/√3. Which of the following statement(s) is(are) correct? (A) u⃗₀ = √2ghx̂ (B) v⃗ = √2gh(x̂ - ẑ) (C) θ = 60° (D) d/h₁ = 2√3"
2023_1_English_Q19,A plane polarized blue light ray is incident on a prism such that there is no reflection from the surface of the prism. The angle of deviation of the emergent ray is δ = 60° (see Figure-1). The angle of minimum deviation for red light from the same prism is δmin = 30° (see Figure-2). The refractive index of the prism material for blue light is √3. Which of the following statement(s) is(are) correct? (A) The blue light is polarized in the plane of incidence. (B) The angle of the prism is 45°. (C) The refractive index of the material of the prism for red light is √2. (D) The angle of refraction for blue light in air at the exit plane of the prism is 60°.
2023_1_English_Q20,"In a circuit shown in the figure, the capacitor C is initially uncharged and the key K is open. In this condition, a current of 1 A flows through the 1 Ω resistor. The key is closed at time t = t₀. Which of the following statement(s) is(are) correct? [Given: e⁻¹ = 0.36] (A) The value of the resistance R is 3 Ω. (B) For t < t₀, the value of current I₁ is 2 A. (C) At t = t₀ + 7.2 μs, the current in the capacitor is 0.6 A. (D) For t → ∞, the charge on the capacitor is 12 μC."
2023_1_English_Q21,"A bar of mass M = 1.00 kg and length L = 0.20 m is lying on a horizontal frictionless surface. One end of the bar is pivoted at a point about which it is free to rotate. A small mass m = 0.10 kg is moving on the same horizontal surface with 5.00 m s⁻¹ speed on a path perpendicular to the bar. It hits the bar at a distance L/2 from the pivoted end and returns back on the same path with speed v. After this elastic collision, the bar rotates with an angular velocity ω. Which of the following statement is correct? (A) ω = 6.98 rad s⁻¹ and v = 4.30 m s⁻¹ (C) ω = 3.75 rad s⁻¹ and v = 10.0 m s⁻¹ (B) ω = 3.75 rad s⁻¹ and v = 4.30 m s⁻¹ (D) ω = 6.80 rad s⁻¹ and v = 4.10 m s⁻¹"
2023_1_English_Q22,"A container has a base of 50 cm × 5 cm and height 50 cm, as shown in the figure. It has two parallel electrically conducting walls each of area 50 cm × 50 cm. The remaining walls of the container are thin and non-conducting. The container is being filled with a liquid of dielectric constant 3 at a uniform rate of 250 cm³ s⁻¹. What is the value of the capacitance of the container after 10 seconds? [Given: Permittivity of free space ε₀ = 9 × 10⁻¹² C²N⁻¹m⁻², the effects of the non-conducting walls on the capacitance are negligible] (A) 27 pF (B) 63 pF (C) 81 pF (D) 135 pF"
2023_1_English_Q23,"One mole of an ideal gas expands adiabatically from an initial state (T_A, V₀) to final state (T_f, 5V₀). Another mole of the same gas expands isothermally from a different initial state (T_B, V₀) to the same final state (T_f, 5V₀). The ratio of the specific heats at constant pressure and constant volume of this ideal gas is γ. What is the ratio T_A/T_B? (A) 5^(γ-1) (B) 5^(1-γ) (C) 5^γ (D) 5^(1+γ)"
2023_1_English_Q24,"Two satellites P and Q are moving in different circular orbits around the Earth (radius R). The heights of P and Q from the Earth surface are h_P and h_Q, respectively, where h_P = R/3. The accelerations of P and Q due to Earth's gravity are g_P and g_Q, respectively. If g_P/g_Q = 36/25, what is the value of h_Q? (A) 3R/5 (B) R/6 (C) 6R/5 (D) 5R/6"
2023_1_English_Q25,"A Hydrogen-like atom has atomic number Z. Photons emitted in the electronic transitions from level n = 4 to level n = 3 in these atoms are used to perform photoelectric effect experiment on a target metal. The maximum kinetic energy of the photoelectrons generated is 1.95 eV. If the photoelectric threshold wavelength for the target metal is 310 nm, the value of Z is ____. [Given: hc = 1240 eV-nm and Rhc = 13.6 eV, where R is the Rydberg constant, h is the Planck's constant and c is the speed of light in vacuum]"
2023_1_English_Q26,"An optical arrangement consists of two concave mirrors M₁ and M₂, and a convex lens L with a common principal axis, as shown in the figure. The focal length of L is 10 cm. The radii of curvature of M₁ and M₂ are 20 cm and 24 cm, respectively. The distance between L and M₂ is 20 cm. A point object S is placed at the mid-point between L and M₂ on the axis. When the distance between L and M₁ is n/7 cm, one of the images coincides with S. The value of n is ____."
2023_1_English_Q27,"In an experiment for determination of the focal length of a thin convex lens, the distance of the object from the lens is 10 ± 0.1 cm and the distance of its real image from the lens is 20 ± 0.2 cm. The error in the determination of focal length of the lens is n %. The value of n is ____."
2023_1_English_Q28,"A closed container contains a homogeneous mixture of two moles of an ideal monatomic gas (γ = 5/3) and one mole of an ideal diatomic gas (γ = 7/5). Here, γ is the ratio of the specific heats at constant pressure and constant volume of an ideal gas. The gas mixture does a work of 66 Joule when heated at constant pressure. The change in its internal energy is ____ Joule."
2023_1_English_Q29,"A person of height 1.6 m is walking away from a lamp post of height 4 m along a straight path on the flat ground. The lamp post and the person are always perpendicular to the ground. If the speed of the person is 60 cm s⁻¹, the speed of the tip of the person's shadow on the ground with respect to the person is ____ cm s⁻¹."
2023_1_English_Q30,"Two point-like objects of masses 20 gm and 30 gm are fixed at the two ends of a rigid massless rod of length 10 cm. This system is suspended vertically from a rigid ceiling using a thin wire attached to its center of mass, as shown in the figure. The resulting torsional pendulum undergoes small oscillations. The torsional constant of the wire is 1.2 × 10⁻³ N m rad⁻¹. The angular frequency of the oscillations in n × 10⁻³ rad s⁻¹. The value of n is ____."
2023_1_English_Q31,"List-I shows different radioactive decay processes and List-II provides possible emitted particles. Match each entry in List-I with an appropriate entry from List-II, and choose the correct option. List-I: (P) ²³²U → ²³¹Pa (Q) ²¹⁰Pb → ²¹⁰Bi (R) ²³⁰Tl → ²³⁰Pb (S) ²²⁹Pa → ²²⁵Ra List-II: (1) one α particle and one β⁺ particle (2) three β⁻ particles and one α particle (3) two β⁻ particles and one α particle (4) one α particle and one β⁻ particle (5) one α particle and two β⁺ particles (A) P → 4, Q → 3, R → 2, S → 1 (B) P → 4, Q → 1, R → 2, S → 5 (C) P → 5, Q → 3, R → 1, S → 4 (D) P → 5, Q → 1, R → 3, S → 2"
2023_1_English_Q32,"Match the temperature of a black body given in List-I with an appropriate statement in List-II, and choose the correct option. [Given: Wien's constant as 2.9 × 10⁻³ m-K and hc/e = 1.24 × 10⁻⁶ V-m] List-I: (P) 2000 K (Q) 3000 K (R) 5000 K (S) 10000 K List-II: (1) The radiation at peak wavelength can lead to emission of photoelectrons from a metal of work function 4 eV. (2) The radiation at peak wavelength is visible to human eye. (3) The radiation at peak emission wavelength will result in the widest central maximum of a single slit diffraction. (4) The power emitted per unit area is 1/16 of that emitted by a blackbody at temperature 6000 K. (5) The radiation at peak emission wavelength can be used to image human bones. (A) P → 3, Q → 5, R → 2, S → 3 (B) P → 3, Q → 2, R → 4, S → 1 (C) P → 3, Q → 4, R → 2, S → 1 (D) P → 1, Q → 2, R → 5, S → 3"
2023_1_English_Q33,"A series LCR circuit is connected to a 45 sin(ωt) Volt source. The resonant angular frequency of the circuit is 10⁵ rad s⁻¹ and current amplitude at resonance is I₀. When the angular frequency of the source is ω = 8 × 10⁴ rad s⁻¹, the current amplitude in the circuit is 0.05 I₀. If L = 50 mH, match each entry in List-I with an appropriate value from List-II and choose the correct option. List-I: (P) I₀ in mA (Q) The quality factor of the circuit (R) The bandwidth of the circuit in rad s⁻¹ (S) The peak power dissipated at resonance in Watt List-II: (1) 44.4 (2) 18 (3) 400 (4) 2250 (5) 500 (A) P → 2, Q → 3, R → 5, S → 1 (B) P → 3, Q → 1, R → 4, S → 2 (C) P → 4, Q → 5, R → 3, S → 1 (D) P → 4, Q → 2, R → 1, S → 5"
2023_1_English_Q34,"A thin conducting rod MN of mass 20 gm, length 25 cm and resistance 10 Ω is held on frictionless, long, perfectly conducting vertical rails as shown in the figure. There is a uniform magnetic field B₀ = 4 T directed perpendicular to the plane of the rod-rail arrangement. The rod is released from rest at time t = 0 and it moves down along the rails. Assume air drag is negligible. Match each quantity in List-I with an appropriate value from List-II, and choose the correct option. [Given: The acceleration due to gravity g = 10 m s⁻² and e⁻¹ = 0.4] List-I: (P) At t = 0.2 s, the magnitude of the induced emf in Volt (Q) At t = 0.2 s, the magnitude of the magnetic force in Newton (R) At t = 0.2 s, the power dissipated as heat in Watt (S) The magnitude of terminal velocity of the rod in m s⁻¹ List-II: (1) 0.07 (2) 0.14 (3) 1.20 (4) 0.12 (5) 2.00 (A) P → 5, Q → 2, R → 3, S → 1 (B) P → 3, Q → 1, R → 4, S → 5 (C) P → 4, Q → 3, R → 1, S → 2 (D) P → 3, Q → 4, R → 2, S → 5"
2023_1_English_Q35,The correct statement(s) related to processes involved in the extraction of metals is(are) (A) Roasting of Malachite produces Cuprite. (B) Calcination of Calamine produces Zincite. (C) Copper pyrites is heated with silica in a reverberatory furnace to remove iron. (D) Impure silver is treated with aqueous KCN in the presence of oxygen followed by reduction with zinc metal.
2023_1_English_Q36,"In the following reactions, P, Q, R, and S are the major products. CH₃CH₂CH(CH₃)CH₂CN + (i) PhMgBr, then H₃O⁺ (ii) PhMgBr, then H₂O → P; Ph-H + CH₃CCl (i) anhyd. AlCl₃ (ii) PhMgBr, then H₂O → Q; CH₃CH₂CCl (i) (PhCH₂)₂Cd (ii) PhMgBr, then H₂O → R; PhCH₂CHO (i) PhMgBr, then H₂O (ii) CrO₃, dil. H₂SO₄ (iii) HCN (iv) H₂SO₄, Δ → S. The correct statement(s) about P, Q, R, and S is(are) (A) Both P and Q have asymmetric carbon(s). (B) Both Q and R have asymmetric carbon(s). (C) Both P and R have asymmetric carbon(s). (D) P has asymmetric carbon(s), S does not have any asymmetric carbon."
2023_1_English_Q37,"Consider the following reaction scheme and choose the correct option(s) for the major products Q, R and S. Styrene (i) B₂H₆ (ii) NaOH, H₂O₂, H₂O → P; P (i) SOCl₂ (ii) NaCN (iii) H₃O⁺, Δ → R; Styrene (i) CrO₃, H₂SO₄ (ii) Cl₂, Red phosphorus (iii) H₂O → Q; R conc. H₂SO₄ → S. (A) Q is o-chlorobenzoic acid, R is phenylacetic acid, S is p-aminobenzenesulfonic acid (B) Q is o-chlorobenzoic acid, R is phenylacetic acid, S is phthalic acid (C) Q is o-chlorobenzoic acid, R is phenylacetic acid, S is indanone (D) Q is o-chloroaniline, R is aniline, S is o-aminobenzenesulfonic acid"
2023_1_English_Q38,"In the scheme given below, X and Y, respectively, are Metal halide aq. NaOH → White precipitate (P) + Filtrate (Q); P aq. H₂SO₄, PbO₂ (excess) heat → X (a coloured species in solution); Q MnO(OH)₂, Conc. H₂SO₄ warm → Y (gives blue-coloration with KI-starch paper). (A) CrO₄²⁻ and Br₂ (B) MnO₄²⁻ and Cl₂ (C) MnO₄⁻ and Cl₂ (D) MnSO₄ and HOCl"
2023_1_English_Q39,Plotting 1/Λ_m against cΛ_m for aqueous solutions of a monobasic weak acid (HX) resulted in a straight line with y-axis intercept of P and slope of S. The ratio P/S is [Λ_m = molar conductivity Λ_m⁰ = limiting molar conductivity c = molar concentration K_a = dissociation constant of HX] (A) K_a Λ_m⁰ (B) K_a Λ_m⁰/2 (C) 2 K_a Λ_m⁰ (D) 1 / (K_a Λ_m⁰)
2023_1_English_Q40,"On decreasing the pH from 7 to 2, the solubility of a sparingly soluble salt (MX) of a weak acid (HX) increased from 10⁻⁴ mol L⁻¹ to 10⁻³ mol L⁻¹. The pK_a of HX is (A) 3 (B) 4 (C) 5 (D) 2"
2023_1_English_Q41,"In the given reaction scheme, P is a phenyl alkyl ether, Q is an aromatic compound; R and S are the major products. HI → P Q; Q (i) NaOH (ii) CO₂ (iii) H₃O⁺ → R; R (i) (CH₃CO)₂O (ii) H₃O⁺ → S. The correct statement about S is (A) It primarily inhibits noradrenaline degrading enzymes. (B) It inhibits the synthesis of prostaglandin. (C) It is a narcotic drug. (D) It is ortho-acetylbenzoic acid."
2023_1_English_Q42,"The stoichiometric reaction of 516 g of dimethyldichlorosilane with water results in a tetrameric cyclic product X in 75% yield. The weight (in g) of X obtained is ____. [Use, molar mass (g mol⁻¹): H = 1, C = 12, O = 16, Si = 28, Cl = 35.5]"
2023_1_English_Q43,"A gas has a compressibility factor of 0.5 and a molar volume of 0.4 dm³ mol⁻¹ at a temperature of 800 K and pressure x atm. If it shows ideal gas behaviour at the same temperature and pressure, the molar volume will be y dm³ mol⁻¹. The value of x/y is ____. [Use: Gas constant, R = 8 × 10⁻² L atm K⁻¹ mol⁻¹]"
2023_1_English_Q44,"The plot of log k_f versus 1/T for a reversible reaction A (g) ⇌ P (g) is shown. Pre-exponential factors for the forward and backward reactions are 10¹⁵ s⁻¹ and 10¹¹ s⁻¹, respectively. If the value of log K for the reaction at 500 K is 6, the value of |log k_b| at 250 K is ____. [K = equilibrium constant of the reaction k_f = rate constant of forward reaction k_b = rate constant of backward reaction]"
2023_1_English_Q45,"One mole of an ideal monoatomic gas undergoes two reversible processes (A → B and B → C) as shown in the given figure: [Image shows a P-T graph]. A → B is an adiabatic process. If the total heat absorbed in the entire process (A → B and B → C) is RT₂ ln 10, the value of 2 log V₃ is ____. [Use, molar heat capacity of the gas at constant pressure, C_p,m = 5/2 R]"
2023_1_English_Q46,"In a one-litre flask, 6 moles of A undergoes the reaction A (g) ⇌ P (g). The progress of product formation at two temperatures (in Kelvin), T₁ and T₂, is shown in the figure: [Image shows a graph of [P] vs Time for two temperatures]. If T₁ = 2T₂ and (ΔG₂⁰ – ΔG₁⁰) = RT₂ ln x, then the value of x is ____. [ΔG₁⁰ and ΔG₂⁰ are standard Gibb's free energy change for the reaction at temperatures T₁ and T₂, respectively.]"
2023_1_English_Q47,"The total number of sp² hybridised carbon atoms in the major product P (a non-heterocyclic compound) of the following reaction is ____. NC-CN (i) LiAlH₄ (excess), then H₂O (ii) Acetophenone (excess) → P; NC-CN"
2023_1_English_Q48,Match the reactions (in the given stoichiometry of the reactants) in List-I with one of their products given in List-II and choose the correct option. List-I: (P) P₂O₃ + 3H₂O → (Q) P₄ + 3NaOH + 3H₂O → (R) PCl₅ + CH₃COOH → (S) H₃PO₂ + 2H₂O + 4AgNO₃ → List-II: (1) P(O)(OCH₃)Cl₂ (2) H₃PO₃ (3) PH₃ (4) POCl₃ (5) H₃PO₄ (A) P → 2; Q → 3; R → 1; S → 5 (B) P → 3; Q → 5; R → 4; S → 2 (C) P → 5; Q → 2; R → 1; S → 3 (D) P → 2; Q → 3; R → 4; S → 5
2023_1_English_Q49,"Match the electronic configurations in List-I with appropriate metal complex ions in List-II and choose the correct option. [Atomic Number: Fe = 26, Mn = 25, Co = 27] List-I: (P) t₂g⁶ eg⁰ (Q) t₂g⁵ eg² (R) e² t₂³ (S) t₂g⁶ eg² List-II: (1) [Fe(H₂O)₆]²⁺ (2) [Mn(H₂O)₆]²⁺ (3) [Co(NH₃)₆]³⁺ (4) [FeCl₄]⁻ (5) [CoCl₄]²⁻ (A) P → 1; Q → 4; R → 2; S → 3 (B) P → 1; Q → 2; R → 4; S → 5 (C) P → 3; Q → 2; R → 5; S → 1 (D) P → 3; Q → 2; R → 4; S → 1"
2023_1_English_Q50,Match the reactions in List-I with the features of their products in List-II and choose the correct option. List-I: (P) (-)-1-Bromo-2-ethylpentane (single enantiomer) aq. NaOH SN2 reaction → (Q) (-)-2-Bromopentane (single enantiomer) aq. NaOH SN2 reaction → (R) (-)-3-Bromo-3-methylhexane (single enantiomer) aq. NaOH SN1 reaction → (S) (Me)(H)(Me)C-Br (single enantiomer) aq. NaOH SN1 reaction → List-II: (1) Inversion of configuration (2) Retention of configuration (3) Mixture of enantiomers (4) Mixture of structural isomers (5) Mixture of diastereomers (A) P → 1; Q → 2; R → 5; S → 3 (B) P → 2; Q → 1; R → 3; S → 5 (C) P → 1; Q → 2; R → 5; S → 4 (D) P → 2; Q → 4; R → 3; S → 5
2023_1_English_Q51,"The major products obtained from the reactions in List-II are the reactants for the named reactions mentioned in List-I. Match List-I with List-II and choose the correct option. List-I: (P) Etard reaction (Q) Gattermann reaction (R) Gattermann-Koch reaction (S) Rosenmund reduction List-II: (1) Acetophenone Zn-Hg, HCl → (2) Toluene (i) KMnO₄, KOH, Δ (ii) SOCl₂ → (3) Benzene CH₃Cl anhyd. AlCl₃ → (4) Aniline NaNO₂/HCl 273-278 K → (5) Phenol Zn, Δ → (A) P → 2; Q → 4; R → 1; S → 3 (B) P → 1; Q → 3; R → 5; S → 2 (C) P → 3; Q → 2; R → 1; S → 4 (D) P → 3; Q → 4; R → 5; S → 2"
2023_2_English_Q01,"Let f : [1,∞) → R be a differentiable function such that f(1) = 1/3 and 3∫f(t)dt = x f(x)- x³/3, x ∈ [1,∞). Let e denote the base of the natural logarithm. Then the value of f(e) is (A) (e²+4)/3 (B) (log 4+e)/3 (C) 4e²/3 (D) (e²-4)/3"
2023_2_English_Q02,"Consider an experiment of tossing a coin repeatedly until the outcomes of two consecutive tosses are same. If the probability of a random toss resulting in head is 1/3, then the probability that the experiment stops with head is (A) 1/3 (B) 5/21 (C) 4/21 (D) 2/7"
2023_2_English_Q03,"For any y∈ R, let cot¯¹(y) ∈ (0,π) and tan¯¹(y) ∈(-π/2, π/2). Then the sum of all the solutions of the equation tan (6y/(9-y²))+cot¯¹(6y/(9-y²)) = 2π/3 for 0<|y|<3, is equal to (A) 2√3-3 (B) 3-2√3 (C) 4√3-6 (D) 6-4√3"
2023_2_English_Q04,"Let the position vectors of the points P,Q,R and S be ā= î+2j−5k, b = 3ì +6j+3k, c = 17/5 i+16/5 j+7k and d = 2i+j+k, respectively. Then which of the following statements is true? (A) The points P,Q,R and S are NOT coplanar (B) (b+2d)/3 is the position vector of a point which divides PR internally in the ratio 5:4 (C) (b+2d)/3 is the position vector of a point which divides PR externally in the ratio 5:4 (D) The square of the magnitude of the vector b×d is 95"
2023_2_English_Q05,"Let M = (aᵢⱼ), i, j∈ {1,2,3}, be the 3×3 matrix such that aᵢⱼ =1 if j+1 is divisible by i, otherwise aᵢⱼ = 0. Then which of the following statements is(are) true? (A) M is invertible (B) There exists a nonzero column matrix [a₁ a₂ a₃]ᵀ such that M [a₁ a₂ a₃]ᵀ = [-a₁ -a₂ -a₃]ᵀ (C) The set {X ∈ R³ : MX = 0} = {0}, where 0 = [0 0 0]ᵀ (D) The matrix (M-2I) is invertible, where I is the 3×3 identity matrix"
2023_2_English_Q06,"Let f : (0,1) → R be the function defined as f(x) = [4x](x-1/4)²(x-1/2)², where [x] denotes the greatest integer less than or equal to x. Then which of the following statements is(are) true? (A) The function f is discontinuous exactly at one point in (0,1) (B) There is exactly one point in (0,1) at which the function f is continuous but NOT differentiable (C) The function f is NOT differentiable at more than three points in (0,1) (D) The minimum value of the function f is -1/512"
2023_2_English_Q07,"Let S be the set of all twice differentiable functions f from R to R such that d²f/dx²(x)>0 for all x ∈ (−1,1). For f ∈ S, let Xf be the number of points x ∈ (−1,1) for which f(x) = x. Then which of the following statements is(are) true? (A) There exists a function f ∈ S such that Xf = 0 (B) For every function f∈ S, we have Xf ≤2 (C) There exists a function f∈ S such that Xf = 2 (D) There does NOT exist any function f in S such that Xf = 1"
2023_2_English_Q08,"For x ∈ R, let tan¯¹(x) ∈ (-π/2, π/2). Then the minimum value of the function f:R → R defined by f(x) = ∫₀ˣ tan⁻¹(x) e^(t/(1+t²⁰²³)(1-cos t)) dt is"
2023_2_English_Q09,"For x ∈ R, let y(x) be a solution of the differential equation (x²-5)dy/dx -2x y = -2x(x² -5)² such that y(2) = 7. Then the maximum value of the function y(x) is"
2023_2_English_Q10,"Let X be the set of all five digit numbers formed using 1,2,2,2,4,4,0. For example, 22240 is in X while 02244 and 44422 are not in X. Suppose that each element of X has an equal chance of being chosen. Let p be the conditional probability that an element chosen at random is a multiple of 20 given that it is a multiple of 5. Then the value of 38p is equal to"
2023_2_English_Q11,"Let A₁, A₂, A₃, ..., A₈ be the vertices of a regular octagon that lie on a circle of radius 2. Let P be a point on the circle and let PAᵢ denote the distance between the points P and Aᵢ for i = 1,2,...,8. If P varies over the circle, then the maximum value of the product PA₁・PA₂……PA₈ is"
2023_2_English_Q12,"Let R = [[a,3,b],[c,2,d],[0,5,0]]: a,b,c,d ∈ {0,3,5,7,11,13,17,19}. Then the number of invertible matrices in R is"
2023_2_English_Q13,"Let C₁ be the circle of radius 1 with center at the origin. Let C₂ be the circle of radius r with center at the point A = (4,1), where 1<r <3. Two distinct common tangents PQ and ST of C₁ and C₂ are drawn. The tangent PQ touches C₁ at P and C₂ at Q. The tangent ST touches C₁ at S and C₂ at T. Mid points of the line segments PQ and ST are joined to form a line which meets the x-axis at a point B. If AB = √5, then the value of r² is"
2023_2_English_Q14,Consider an obtuse angled triangle ABC in which the difference between the largest and the smallest angle is π/2 and whose sides are in arithmetic progression. Suppose that the vertices of this triangle lie on a circle of radius 1. Let a be the area of the triangle ABC. Then the value of (64a)² is
2023_2_English_Q15,Consider an obtuse angled triangle ABC in which the difference between the largest and the smallest angle is π/2 and whose sides are in arithmetic progression. Suppose that the vertices of this triangle lie on a circle of radius 1. Then the inradius of the triangle ABC is
2023_2_English_Q16,"Consider the 6×6 square in the figure. Let A₁, A₂,..., A₄₉ be the points of intersections (dots in the picture) in some order. We say that Aᵢ and Aⱼ are friends if they are adjacent along a row or along a column. Assume that each point Aᵢ has an equal chance of being chosen. Let pᵢ be the probability that a randomly chosen point has i many friends, i = 0,1,2,3,4. Let X be a random variable such that for i = 0,1,2,3,4, the probability P(X = i) = pᵢ. Then the value of 7E(X) is"
2023_2_English_Q17,"Consider the 6×6 square in the figure. Let A₁, A₂,..., A₄₉ be the points of intersections (dots in the picture) in some order. We say that Aᵢ and Aⱼ are friends if they are adjacent along a row or along a column. Assume that each point Aᵢ has an equal chance of being chosen. Two distinct points are chosen randomly out of the points A₁, A₂,..., A₄₉. Let p be the probability that they are friends. Then the value of 7p is"
2023_2_English_Q18,"An electric dipole is formed by two charges +q and -q located in xy-plane at (0,2) mm and (0, -2) mm, respectively, as shown in the figure. The electric potential at point P (100,100) mm due to the dipole is V₀. The charges +q and -q are then moved to the points (-1,2) mm and (1,-2) mm, respectively. What is the value of electric potential at P due to the new dipole? (A) V₀/4 (B) V₀/2 (C) V₀/√2 (D) 3V₀/4"
2023_2_English_Q19,"Young's modulus of elasticity Y is expressed in terms of three derived quantities, namely, the gravitational constant G, Planck's constant h and the speed of light c, as Y = cᵅhᵝGᵞ. Which of the following is the correct option? (Α) α = 7, β = −1, y = −2 (C) α = 7, β = −1, γ = 2 (Β) α = −7, β = −1, y = −2 (D) α = −7, β = 1, y = −2"
2023_2_English_Q20,"A particle of mass m is moving in the xy-plane such that its velocity at a point (x, y) is given as v = a(yî + 2xĵ), where a is a non-zero constant. What is the force F acting on the particle? (A) F = 2ma²(xî + yĵ) (C) F = 2ma² (yî + xĵ) (B) F = ma² (yî + 2xĵ) (D) F = ma²(xî + 2yĵ)"
2023_2_English_Q21,"An ideal gas is in thermodynamic equilibrium. The number of degrees of freedom of a molecule of the gas is n. The internal energy of one mole of the gas is Uₙ and the speed of sound in the gas is vₙ. At a fixed temperature and pressure, which of the following is the correct option? (A) V₃ < V₆ and U₃ > U₆ (C) V₅ > V₇ and U₅ < U₇ (B) V₅ > V₃ and U₃ > U₅ (D) v₆ < v₇ and U₆ < U₇"
2023_2_English_Q22,"A monochromatic light wave is incident normally on a glass slab of thickness d, as shown in the figure. The refractive index of the slab increases linearly from n₁ to n₂ over the height h. Which of the following statement(s) is(are) true about the light wave emerging out of the slab? (A) It will deflect up by an angle tan⁻¹ [(n₂²-n₁²)d/(2h)] (B) It will deflect up by an angle tan⁻¹ [(n₂-n₁)d/h] (C) It will not deflect. (D) The deflection angle depends only on (n₂ – n₁) and not on the individual values of n₁ and n₂."
2023_2_English_Q23,"An annular disk of mass M, inner radius a and outer radius b is placed on a horizontal surface with coefficient of friction μ, as shown in the figure. At some time, an impulse Iĵ is applied at a height h above the center of the disk. If h = hₘ then the disk rolls without slipping along the x-axis. Which of the following statement(s) is(are) correct? (A) For μ ≠ 0 and a → 0, hₘ = b/2. (B) For μ ≠ 0 and a → b, hₘ = b. (C) For h = hₘ, the initial angular velocity does not depend on the inner radius a. (D) For μ = 0 and h = 0, the wheel always slides without rolling."
2023_2_English_Q24,"The electric field associated with an electromagnetic wave propagating in a dielectric medium is given by Ē = 30(2î + ĵ)sin [2π (5 × 10¹⁴t – 10⁷/3 z)] V m⁻¹. Which of the following option(s) is(are) correct? [Given: The speed of light in vacuum, c = 3 × 10⁸ m s⁻¹] (A) Bₓ = -2 x 10⁻⁷ sin [2π (5 × 10¹⁴ t – 10⁷/3 z)] Wb m⁻². (B) Bᵧ = 2 × 10⁻⁷ sin [2π (5 × 10¹⁴ t – 10⁷/3 z)] Wb m⁻². (C) The wave is polarized in the xy-plane with polarization angle 30° with respect to the x-axis. (D) The refractive index of the medium is 2."
2023_2_English_Q25,"A thin circular coin of mass 5 gm and radius 4/3 cm is initially in a horizontal xy-plane. The coin is tossed vertically up (+z direction) by applying an impulse of √72/π × 10⁻² N-s at a distance 2/3 cm from its center. The coin spins about its diameter and moves along the +z direction. By the time the coin reaches back to its initial position, it completes n rotations. The value of n is ___. [Given: The acceleration due to gravity g = 10 m s⁻²]"
2023_2_English_Q26,"A rectangular conducting loop of length 4 cm and width 2 cm is in the xy-plane, as shown in the figure. It is being moved away from a thin and long conducting wire along the direction √3/2 x + 1/2 y with a constant speed v. The wire is carrying a steady current I = 10 A in the positive x-direction. A current of 10 μΑ flows through the loop when it is at a distance d = 4 cm from the wire. If the resistance of the loop is 0.1 Ω, then the value of v is ___ ms⁻¹. [Given: The permeability of free space μ₀ = 4π × 10⁻⁷ NA⁻²]"
2023_2_English_Q27,"A string of length 1 m and mass 2 × 10⁻⁵ kg is under tension T. When the string vibrates, two successive harmonics are found to occur at frequencies 750 Hz and 1000 Hz. The value of tension T is ___ Newton."
2023_2_English_Q28,"An incompressible liquid is kept in a container having a weightless piston with a hole. A capillary tube of inner radius 0.1 mm is dipped vertically into the liquid through the airtight piston hole, as shown in the figure. The air in the container is isothermally compressed from its original volume V₀ to V₀/101 with the movable piston. Considering air as an ideal gas, the height (h) of the liquid column in the capillary above the liquid level in cm is ___. [Given: Surface tension of the liquid is 0.075 N m⁻¹, atmospheric pressure is 10⁵ Nm⁻², acceleration due to gravity (g) is 10 m s⁻², density of the liquid is 10³ kg m⁻³ and contact angle of capillary surface with the liquid is zero]"
2023_2_English_Q29,"In a radioactive decay process, the activity is defined as A = -dN/dt, where N(t) is the number of radioactive nuclei at time t. Two radioactive sources, S₁ and S₂ have same activity at time t = 0. At a later time, the activities of S₁ and S₂ are A₁ and A₂, respectively. When S₁ and S₂ have just completed their 3rd and 7th half-lives, respectively, the ratio A₁/A₂ is ___."
2023_2_English_Q30,"One mole of an ideal gas undergoes two different cyclic processes I and II, as shown in the P-V diagrams below. In cycle I, processes a, b, c and d are isobaric, isothermal, isobaric and isochoric, respectively. In cycle II, processes a', b', c' and d' are isothermal, isochoric, isobaric and isochoric, respectively. The total work done during cycle I is W₁ and that during cycle II is W₁₁. The ratio W₁/W₁₁ is ___."
2023_2_English_Q31,"S₁ and S₂ are two identical sound sources of frequency 656 Hz. The source S₁ is located at O and S₂ moves anti-clockwise with a uniform speed 4√2 m s⁻¹ on a circular path around O, as shown in the figure. There are three points P, Q and R on this path such that P and R are diametrically opposite while Q is equidistant from them. A sound detector is placed at point P. The source S₁ can move along direction OP. When only S₂ is emitting sound and it is at Q, the frequency of sound measured by the detector in Hz is ___."
2023_2_English_Q32,"S₁ and S₂ are two identical sound sources of frequency 656 Hz. The source S₁ is located at O and S₂ moves anti-clockwise with a uniform speed 4√2 m s⁻¹ on a circular path around O, as shown in the figure. There are three points P, Q and R on this path such that P and R are diametrically opposite while Q is equidistant from them. A sound detector is placed at point P. The source S₁ can move along direction OP. Consider both sources emitting sound. When S₂ is at R and S₁ approaches the detector with a speed 4 m s⁻¹, the beat frequency measured by the detector is ___ Hz."
2023_2_English_Q33,"A cylindrical furnace has height (H) and diameter (D) both 1 m. It is maintained at temperature 360 K. The air gets heated inside the furnace at constant pressure Pa and its temperature becomes T = 360 K. The hot air with density ρ rises up a vertical chimney of diameter d = 0.1 m and height h = 9 m above the furnace and exits the chimney (see the figure). As a result, atmospheric air of density ρa = 1.2 kg m⁻³, pressure Pa and temperature Ta = 300 K enters the furnace. Assume air as an ideal gas, neglect the variations in ρ and T inside the chimney and the furnace. Also ignore the viscous effects. Considering the air flow to be streamline, the steady mass flow rate of air exiting the chimney is ___ gm s⁻¹."
2023_2_English_Q34,"A cylindrical furnace has height (H) and diameter (D) both 1 m. It is maintained at temperature 360 K. The air gets heated inside the furnace at constant pressure Pa and its temperature becomes T = 360 K. The hot air with density ρ rises up a vertical chimney of diameter d = 0.1 m and height h = 9 m above the furnace and exits the chimney (see the figure). As a result, atmospheric air of density ρa = 1.2 kg m⁻³, pressure Pa and temperature Ta = 300 K enters the furnace. Assume air as an ideal gas, neglect the variations in ρ and T inside the chimney and the furnace. Also ignore the viscous effects. When the chimney is closed using a cap at the top, a pressure difference ΔP develops between the top and the bottom surfaces of the cap. If the changes in the temperature and density of the hot air, due to the stoppage of air flow, are negligible then the value of ΔP is ___ Nm⁻²."
2023_2_English_Q35,The correct molecular orbital diagram for F₂ molecule in the ground state is (A) Energy 2σ* 1π* 2p 2p 2σ 1π 1σ* 2s 2s 1σ (B) Energy 1π* 2p 2σ* 2p 2σ 1π 1σ* 2s 2s 1σ (C) Energy 2σ* 1π* 2p 2p 1π 2σ 1σ* 2s 2s 1σ (D) Energy 2σ* 1π* 2p 2p 1π 2σ 1σ* 2s 2s 1σ
2023_2_English_Q36,"Consider the following statements related to colloids. (I) Lyophobic colloids are not formed by simple mixing of dispersed phase and dispersion medium. (II) For emulsions, both the dispersed phase and the dispersion medium are liquid. (III) Micelles are produced by dissolving a surfactant in any solvent at any temperature. (IV) Tyndall effect can be observed from a colloidal solution with dispersed phase having the same refractive index as that of the dispersion medium. The option with the correct set of statements is (A) (I) and (II) (B) (II) and (III) (C) (III) and (IV) (D) (II) and (IV)"
2023_2_English_Q37,"In the following reactions, P, Q, R, and S are the major products. Cl with (i) Mg, dry ether, (ii) H₂O gives P. Cl with (i) Mg, dry ether, (ii) CO₂, dry ether, (iii) H₃O⁺, (iv) NaOH gives Q. Cl with (i) Mg, dry ether, (ii) CH₃CHO, then H₂O, (iii) CrO₃ gives R. Cl with (i) ethanolic NaCN, (ii) H₂/ Ni, (iii) CHCl₃/KOH, Δ, (iv) LiAlH₄, then H₂O gives S. The correct statement about P, Q, R, and S is (A) P is a primary alcohol with four carbons. (B) Q undergoes Kolbe's electrolysis to give an eight-carbon product. (C) R has six carbons and it undergoes Cannizzaro reaction. (D) S is a primary amine with six carbons."
2023_2_English_Q38,A disaccharide X cannot be oxidised by bromine water. The acid hydrolysis of X leads to a laevorotatory solution. The disaccharide X is (A) CH₂OH O H H OH H H CH₂OH HO HO O CH₂OH H OH H (B) CH₂OH H CH₂OH H HOH₂C O H OH H HO HO CH₂OH (C) HO H O OH H OH H H H H HO H CH₂OH (D) CH₂OH O H H O H H H OH H H HO HO O HO H OH OH H
2023_2_English_Q39,"The complex(es), which can exhibit the type of isomerism shown by [Pt(NH₃)₂Br₂], is(are) [en = H₂NCH₂CH₂NH₂] (A) [Pt(en)(SCN)₂] (B) [Zn(NH₃)₂Cl₂] (C) [Pt(NH₃)₂Cl₄] (D) [Cr(en)₂(H₂O)(SO₄)]⁺"
2023_2_English_Q40,"Atoms of metals x, y, and z form face-centred cubic (fcc) unit cell of edge length Lₓ, body-centred cubic (bcc) unit cell of edge length Lᵧ, and simple cubic unit cell of edge length L₂ respectively. If r₂ = √3/2 rᵧ; rᵧ = 8/√3 rₓ; M₂ = 2/2 Mᵧ and M₂ = 3Mₓ, then the correct statement(s) is(are) [Given: Mₓ, Mᵧ, and M₂ are molar masses of metals x, y, and z, respectively. rₓ, rᵧ, and r₂ are atomic radii of metals x, y, and z, respectively.] (A) Packing efficiency of unit cell of x > Packing efficiency of unit cell of y > Packing efficiency of unit cell of z (B) Lᵧ > L₂ (C) Lₓ > Lᵧ (D) Density of x > Density of y"
2023_2_English_Q41,"In the following reactions, P, Q, R, and S are the major products. H₃CH₂C with (i) KMnO₄, KOH, Δ, (ii) H₃O⁺ gives P. MeOOC COCl with (i) NaOH, H₂O, (ii) H₃O⁺ gives Q. COOME with (i) H₃O⁺, Δ, (ii) H₂CrO₄ gives R. CN Br with (i) Mg, dry ether, (ii) CO₂, then H₃O⁺, (iii) Ammoniacal AgNO₃, H₃O⁺ gives S. The correct statement(s) about P, Q, R, and S is(are) (A) P and Q are monomers of polymers dacron and glyptal, respectively. (B) P, Q, and R are dicarboxylic acids. (C) Compounds Q and R are the same. (D) R does not undergo aldol condensation and S does not undergo Cannizzaro reaction."
2023_2_English_Q42,"H₂S (5 moles) reacts completely with acidified aqueous potassium permanganate solution. In this reaction, the number of moles of water produced is x, and the number of moles of electrons involved is y. The value of (x + y) is ___."
2023_2_English_Q43,"Among [I₃]⁺, [SiO₄]⁴⁻, SO₂Cl₂, XeF₂, SF₄, CIF₃, Ni(CO)₄, XeO₂F₂, [PtCl₄]²⁻, XeF₄, and SOCl₂, the total number of species having sp³ hybridised central atom is ___."
2023_2_English_Q44,"Consider the following molecules: Br₃O₈, F₂O, H₂S₄O₆, H₂S₅O₆, and C₃O₂. Count the number of atoms existing in their zero oxidation state in each molecule. Their sum is ___."
2023_2_English_Q45,"For He⁺, a transition takes place from the orbit of radius 105.8 pm to the orbit of radius 26.45 pm. The wavelength (in nm) of the emitted photon during the transition is ___. [Use: Bohr radius, a₀ = 52.9 pm Rydberg constant, Rʜ = 2.2 × 10⁻¹⁸ J Planck's constant, h = 6.6 × 10⁻³⁴ J s Speed of light, c = 3 × 10⁸ m s⁻¹]"
2023_2_English_Q46,"50 mL of 0.2 molal urea solution (density = 1.012 g mL⁻¹ at 300 K) is mixed with 250 mL of a solution containing 0.06 g of urea. Both the solutions were prepared in the same solvent. The osmotic pressure (in Torr) of the resulting solution at 300 K is ___. [Use: Molar mass of urea = 60 g mol⁻¹; gas constant, R = 62 L Torr K⁻¹ mol⁻¹; Assume, ΔmixH = 0, ΔmixV = 0]"
2023_2_English_Q47,"The reaction of 4-methyloct-1-ene (P, 2.52 g) with HBr in the presence of (C₆H₅CO)₂O₂ gives two isomeric bromides in a 9 : 1 ratio, with a combined yield of 50%. Of these, the entire amount of the primary alkyl bromide was reacted with an appropriate amount of diethylamine followed by treatment with aq. K₂CO₃ to give a non-ionic product S in 100% yield. The mass (in mg) of S obtained is ___. [Use molar mass (in g mol⁻¹): H = 1, C = 12, N = 14, Br = 80]"
2023_2_English_Q48,"The entropy versus temperature plot for phases α and β at 1 bar pressure is given. Sᴛ and S₀ are entropies of the phases at temperatures T and 0 K, respectively. The transition temperature for α to β phase change is 600 K and Cₚ,ᵦ - Cₚ,ᵅ = 1 J mol⁻¹ K⁻¹. Assume (Cₚ,ᵦ - Cₚ,ᵅ) is independent of temperature in the range of 200 to 700 K. Cₚ,ᵅ and Cₚ,ᵦ are heat capacities of α and β phases, respectively. The value of entropy change, Sᵦ – Sᵅ (in J mol⁻¹ K⁻¹), at 300 K is ___. [Use: ln 2 = 0.69 Given: Sᵦ – Sᵅ = 0 at 0 K]"
2023_2_English_Q49,"The entropy versus temperature plot for phases α and β at 1 bar pressure is given. Sᴛ and S₀ are entropies of the phases at temperatures T and 0 K, respectively. The transition temperature for α to β phase change is 600 K and Cₚ,ᵦ - Cₚ,ᵅ = 1 J mol⁻¹ K⁻¹. Assume (Cₚ,ᵦ - Cₚ,ᵅ) is independent of temperature in the range of 200 to 700 K. Cₚ,ᵅ and Cₚ,ᵦ are heat capacities of α and β phases, respectively. The value of enthalpy change, Ηᵦ – Ηᵅ (in J mol⁻¹), at 300 K is ___."
2023_2_English_Q50,"A trinitro compound, 1,3,5-tris-(4-nitrophenyl)benzene, on complete reaction with an excess of Sn/HCl gives a major product, which on treatment with an excess of NaNO₂/HCl at 0 °C provides P as the product. P, upon treatment with excess of H₂O at room temperature, gives the product Q. Bromination of Q in aqueous medium furnishes the product R. The compound P upon treatment with an excess of phenol under basic conditions gives the product S. The molar mass difference between compounds Q and R is 474 g mol⁻¹ and between compounds P and S is 172.5 g mol⁻¹. The number of heteroatoms present in one molecule of R is ___. [Use: Molar mass (in g mol⁻¹): H = 1, C = 12, N = 14, O = 16, Br = 80, Cl = 35.5 Atoms other than C and H are considered as heteroatoms]"
2023_2_English_Q51,"A trinitro compound, 1,3,5-tris-(4-nitrophenyl)benzene, on complete reaction with an excess of Sn/HCl gives a major product, which on treatment with an excess of NaNO₂/HCl at 0 °C provides P as the product. P, upon treatment with excess of H₂O at room temperature, gives the product Q. Bromination of Q in aqueous medium furnishes the product R. The compound P upon treatment with an excess of phenol under basic conditions gives the product S. The molar mass difference between compounds Q and R is 474 g mol⁻¹ and between compounds P and S is 172.5 g mol⁻¹. The total number of carbon atoms and heteroatoms present in one molecule of S is ___. [Use: Molar mass (in g mol⁻¹): H = 1, C = 12, N = 14, O = 16, Br = 80, Cl = 35.5 Atoms other than C and H are considered as heteroatoms]"
2024_1_English_Q01,"Let f(x) be a continuously differentiable function on the interval (0,∞) such that f(1) = 2 and lim_{t→x} (t^10 f(x) - x^10 f(t))/(t-x) = 1 for each x > 0. Then, for all x > 0, f(x) is equal to (A) (31)/(11x) - (9)/(11)x^10 (B) (9)/(11x) + (13)/(11)x^10 (C) -(9)/(11x) + (31)/(11)x^10 (D) (13)/(11x) + (9)/(11)x^10"
2024_1_English_Q02,"A student appears for a quiz consisting of only true-false type questions and answers all the questions. The student knows the answers of some questions and guesses the answers for the remaining questions. Whenever the student knows the answer of a question, he gives the correct answer. Assume that the probability of the student giving the correct answer for a question, given that he has guessed it, is 1/2. Also assume that the probability of the answer for a question being guessed, given that the student's answer is correct, is 1/6. Then the probability that the student knows the answer of a randomly chosen question is (A) 1/12 (B) 1/7 (C) 5/7 (D) 5/12"
2024_1_English_Q03,Let π/2 < x < π be such that cot x = -5/√11. Then (sin(11x/2))(sin 6x - cos 6x) + (cos(11x/2))(sin 6x + cos 6x) is equal to (A) (√11-1)/(2√3) (B) (√11+1)/(2√3) (C) (√11+1)/(3√2) (D) (√11-1)/(3√2)
2024_1_English_Q04,"Consider the ellipse x²/9 + y²/4 = 1. Let S(p,q) be a point in the first quadrant such that p²/9 + q²/4 > 1. Two tangents are drawn from S to the ellipse, of which one meets the ellipse at one end point of the minor axis and the other meets the ellipse at a point T in the fourth quadrant. Let R be the vertex of the ellipse with positive x-coordinate and O be the center of the ellipse. If the area of the triangle AORT is 3/2, then which of the following options is correct? (A) q = 2, p = 3√3 (B) q = 2, p = 4√3 (C) q = 1, p = 5√3 (D) q = 1, p = 6√3"
2024_1_English_Q05,"Let S={a+b√2 : a,b ∈Z}, T₁ = {(-1+√2)^n : n ∈N}, and T₂ = {(1+√2)^n :n∈N}. Then which of the following statements is (are) TRUE? (A) Z∪T₁∪T₂ ⊂ S (B) T₁∩(0, 1/2024) = φ, where φ denotes the empty set. (C) T₂ ∩(2024,∞) ≠ φ (D) For any given a,b∈Z, cos(π(a+b√2))+isin(π(a+b√2)) ∈ Z if and only if b = 0, where i = √-1."
2024_1_English_Q06,"Let R² denote R×R. Let S = {(a,b,c) : a,b,c ∈ R and ax² + 2bxy + cy² > 0 for all (x, y) ∈ R² – {(0,0)}}. Then which of the following statements is (are) TRUE? (A) (2, -7/2, 6) ∈ S (B) If (3, b, 1/12) ∈ S, then |2b| < 1. (C) For any given (a,b,c) ∈ S, the system of linear equations ax + by = 1, bx + cy = -1 has a unique solution. (D) For any given (a,b,c) ∈ S, the system of linear equations (a+1)x + by = 0, bx + (c + 1)y = 0 has a unique solution."
2024_1_English_Q07,"Let R³ denote the three-dimensional space. Take two points P = (1,2,3) and Q = (4,2,7). Let dist(X,Y) denote the distance between two points X and Y in R³. Let S = {X ∈ R³ : (dist(X, P))² -(dist(X,Q))² = 50} and T = {Y ∈ R³ : (dist(Y,Q))² – (dist(Y, P))² = 50}. Then which of the following statements is (are) TRUE? (A) There is a triangle whose area is 1 and all of whose vertices are from S. (B) There are two distinct points L and M in T such that each point on the line segment LM is also in T. (C) There are infinitely many rectangles of perimeter 48, two of whose vertices are from S and the other two vertices are from T. (D) There is a square of perimeter 48, two of whose vertices are from S and the other two vertices are from T."
2024_1_English_Q08,"Let a = 3√2 and b = 1/(5^(1/6) √6). If x, y ∈ R are such that 3x+2y = log_b (18)^5 and 2x - y = log_a (√1080), then 4x+5y is equal to ___."
2024_1_English_Q09,"Let f(x) = x⁴ + ax³ +bx² + c be a polynomial with real coefficients such that f(1) = -9. Suppose that i√3 is a root of the equation 4x³ +3ax² +2bx = 0, where i = √–1. If a₁,a₂, a₃, and a₄ are all the roots of the equation f(x) = 0, then |a₁|² +|a₂|²+|a₃|²+|a₄|² is equal to ___."
2024_1_English_Q10,"Let S = {A = [[1, 0, 1], [1, a, c], [1, b, d]] : a, b, c, d, e ∈ {0, 1} and |A| ∈ {-1,1}}, where |A| denotes the determinant of A. Then the number of elements in S is ___."
2024_1_English_Q11,"A group of 9 students, S₁, S₂,...,S₉, is to be divided to form three teams X,Y, and Z of sizes 2,3, and 4, respectively. Suppose that s₁ cannot be selected for the team X, and S₂ cannot be selected for the team Y. Then the number of ways to form such teams, is ___."
2024_1_English_Q12,"Let OP = (α-1)/α î + j + k, OQ = î + (β-1)/β j + k and OR = î + j + 1/2 k be three vectors, where α, β∈ R - {0} and O denotes the origin. If (OP×OQ)·OR = 0 and the point (α, β, 2) lies on the plane 3x + 3y - z + l = 0, then the value of l is ___."
2024_1_English_Q13,"Let X be a random variable, and let P(X = x) denote the probability that X takes the value x. Suppose that the points (x, P(X = x)), x = 0,1,2,3,4, lie on a fixed straight line in the xy-plane, and P(X = x) = 0 for all x ∈ R - {0,1,2,3,4}. If the mean of X is 5/2, and the variance of X is a, then the value of 24a is ___."
2024_1_English_Q14,"Let α and β be the distinct roots of the equation x²+x−1=0. Consider the set T = {1,α, β}. For a 3×3 matrix M = (a_ij), define Rᵢ = a_i1 + a_i2 + a_i3 and C_j = a_1j + a_2j + a_3j for i = 1,2,3 and j = 1,2,3. Match each entry in List-I to the correct entry in List-II. List-I: (P) The number of matrices M = (a_ij)_3x3 with all entries in T such that Rᵢ = C_j = 0 for all i, j, is (Q) The number of symmetric matrices M = (a_ij)_3x3 with all entries in T such that C_j = 0 for all j, is (R) Let M = (a_ij)_3x3 be a skew symmetric matrix such that a_ij ∈T for i > j . Then the number of elements in the set {[[x], [y], [z]] : x, y, z∈R, M [[x], [y], [z]] = [[a_12], [0], [-a_23]]} is (S) Let M = (a_ij)_3x3 be a matrix with all entries in T such that Rᵢ = 0 for all i. Then the absolute value of the determinant of M is List-II: (1) 1 (2) 12 (3) infinite (4) 6 (5) 0 The correct option is (A) (P)→(4), (Q)→(2), (R)→(5), (S) → (1) (B) (P)→(2), (Q)→(4), (R)→(1), (S) → (5) (C) (P)→(2), (Q)→(4), (R)→(3), (S) → (5) (D) (P)→(1), (Q)→(5), (R)→(3), (S) → (4)"
2024_1_English_Q15,"Let the straight line y = 2x touch a circle with center (0,α), α > 0, and radius r at a point A₁. Let B₁ be the point on the circle such that the line segment A₁B₁ is a diameter of the circle. Let α+r=5+√5. Match each entry in List-I to the correct entry in List-II. List-I: (P) α equals (Q) r equals (R) A₁ equals (S) B₁ equals List-II: (1) (-2,4) (2) √5 (3) (-2,6) (4) 5 (5) (2,4) The correct option is (A) (P)→(4), (Q)→(2), (R)→(1), (S) → (3) (B) (P)→(2), (Q)→(4), (R)→(1), (S) → (3) (C) (P)→(4), (Q)→(2), (R)→(5), (S) → (3) (D) (P)→(2), (Q)→(4), (R)→(3), (S) → (5)"
2024_1_English_Q16,"Let γ ∈ R be such that the lines L₁ : (x+11)/1 = (y+21)/2 = (z+29)/3 and L₂: (x+16)/3 = (y+11)/2 = (z+4)/γ intersect. Let R₁ be the point of intersection of L₁ and L₂. Let O=(0,0,0), and n̂ denote a unit normal vector to the plane containing both the lines L₁ and L₂. Match each entry in List-I to the correct entry in List-II. List-I: (P) γ equals (Q) A possible choice for n̂ is (R) OR₁ equals (S) A possible value of OR₁·n̂ is List-II: (1) -î - j + k (2) √3/√2 (3) 1 (4) (1/√6) î - (2/√6) j + (1/√6) k (5) √(2/3) The correct option is (A) (P)→(3), (Q)→(4), (R)→(1), (S) → (2) (B) (P)→(5), (Q)→(4), (R)→(1), (S) → (2) (C) (P)→(3), (Q)→(4), (R)→(1), (S) → (5) (D) (P)→(3), (Q)→(1), (R)→(4), (S) → (5)"
2024_1_English_Q17,"Let f: R→R and g: R → R be functions defined by f(x) = {|x|sin(1/x), x ≠ 0; 0, x = 0} and g(x) = {1-2x, 0≤x≤1/2; 0, otherwise}. Let a,b,c,d ∈ R. Define the function h: R→R by h(x)=af(x)+b(g(x)+g(1/2-x))+c(x-g(x))+d g(x), x ∈ R. Match each entry in List-I to the correct entry in List-II. List-I: (P) If a = 0, b =1, c = 0, and d = 0, then (Q) If a = 1, b = 0, c = 0, and d = 0, then (R) If a = 0, b = 0, c=1, and d = 0, then (S) If a = 0, b = 0, c = 0, and d = 1, then List-II: (1) h is one-one. (2) h is onto. (3) h is differentiable on R. (4) the range of h is [0,1]. (5) the range of h is {0,1}. The correct option is (A) (P)→(4), (Q)→(3), (R)→(1), (S) → (2) (B) (P)→(5), (Q)→(2), (R)→(4), (S) → (3) (C) (P)→(5), (Q)→(3), (R)→(2), (S) → (4) (D) (P)→(4), (Q)→(2), (R)→(1), (S) → (3)"
2024_1_English_Q18,"A dimensionless quantity is constructed in terms of electronic charge e, permittivity of free space Ɛ₀, Planck's constant h, and speed of light c. If the dimensionless quantity is written as e^α Ɛ₀^β h^γ c^δ and n is a non-zero integer, then (α, β, γ, δ) is given by (A) (2n, -n, -n, -n) (B) (n, -n, -2n, -n) (C) (n, -n, -n, -2n) (D) (2n, -n, -2n, -2n)"
2024_1_English_Q19,"An infinitely long wire, located on the z-axis, carries a current I along the +z-direction and produces the magnetic field B. The magnitude of the line integral ∫ B · dl along a straight line from the point (-√3a, a, 0) to (a, a, 0) is given by [µ₀ is the magnetic permeability of free space.] (A) 7µ₀I/24 (B) 7µ₀I/12 (C) µ₀I/8 (D) µ₀I/6"
2024_1_English_Q20,"Two beads, each with charge q and mass m, are on a horizontal, frictionless, non-conducting, circular hoop of radius R. One of the beads is glued to the hoop at some point, while the other one performs small oscillations about its equilibrium position along the hoop. The square of the angular frequency of the small oscillations is given by [Ɛ₀ is the permittivity of free space.] (A) q²/(4πƐ₀R³m) (B) q²/(32πƐ₀R³m) (C) q²/(8πƐ₀R³m) (D) q²/(16πƐ₀R³m)"
2024_1_English_Q21,"A block of mass 5 kg moves along the x-direction subject to the force F = (−20x + 10) N, with the value of x in metre. At time t = 0 s, it is at rest at position x = 1 m. The position and momentum of the block at t = (π/4) s are (A) -0.5 m, 5 kg m/s (B) 0.5 m, 0 kg m/s (C) 0.5 m, -5 kg m/s (D) -1 m, 5 kg m/s"
2024_1_English_Q22,"A particle of mass m is moving in a circular orbit under the influence of the central force F(r) = -kr, corresponding to the potential energy V(r) = kr²/2, where k is a positive force constant and r is the radial distance from the origin. According to the Bohr's quantization rule, the angular momentum of the particle is given by L = nħ, where ħ = h/(2π), h is the Planck's constant, and n a positive integer. If v and E are the speed and total energy of the particle, respectively, then which of the following expression(s) is(are) correct? (A) r² = nħ√(1/(mk)) (B) v² = nħ√(k/m³) (C) L/(mr²) = √(k/m) (D) E = nħ/2 √(k/m)"
2024_1_English_Q23,"Two uniform strings of mass per unit length µ and 4μ, and length L and 2L, respectively, are joined at point O, and tied at two fixed ends P and Q, as shown in the figure. The strings are under a uniform tension T. If we define the frequency v₀ = (1/(2L))√(T/µ), which of the following statement(s) is(are) correct? (A) With a node at O, the minimum frequency of vibration of the composite string is v₀. (B) With an antinode at O, the minimum frequency of vibration of the composite string is 2v₀. (C) When the composite string vibrates at the minimum frequency with a node at O, it has 6 nodes, including the end nodes. (D) No vibrational mode with an antinode at O is possible for the composite string."
2024_1_English_Q24,"A glass beaker has a solid, plano-convex base of refractive index 1.60, as shown in the figure. The radius of curvature of the convex surface (SPU) is 9 cm, while the planar surface (STU) acts as a mirror. This beaker is filled with a liquid of refractive index n up to the level QPR. If the image of a point object O at a height of h (OT in the figure) is formed onto itself, then, which of the following option(s) is(are) correct? (A) For n = 1.42, h = 50 cm. (B) For n = 1.35, h = 36 cm. (C) For n = 1.45, h = 65 cm. (D) For n = 1.48, h = 85 cm."
2024_1_English_Q25,"The specific heat capacity of a substance is temperature dependent and is given by the formula C = kT, where k is a constant of suitable dimensions in SI units, and T is the absolute temperature. If the heat required to raise the temperature of 1 kg of the substance from -73 °C to 27 °C is nk, the value of n is ___. [Given: 0 K = -273 °C.]"
2024_1_English_Q26,"A disc of mass M and radius R is free to rotate about its vertical axis as shown in the figure. A battery operated motor of negligible mass is fixed to this disc at a point on its circumference. Another disc of the same mass M and radius R/2 is fixed to the motor's thin shaft. Initially, both the discs are at rest. The motor is switched on so that the smaller disc rotates at a uniform angular speed ω. If the angular speed at which the large disc rotates is ω/n, then the value of n is ___."
2024_1_English_Q27,"A point source S emits unpolarized light uniformly in all directions. At two points A and B, the ratio r = I_A/I_B of the intensities of light is 2. If a set of two polaroids having 45° angle between their pass-axes is placed just before point B, then the new value of r will be ___."
2024_1_English_Q28,"A source (S) of sound has frequency 240 Hz. When the observer (O) and the source move towards each other at a speed v with respect to the ground (as shown in Case 1 in the figure), the observer measures the frequency of the sound to be 288 Hz. However, when the observer and the source move away from each other at the same speed v with respect to the ground (as shown in Case 2 in the figure), the observer measures the frequency of sound to be n Hz. The value of n is ___."
2024_1_English_Q29,"Two large, identical water tanks, 1 and 2, kept on the top of a building of height H, are filled with water up to height h in each tank. Both the tanks contain an identical hole of small radius on their sides, close to their bottom. A pipe of the same internal radius as that of the hole is connected to tank 2, and the pipe ends at the ground level. When the water flows from the tanks 1 and 2 through the holes, the times taken to empty the tanks are t₁ and t₂, respectively. If H = (1/2)h, then the ratio t₁/t₂ is ___."
2024_1_English_Q30,"A thin uniform rod of length L and certain mass is kept on a frictionless horizontal table with a massless string of length L fixed to one end (top view is shown in the figure). The other end of the string is pivoted to a point O. If a horizontal impulse P is imparted to the rod at a distance x = L/n from the mid-point of the rod (see figure), then the rod and string revolve together around the point O, with the rod remaining aligned with the string. In such a case, the value of n is ___."
2024_1_English_Q31,"One mole of a monatomic ideal gas undergoes the cyclic process J→ K→ L→ M→ J, as shown in the P-T diagram. Match the quantities mentioned in List-I with their values in List-II and choose the correct option. [R is the gas constant.] List-I: (P) Work done in the complete cyclic process (Q) Change in the internal energy of the gas in the process JK (R) Heat given to the gas in the process KL (S) Change in the internal energy of the gas in the process MJ List-II: (1) RT₀ - 4RT₀ ln 2 (2) 0 (3) 3RT₀ (4) -2RT₀ ln 2 (5) -3RT₀ ln 2 The correct option is (A) P → 1; Q → 3; R → 5; S → 4 (B) P → 4; Q → 3; R → 5; S → 2 (C) P → 4; Q → 1; R → 2; S → 2 (D) P → 2; Q → 5; R → 3; S → 4"
2024_1_English_Q32,"Four identical thin, square metal sheets, S₁, S₂, S₃ and S₄, each of side a are kept parallel to each other with equal distance d (≪ a) between them, as shown in the figure. Let C₀ = Ɛ₀a²/d, where Ɛ₀ is the permittivity of free space. Match the quantities mentioned in List-I with their values in List-II and choose the correct option. List-I: (P) The capacitance between S₁ and S₄, with S₂ and S₃ not connected, is (Q) The capacitance between S₁ and S₄, with S₂ shorted to S₃, is (R) The capacitance between S₁ and S₃, with S₂ shorted to S₄, is (S) The capacitance between S₁ and S₂, with S₃ shorted to S₁, and S₂ shorted to S₄, is List-II: (1) 3C₀ (2) C₀/2 (3) C₀/3 (4) 2C₀/3 (5) 2C₀ The correct option is (A) P → 3; Q → 2; R → 4; S → 5 (B) P → 2; Q → 3; R → 2; S → 1 (C) P → 3; Q → 2; R → 4; S → 1 (D) P → 3; Q → 2; R → 2; S → 5"
2024_1_English_Q33,"A light ray is incident on the surface of a sphere of refractive index n at an angle of incidence θ₀. The ray partially refracts into the sphere with angle of refraction φ₀ and then partly reflects from the back surface. The reflected ray then emerges out of the sphere after a partial refraction. The total angle of deviation of the emergent ray with respect to the incident ray is α. Match the quantities mentioned in List-I with their values in List-II and choose the correct option. List-I: (P) If n = 2 and α = 180°, then all the possible values of θ₀ will be (Q) If n = √3 and α = 180°, then all the possible values of θ₀ will be (R) If n = √3 and α = 180°, then all the possible values of φ₀ will be (S) If n = √2 and θ₀ = 45°, then all the possible values of α will be List-II: (1) 30° and 0° (2) 60° and 0° (3) 45° and 0° (4) 150° (5) 0° The correct option is (A) P → 5; Q → 2; R→ 1; S→ 4 (B) P → 5; Q → 1; R→ 2; S→ 4 (C) P → 3; Q → 2; R→ 1; S→4 (D) P → 3; Q → 1; R→ 2; S→ 5"
2024_1_English_Q34,"The circuit shown in the figure contains an inductor L, a capacitor C₀, a resistor R₀ and an ideal battery. The circuit also contains two keys K₁ and K₂. Initially, both the keys are open and there is no charge on the capacitor. At an instant, key K₁ is closed and immediately after this the current in R₀ is found to be I₁. After a long time, the current attains a steady state value I₂. Thereafter, K₂ is closed and simultaneously K₁ is opened and the voltage across C₀ oscillates with amplitude V₀ and angular frequency ω₀. Match the quantities mentioned in List-I with their values in List-II and choose the correct option. List-I: (P) The value of I₁ in Ampere is (Q) The value of I₂ in Ampere is (R) The value of ω₀ in kilo-radians/s is (S) The value of V₀ in Volt is List-II: (1) 0 (2) 2 (3) 4 (4) 20 (5) 200 The correct option is (A) P → 1; Q → 3; R → 2; S → 5 (B) P → 1; Q → 2; R → 3; S→5 (C) P → 1; Q → 3; R → 2; S→4 (D) P → 2; Q → 5; R → 3; S → 4"
2024_1_English_Q35,"A closed vessel contains 10 g of an ideal gas X at 300 K, which exerts 2 atm pressure. At the same temperature, 80 g of another ideal gas Y is added to it and the pressure becomes 6 atm. The ratio of root mean square velocities of X and Y at 300 K is (A) 2√2 : √3 (B) 2√2 : 1 (C) 1 : 2 (D) 2 : 1"
2024_1_English_Q36,"At room temperature, disproportionation of an aqueous solution of in situ generated nitrous acid (HNO₂) gives the species (A) H₃O⁺, NO₃⁻ and NO (B) H₃O⁺, NO₃⁻ and NO₂ (C) H₃O⁺, NO and NO₂ (D) H₃O⁺, NO₃⁻ and N₂O"
2024_1_English_Q37,"Aspartame, an artificial sweetener, is a dipeptide aspartyl phenylalanine methyl ester. The structure of aspartame is [Structures of phenylalanine and aspartic acid are given below. Phenylalanine structure: H₂N - CH(CH₂Ph) - COOH. Aspartic acid structure: H₂N - CH(CH₂COOH) - COOH.] (A) HO-[structure] (B) HO-[structure] (C) H₂N-[structure] (D) MeO-[structure]"
2024_1_English_Q38,"Among the following options, select the option in which each complex in Set-I shows geometrical isomerism and the two complexes in Set-II are ionization isomers of each other. [en = H₂NCH₂CH₂NH₂] (A) Set-I: [Ni(CO)₄] and [PdCl₂(PPh₃)₂] Set-II: [Co(NH₃)₅Cl]SO₄ and [Co(NH₃)₅(SO₄)]Cl (B) Set-I: [Co(en)(NH₃)₂Cl₂] and [PdCl₂(PPh₃)₂] Set-II: [Co(NH₃)₆][Cr(CN)₆] and [Cr(NH₃)₆][Co(CN)₆] (C) Set-I: [Co(NH₃)₃(NO₂ )₃] and [Co(en)₂Cl₂] Set-II: [Co(NH₃)₅Cl]SO₄ and [Co(NH₃)₅(SO₄)]Cl (D) Set-I: [Cr(NH₃)₅Cl]Cl₂ and [Co(en)(NH₃)₂Cl₂] Set-II: [Cr(H₂O)₆]Cl₃ and [Cr(H₂O)₅Cl]Cl₂·H₂O"
2024_1_English_Q39,"Among the following, the correct statement(s) for electrons in an atom is(are) (A) Uncertainty principle rules out the existence of definite paths for electrons. (B) The energy of an electron in 2s orbital of an atom is lower than the energy of an electron that is infinitely far away from the nucleus. (C) According to Bohr's model, the most negative energy value for an electron is given by n = 1, which corresponds to the most stable orbit. (D) According to Bohr's model, the magnitude of velocity of electrons increases with increase in values of n."
2024_1_English_Q40,"Reaction of iso-propylbenzene with O₂ followed by the treatment with H₃O⁺ forms phenol and a by-product P. Reaction of P with 3 equivalents of Cl₂ gives compound Q. Treatment of Q with Ca(OH)₂ produces compound R and calcium salt S. The correct statement(s) regarding P, Q, R and S is(are) (A) Reaction of P with R in the presence of KOH followed by acidification gives H₃C-C(CCl₃)-CH₃ (B) Reaction of R with O₂ in the presence of light gives phosgene gas (C) Q reacts with aqueous NaOH to produce Cl₃CCH₂OH and Cl₃CCOONa (D) S on heating gives P"
2024_1_English_Q41,"The option(s) in which at least three molecules follow Octet Rule is(are) (A) CO₂, C₂H₄, NO and HCl (B) NO₂, O₃, HCl and H₂SO₄ (C) BCl₃, NO, NO₂ and H₂SO₄ (D) CO₂, BCl₃, O₃ and C₂H₄"
2024_1_English_Q42,"Consider the following volume-temperature (V-T) diagram for the expansion of 5 moles of an ideal monoatomic gas. Considering only P-V work is involved, the total change in enthalpy (in Joule) for the transformation of state in the sequence X → Y → Z is ___. [Use the given data: Molar heat capacity of the gas for the given temperature range, C_v, m = 12 J K⁻¹ mol⁻¹ and gas constant, R = 8.3 J K⁻¹ mol⁻¹]"
2024_1_English_Q43,"Consider the following reaction, 2H₂(g) + 2NO(g) →N₂(g) +2H₂O(g) which follows the mechanism given below: k₁ 2NO(g) <=> N₂O₂(g) (fast equilibrium) k₋₁ k₂ N₂O₂(g) + H₂(g) → N₂O(g) + H₂O(g) (slow reaction) k₃ N₂O(g) + H₂(g) → N₂(g) + H₂O(g) (fast reaction) The order of the reaction is ___."
2024_1_English_Q44,"Complete reaction of acetaldehyde with excess formaldehyde, upon heating with conc. NaOH solution, gives P and Q. Compound P does not give Tollens' test, whereas Q on acidification gives positive Tollens' test. Treatment of P with excess cyclohexanone in the presence of catalytic amount of p-toluenesulfonic acid (PTSA) gives product R. Sum of the number of methylene groups (-CH₂-) and oxygen atoms in R is ___."
2024_1_English_Q45,"Among V(CO)₆, Cr(CO)₅, Cu(CO)₃, Mn(CO)₅, Fe(CO)₅, [Co(CO)₃]³⁻, [Cr(CO)₄]⁴⁻, and Ir(CO)₃, the total number of species isoelectronic with Ni(CO)₄ is ___. [Given, atomic number: V = 23, Cr = 24, Mn = 25, Fe = 26, Co = 27, Ni = 28, Cu = 29, Ir = 77]"
2024_1_English_Q46,"In the following reaction sequence, the major product P is formed. H-C≡C-CO₂Et --(i) Hg²⁺, H₃O⁺ --(ii) Zn-Hg/HCl --(iii) H₃O⁺, Δ--> P Glycerol reacts completely with excess P in the presence of an acid catalyst to form Q. Reaction of Q with excess NaOH followed by the treatment with CaCl₂ yields Ca-soap R, quantitatively. Starting with one mole of Q, the amount of R produced in gram is ___. [Given, atomic weight: H = 1, C = 12, N = 14, O = 16, Na = 23, Cl = 35, Ca = 40]"
2024_1_English_Q47,"Among the following complexes, the total number of diamagnetic species is ___. [Mn(NH₃)₆]³⁺, [MnCl₆]³⁻, [FeF₆]³⁻, [CoF₆]³⁻, [Fe(NH₃)₆]³⁺, and [Co(en)₃]³⁺ [Given, atomic number: Mn = 25, Fe = 26, Co = 27; en = H₂NCH₂CH₂NH₂]"
2024_1_English_Q48,"In a conductometric titration, small volume of titrant of higher concentration is added stepwise to a larger volume of titrate of much lower concentration, and the conductance is measured after each addition. The limiting ionic conductivity (Λ₀) values (in mS m² mol⁻¹) for different ions in aqueous solutions are given below: Ions: Ag⁺ (6.2), K⁺ (7.4), Na⁺ (5.0), H⁺ (35.0), NO₃⁻ (7.2), Cl⁻ (7.6), SO₄²⁻ (16.0), OH⁻ (19.9), CH₃COO⁻ (4.1). For different combinations of titrates and titrants given in List-I, the graphs of 'conductance' versus 'volume of titrant' are given in List-II. Match each entry in List-I to the correct entry in List-II. List-I: (P) Titrate: KCl Titrant: AgNO₃ (Q) Titrate: AgNO₃ Titrant: KCl (R) Titrate: NaOH Titrant: HCl (S) Titrate: NaOH Titrant: CH₃COOH List-II: (1) Graph showing decrease then increase (2) Graph showing initial high conductance, then sharp drop, then increase (3) Graph showing initial decrease, then sharp increase (4) Graph showing continuous decrease (5) Graph showing initial high conductance, then sharp drop, then relatively flat. The correct option is (A) P-4, Q-3, R-2, S-5 (B) P-2, Q-4, R-3, S-1 (C) P-3, Q-4, R-2, S-5 (D) P-4, Q-3, R-2, S-1"
2024_1_English_Q49,"Based on VSEPR model, match the xenon compounds given in List-I with the corresponding geometries and the number of lone pairs on xenon given in List-II and choose the correct option. List-I: (P) XeF₂ (Q) XeF₄ (R) XeO₃ (S) XeO₃F₂ List-II: (1) Trigonal bipyramidal and two lone pair of electrons (2) Tetrahedral and one lone pair of electrons (3) Octahedral and two lone pair of electrons (4) Trigonal bipyramidal and no lone pair of electrons (5) Trigonal bipyramidal and three lone pair of electrons The correct option is (A) P-5, Q-2, R-3, S-1 (B) P-5, Q-3, R-2, S-4 (C) P-4, Q-3, R-2, S-1 (D) P-4, Q-2, R-5, S-3"
2024_1_English_Q50,"List-I contains various reaction sequences and List-II contains the possible products. Match each entry in List-I with the appropriate entry in List-II and choose the correct option. List-I: (P) Reaction sequence starting with Cyclohexene, (i) O₃, Zn (ii) aq. NaOH, Δ (iii) ethylene glycol, PTSA (iv) a) BH₃, b) H₂O₂, NaOH (v) H₃O⁺ (vi) NaBH₄ (Q) Reaction sequence starting with 1-Methylcyclohexene, (i) O₃, Zn (ii) aq. NaOH, Δ (iii) ethylene glycol, PTSA (iv) a) BH₃, b) H₂O₂, NaOH (v) H₃O⁺ (vi) NaBH₄ (R) Reaction sequence starting with Cyclohexanone, (i) ethylene glycol, PTSA (ii) a) Hg(OAc)₂, H₂O, b) NaBH₄ (iii) H₃O⁺ (iv) NaBH₄ (S) Reaction sequence starting with 1-Methylcyclohexanone, (i) ethylene glycol, PTSA (ii) a) BH₃, b) H₂O₂, NaOH (iii) H₃O⁺ (iv) NaBH₄ List-II: (1) Chemical structure with labels: HO, CH₃, OH (2) Chemical structure with labels: OH, CH₃, HO (3) Chemical structure with labels: OH, OH, CH₃ (4) Chemical structure with labels: HO, CH₃, OH (5) Chemical structure with labels: CH₃, CH₃, OH, OH The correct option is (A) P-3, Q-5, R-4, S-1 (B) P-3, Q-2, R-4, S-1 (C) P-3, Q-5, R-1, S-4 (D) P-5, Q-2, R-4, S-1"
2024_1_English_Q51,"List-I contains various reaction sequences and List-II contains different phenolic compounds. Match each entry in List-I with the appropriate entry in List-II and choose the correct option. List-I: (P) Reaction sequence starting with a benzene ring with SO₃H, (i) molten NaOH, H₃O⁺ (ii) Conc. HNO₃ (Q) Reaction sequence starting with a benzene ring with NO₂, (i) Conc. HNO₃ / Conc. H₂SO₄ (ii) Sn / HCl (iii) NaNO₂ /HCl, 0 - 5 °C, (iv) H₂O (v) Conc. HNO₃ / Conc. H₂SO₄ (R) Reaction sequence starting with a benzene ring with OH, (i) Conc. H₂SO₄ (ii) Conc. HNO₃ (iii) H₃O⁺, Δ (S) Reaction sequence starting with a benzene ring with Me, (i) a) KMnO₄ / KOH, Δ; b) H₃O⁺ (ii) Conc. HNO₃ / Conc. H₂SO₄, Δ (iii) a) SOCl₂, b) NH₃ (iv) Br₂, NaOH (v) NaNO₂ / HCl, 0 - 5 °C (vi) H₂O List-II: (1) Chemical structure with labels: OH, O₂N, NO₂ (2) Chemical structure with labels: OH, NO₂, NO₂ (3) Chemical structure with labels: OH, O₂N, NO₂, OH (4) Chemical structure with labels: OH, NO₂, OH (5) Chemical structure with labels: OH, O₂N, NO₂, OH, NO₂ The correct option is (A) P-2, Q-3, R-4, S-5 (B) P-2, Q-3, R-5, S-1 (C) P-3, Q-5, R-4, S-1 (D) P-3, Q-2, R-5, S-4"
2024_2_English_Q01,"Considering only the principal values of the inverse trigonometric functions, the value of tan sin⁻¹(3/5) - 2 cos⁻¹(√5/2) is (A) 7/24 (B) -7/24 (C) -5/24 (D) 5/24"
2024_2_English_Q02,"Let S = {(x, y) ∈ R × R : x ≥ 0, y ≥ 0, y² ≤ 4x, y² ≤ 12−2x and 3y + √8 x ≤ 5√8}. If the area of the region S is a√2, then a is equal to (A) 17/2 (B) 17/3 (C) 17/4 (D) 17/5"
2024_2_English_Q03,"Let k ∈ R. If lim_(x→0+) (sin(sinkx) + cosx + x)² = e⁶, then the value of k is (A) 1 (B) 2 (C) 3 (D) 4"
2024_2_English_Q04,"Let f: R → R be a function defined by f(x) = {x² sin(π/x²), if x ≠ 0; 0, if x = 0}. Then which of the following statements is TRUE? (A) f(x) = 0 has infinitely many solutions in the interval [1/10¹⁰, ∞). (B) f(x) = 0 has no solutions in the interval [1/π, ∞). (C) The set of solutions of f(x) = 0 in the interval (0, 1/10¹⁰] is finite. (D) f(x) = 0 has more than 25 solutions in the interval [1/π², 1/π)."
2024_2_English_Q05,"Let S be the set of all (a, β) ∈ R × R such that lim_(x→∞) sin(x²)(logₑ x)ˢⁱⁿ(¹/ₓ²) / (xᵃ⁺ᵝ (logₑ(1+x))ᵝ) = 0. Then which of the following is (are) correct? (A) (-1, 3) ∈ S (B) (-1, 1) ∈ S (C) (1, -1) ∈ S (D) (1, 2) ∈ S"
2024_2_English_Q06,"A straight line drawn from the point P(1,3,2), parallel to the line (x-2)/1 = (y-4)/2 = (z-6)/1 intersects the plane L₁ : x−y+3z = 6 at the point Q. Another straight line which passes through Q and is perpendicular to the plane L₁ intersects the plane L₂ : 2x - y + z = −4 at the point R. Then which of the following statements is (are) TRUE? (A) The length of the line segment PQ is √6 (B) The coordinates of R are (1,6,3) (C) The centroid of the triangle PQR is (4/3, 14/3, 5/3) (D) The perimeter of the triangle PQR is √2 + √6+ √11"
2024_2_English_Q07,"Let A₁, B₁, C₁be three points in the xy-plane. Suppose that the lines AC₁ and B₁C₁ are tangents to the curve y² = 8x at A₁and B₁, respectively. If O = (0,0) and C₁ =(−4,0), then which of the following statements is (are) TRUE? (A) The length of the line segment OA₁ is 4√3 (B) The length of the line segment A₁B₁ is 16 (C) The orthocenter of the triangle A₁B₁C₁ is (0,0) (D) The orthocenter of the triangle A₁B₁C₁ is (1,0)"
2024_2_English_Q08,"Let f : R → R be a function such that f (x + y) = f (x)+ f (y) for all x, y ∈ R, and g : R → (0,∞) be a function such that g(x + y) = g(x)g(y) for all x, y ∈ R. If f(-3/5) = 12 and g(-1/3) = 2, then the value of (f(4) + g(-2) -8) / g(0) is _____"
2024_2_English_Q09,"A bag contains N balls out of which 3 balls are white, 6 balls are green, and the remaining balls are blue. Assume that the balls are identical otherwise. Three balls are drawn randomly one after the other without replacement. For i =1,2,3, let W₁,G₁, and B₁ denote the events that the ball drawn in the iᵗʰ draw is a white ball, green ball, and blue ball, respectively. If the probability P(W₁∩G₂∩B₃) = 2/(5N) and the conditional probability P(B₁| W₁∩G₂) = 2/9, then N equals _____"
2024_2_English_Q10,Let the function f : R → R be defined by f(x) = sin(x)(x²⁰²³ + 2024x + 2025)/(eˣ - e⁻ˣ) + 2(x²⁰²³ +2024x + 2025)/(eᵡ - e⁻ˣ). Then the number of solutions of f(x) = 0 in R is _____
2024_2_English_Q11,"Let p = 2i+j+3k and q = i-j+k. If for some real numbers α, β, and γ, we have 15i +10j+6k = α(2p+q)+β(p-2q)+γ(p×q), then the value of γ is _____"
2024_2_English_Q12,"A normal with slope 1/√6 is drawn from the point (0,-a) to the parabola x² = -4ay, where a > 0. Let L be the line passing through (0,−a) and parallel to the directrix of the parabola. Suppose that L intersects the parabola at two points A and B. Let r denote the length of the latus rectum and s denote the square of the length of the line segment AB. If r :s=1:16, then the value of 24a is _____"
2024_2_English_Q13,"Let the function f : [1,∞) → R be defined by f(t) = {(-1)ⁿ⁺¹2, if t = 2n−1, n∈ N; ((2n+1-t)/2) f(2n-1)+ ((t-(2n-1))/2) f(2n+1), if 2n-1<t<2n+1, n ∈ N}. Define g(x) = ∫_1^x f(t) dt, x ∈ (1,∞). Let α denote the number of solutions of the equation g(x) = 0 in the interval (1,8] and β = lim_(x→1+) g(x)/(x-1). Then the value of α + β is equal to _____"
2024_2_English_Q14,"If n(X) = ⁶Cₘ, then the value of m is _____"
2024_2_English_Q15,"If the value of n(Y)+n(Z) is k², then | k | is _____"
2024_2_English_Q16,The value of 2 ∫_0^(π/2) f(x)g(x)dx - ∫_0^(π/2) g(x)dx is _____
2024_2_English_Q17,The value of (16/π³) ∫_0^(π/2) f(x)g(x)dx is _____
2024_2_English_Q18,"A region in the form of an equilateral triangle (in x-y plane) of height L has a uniform magnetic field B pointing in the +z-direction. A conducting loop PQR, in the form of an equilateral triangle of the same height L, is placed in the x-y plane with its vertex P at x = 0 in the orientation shown in the figure. At t = 0, the loop starts entering the region of the magnetic field with a uniform velocity v along the +x-direction. The plane of the loop and its orientation remain unchanged throughout its motion. Which of the following graph best depicts the variation of the induced emf (E) in the loop as a function of the distance (x) starting from x = 0? (A) (B) (C) (D)"
2024_2_English_Q19,"A particle of mass m is under the influence of the gravitational field of a body of mass M (» m). The particle is moving in a circular orbit of radius r₀ with time period T₀ around the mass M. Then, the particle is subjected to an additional central force, corresponding to the potential energy V(r) = ma/r³, where a is a positive constant of suitable dimensions and r is the distance from the center of the orbit. If the particle moves in the same circular orbit of radius r₀ in the combined gravitational potential due to M and V(r), but with a new time period T₁, then (T₁² – T₀²)/T₀² is given by [G is the gravitational constant.] (A) 3α/(GMr₀³) (B) α/(2GMr₀³) (C) α/(GMr₀³) (D) 2α/(GMr₀³)"
2024_2_English_Q20,"A metal target with atomic number Z = 46 is bombarded with a high energy electron beam. The emission of X-rays from the target is analyzed. The ratio r of the wavelengths of the Kα-line and the cut-off is found to be r = 2. If the same electron beam bombards another metal target with Z = 41, the value of r will be (A) 2.53 (B) 1.27 (C) 2.24 (D) 1.58"
2024_2_English_Q21,"A thin stiff insulated metal wire is bent into a circular loop with its two ends extending tangentially from the same point of the loop. The wire loop has mass m and radius r and it is in a uniform vertical magnetic field B₀, as shown in the figure. Initially, it hangs vertically downwards, because of acceleration due to gravity g, on two conducting supports at P and Q. When a current I is passed through the loop, the loop turns about the line PQ by an angle θ given by (A) tan θ = πrIB₀/(mg) (C) tan θ = πrIB₀/(2mg) (B) tan θ = 2πrIB₀/(mg) (D) tan θ = mg/(πrIB₀)"
2024_2_English_Q22,"A small electric dipole p₀, having a moment of inertia I about its center, is kept at a distance r from the center of a spherical shell of radius R. The surface charge density σ is uniformly distributed on the spherical shell. The dipole is initially oriented at a small angle θ as shown in the figure. While staying at a distance r, the dipole is free to rotate about its center. If released from rest, then which of the following statement(s) is(are) correct? [ε₀ is the permittivity of free space.] (A) The dipole will undergo small oscillations at any finite value of r. (B) The dipole will undergo small oscillations at any finite value of r > R. (C) The dipole will undergo small oscillations with an angular frequency of √(2σp₀/(ε₀I)) at r = 2R. (D) The dipole will undergo small oscillations with an angular frequency of √(σp₀/(100ε₀I)) at r = 10R."
2024_2_English_Q23,"A table tennis ball has radius (3/2) × 10⁻² m and mass (22/7) × 10⁻³ kg. It is slowly pushed down into a swimming pool to a depth of d = 0.7 m below the water surface and then released from rest. It emerges from the water surface at speed v, without getting wet, and rises up to a height H. Which of the following option(s) is(are) correct? [Given: π = 22/7, g = 10 m s⁻², density of water = 1 × 10³ kg m⁻³, viscosity of water = 1 × 10⁻³ Pa-s.] (A) The work done in pushing the ball to the depth d is 0.077 J. (B) If we neglect the viscous force in water, then the speed v = 7 m/s. (C) If we neglect the viscous force in water, then the height H = 1.4 m. (D) The ratio of the magnitudes of the net force excluding the viscous force to the maximum viscous force in water is 500/9."
2024_2_English_Q24,"A positive, singly ionized atom of mass number Aₘ is accelerated from rest by the voltage 192 V. Thereafter, it enters a rectangular region of width w with magnetic field B₀ = 0.1k Tesla, as shown in the figure. The ion finally hits a detector at the distance x below its starting trajectory. [Given: Mass of neutron/proton = (5/3) × 10⁻²⁷ kg, charge of the electron = 1.6 × 10⁻¹⁹ C.] Which of the following option(s) is(are) correct? (A) The value of x for H⁺ ion is 4 cm. (B) The value of x for an ion with Aₘ = 144 is 48 cm. (C) For detecting ions with 1 ≤ Aₘ ≤ 196, the minimum height (x₁ – x₀) of the detector is 55 cm. (D) The minimum width w of the region of the magnetic field for detecting ions with Aₘ = 196 is 56 cm."
2024_2_English_Q25,The dimensions of a cone are measured using a scale with a least count of 2 mm. The diameter of the base and the height are both measured to be 20.0 cm. The maximum percentage error in the determination of the volume is _____
2024_2_English_Q26,"A ball is thrown from the location (x₀, y₀) = (0,0) of a horizontal playground with an initial speed v₀ at an angle θ₀ from the +x-direction. The ball is to be hit by a stone, which is thrown at the same time from the location (x₁, y₁) = (L,0). The stone is thrown at an angle (180 – θ₁) from the +x-direction with a suitable initial speed. For a fixed v₀, when (θ₀, θ₁) = (45°, 45°), the stone hits the ball after time T₁, and when (θ₀, θ₁) = (60°, 30°), it hits the ball after time T₂. In such a case, (T₁/T₂)² is _____"
2024_2_English_Q27,"A charge is kept at the central point P of a cylindrical region. The two edges subtend a half-angle θ at P, as shown in the figure. When θ = 30°, then the electric flux through the curved surface of the cylinder is Φ. If θ = 60°, then the electric flux through the curved surface becomes Φ/√η, where the value of η is _____"
2024_2_English_Q28,"Two equilateral-triangular prisms P₁ and P₂ are kept with their sides parallel to each other, in vacuum, as shown in the figure. A light ray enters prism P₁ at an angle of incidence θ such that the outgoing ray undergoes minimum deviation in prism P₂. If the respective refractive indices of P₁ and P₂ are √(3/2) and √3, then θ = sin⁻¹(β/π sin(π/2)) where the value of β is _____"
2024_2_English_Q29,"An infinitely long thin wire, having a uniform charge density per unit length of 5 nC/m, is passing through a spherical shell of radius 1 m, as shown in the figure. A 10 nC charge is distributed uniformly over the spherical shell. If the configuration of the charges remains static, the magnitude of the potential difference between points P and R, in Volt, is _____. [Given: In SI units 1/(4πε₀) = 9 × 10⁹, ln 2 = 0.7. Ignore the area pierced by the wire.]"
2024_2_English_Q30,"A spherical soap bubble inside an air chamber at pressure P₀ = 10⁵ Pa has a certain radius so that the excess pressure inside the bubble is ΔP = 144 Pa. Now, the chamber pressure is reduced to 8P₀/27 so that the bubble radius and its excess pressure change. In this process, all the temperatures remain unchanged. Assume air to be an ideal gas and the excess pressure ΔP in both the cases to be much smaller than the chamber pressure. The new excess pressure ΔP in Pa is _____"
2024_2_English_Q31,"The 8ᵗʰ bright fringe above the point O oscillates with time between two extreme positions. The separation between these two extreme positions, in micrometer (µm), is _____"
2024_2_English_Q32,The maximum speed in µm/s at which the 8ᵗʰ bright fringe will move is _____
2024_2_English_Q33,"If the collision occurs at time t₀ = 0, the value of v_cm/(aω) will be _____"
2024_2_English_Q34,"If the collision occurs at time t₀ = π/(2ω), then the value of 4b²/a² will be _____"
2024_2_English_Q35,"According to Bohr's model, the highest kinetic energy is associated with the electron in the (A) first orbit of H atom (B) first orbit of He⁺ (C) second orbit of He⁺ (D) second orbit of Li²⁺"
2024_2_English_Q36,"In a metal deficient oxide sample, MₓY₂O₄ (M and Y are metals), M is present in both +2 and +3 oxidation states and Y is in +3 oxidation state. If the fraction of M²⁺ ions present in M is 1/3, the value of X is _____ (A) 0.25 (B) 0.33 (C) 0.67 (D) 0.75"
2024_2_English_Q37,"In the following reaction sequence, the major product Q is (A) (B) (C) (D)"
2024_2_English_Q38,The species formed on fluorination of phosphorus pentachloride in a polar organic solvent are (A) [PF₄]⁺[PF₆]⁻ and [PCl₄]⁺[PF₆]⁻ (B) [PCl₄]⁺[PCl₄F₂]⁻ and [PCl₄]⁺[PF₆]⁻ (C) PF₃ and PCl₃ (D) PF₅ and PCl₃
2024_2_English_Q39,"An aqueous solution of hydrazine (N₂H₄) is electrochemically oxidized by O₂, thereby releasing chemical energy in the form of electrical energy. One of the products generated from the electrochemical reaction is N₂(g). Choose the correct statement(s) about the above process (A) OH⁻ ions react with N₂H₄ at the anode to form N₂(g) and water, releasing 4 electrons to the anode. (B) At the cathode, N₂H₄ breaks to N₂(g) and nascent hydrogen released at the electrode reacts with oxygen to form water. (C) At the cathode, molecular oxygen gets converted to OH⁻. (D) Oxides of nitrogen are major by-products of the electrochemical process."
2024_2_English_Q40,"The option(s) with correct sequence of reagents for the conversion of P to Q is(are) (A) i) Lindlar's catalyst, H₂; ii) SnCl₂/HCl; iii) NaBH₄; iv) H₃O⁺ (B) i) Lindlar's catalyst, H₂; ii) H₃O⁺; iii) SnCl₂/HCl; iv) NaBH₄ (C) i) NaBH₄; ii) SnCl₂/HCl; iii) H₃O⁺; iv) Lindlar's catalyst, H₂ (D) i) Lindlar's catalyst, H₂; ii) NaBH₄; iii) SnCl₂/HCl; iv) H₃O⁺"
2024_2_English_Q41,The compound(s) having peroxide linkage is(are) (A) H₂S₂O₇ (B) H₂S₂O₈ (C) H₂S₂O₅ (D) H₂SO₅
2024_2_English_Q42,"To form a complete monolayer of acetic acid on 1g of charcoal, 100 mL of 0.5 M acetic acid was used. Some of the acetic acid remained unadsorbed. To neutralize the unadsorbed acetic acid, 40 mL of 1 M NaOH solution was required. If each molecule of acetic acid occupies P x 10⁻²³ m² surface area on charcoal, the value of P is _____. [Use given data: Surface area of charcoal = 1.5 x 10² m²g⁻¹; Avogadro's number (Nₐ) = 6.0 x 10²³ mol⁻¹]"
2024_2_English_Q43,Vessel-1 contains w₂ g of a non-volatile solute X dissolved in w₁ g of water. Vessel-2 contains w₂ g of another non-volatile solute Y dissolved in w₁ g of water. Both the vessels are at the same temperature and pressure. The molar mass of X is 80% of that of Y. The van't Hoff factor for X is 1.2 times of that of Y for their respective concentrations. The elevation of boiling point for solution in Vessel-1 is _____ % of the solution in Vessel-2.
2024_2_English_Q44,"For a double strand DNA, one strand is given below: 5' A G T C A C G T A A G T C 3'. The amount of energy required to split the double strand DNA into two single strands is _____ kcal mol⁻¹. [Given: Average energy per H-bond for A-T base pair = 1.0 kcal mol⁻¹, G-C base pair = 1.5 kcal mol⁻¹, and A-U base pair = 1.25 kcal mol⁻¹. Ignore electrostatic repulsion between the phosphate groups.]"
2024_2_English_Q45,"A sample initially contains only U-238 isotope of uranium. With time, some of the U-238 radioactively decays into Pb-206 while the rest of it remains undisintegrated. When the age of the sample is P x10⁸ years, the ratio of mass of Pb-206 to that of U-238 in the sample is found to be 7. The value of P is _____. [Given: Half-life of U-238 is 4.5 x10⁹ years; logₑ2 = 0.693]"
2024_2_English_Q46,"Among [Co(CN)₄]⁴⁻, [Co(CO)₃(NO)], XeF₄, [PCl₄]⁺, [PdCl₄]²⁻, [ICl₄]⁻, [Cu(CN)₄]³⁻ and P₄ the total number of species with tetrahedral geometry is _____"
2024_2_English_Q47,An organic compound P having molecular formula C₆H₆O₃ gives ferric chloride test and does not have intramolecular hydrogen bond. The compound P reacts with 3 equivalents of NH₂OH to produce oxime Q. Treatment of P with excess methyl iodide in the presence of KOH produces compound R as the major product. Reaction of R with excess iso-butylmagnesium bromide followed by treatment with H₃O⁺ gives compound S as the major product. The total number of methyl (-CH₃) group(s) in compound S is _____
2024_2_English_Q48,Sum of number of oxygen atoms in S and T is _____
2024_2_English_Q49,The molecular weight of U is _____
2024_2_English_Q50,The number of moles of potassium iodide required to produce two moles of P is _____
2024_2_English_Q51,The number of zinc ions present in the molecular formula of Q is _____
2025_1_English_Q01,"Let R denote the set of all real numbers. Let ai, bi ∈ R for i ∈ {1, 2, 3}. Define the functions f: R → R, g: R → R, and h: R → R by f(x) = a₁ + 10x + a2x² + a3x3 + x4, g(x) = b₁ + 3x + b2x² + b3x3 + x4, h(x) = f(x + 1) – g(x + 2). If f(x) = g(x) for every x ∈ R, then the coefficient of x³ in h(x) is (A) 8 (B) 2 (C) -4 (D) -6"
2025_1_English_Q02,"Three students S1, S2, and S3 are given a problem to solve. Consider the following events: U: At least one of S1, S2, and S3 can solve the problem, V: S₁ can solve the problem, given that neither S2 nor S3 can solve the problem, W: S2 can solve the problem and S3 cannot solve the problem, T: S3 can solve the problem. For any event E, let P(E) denote the probability of E. If P(U) = 1/2, P(V) = 1/10, and P(W) = 1/12, then P(T) is equal to (A) 13/36 (B) 1/3 (C) 19/60 (D) 1/4"
2025_1_English_Q03,"Let IR denote the set of all real numbers. Define the function f: R → R by f(x) = { (2 - 2x² - x² sin(1/x) if x ≠ 0, 2 if x = 0. Then which one of the following statements is TRUE? (A) The function f is NOT differentiable at x = 0 (B) There is a positive real number δ, such that f is a decreasing function on the interval (0, δ) (C) For any positive real number δ, the function f is NOT an increasing function on the interval (-δ,0) (D) x = 0 is a point of local minima of f"
2025_1_English_Q04,"Consider the matrix P = [[2, 0, 0], [0, 2, 0], [0, 0, 3]]. Let the transpose of a matrix X be denoted by XT. Then the number of 3 × 3 invertible matrices Q with integer entries, such that Q⁻¹ = Qᵀ and PQ = QP, is (A) 32 (B) 8 (C) 16 (D) 24"
2025_1_English_Q05,"Let L₁ be the line of intersection of the planes given by the equations 2x + 3y + z = 4 and x + 2y + z = 5. Let L2 be the line passing through the point P(2, -1, 3) and parallel to L₁. Let M denote the plane given by the equation 2x + y - 2z = 6. Suppose that the line L2 meets the plane M at the point Q. Let R be the foot of the perpendicular drawn from P to the plane M. Then which of the following statements is (are) TRUE? (A) The length of the line segment PQ is 9√3 (B) The length of the line segment QR is 15 (C) The area of ΔPQR is √234 / 2 (D) The acute angle between the line segments PQ and PR is cos⁻¹(1/(2√3))"
2025_1_English_Q06,"Let N denote the set of all natural numbers, and Z denote the set of all integers. Consider the functions f: N → Z and g: Z → N defined by f(n) = { (n + 1)/2 if n is odd, (4 – n)/2 if n is even, and g(n) = { (3 + 2n if n≥0, -2η if n < 0. Define (g◦f)(n) = g(f(n)) for all n ∈ N, and (f◦g)(n) = f(g(n)) for all n ∈ Z. Then which of the following statements is (are) TRUE? (A) g◦f is NOT one-one and g◦f is NOT onto (B) f◦g is NOT one-one but f◦g is onto (C) g is one-one and g is onto (D) f is NOT one-one but f is onto"
2025_1_English_Q07,"Let R denote the set of all real numbers. Let z₁ = 1 + 2i and z2 = 3i be two complex numbers, where i = √-1. Let S = {(x, y) ∈ R × R : |x + iy − z₁| = 2|x + iy – z2| }. Then which of the following statements is (are) TRUE? (A) S is a circle with centre (-1/3, 10/3) (B) S is a circle with centre (1/3, 8/3) (C) S is a circle with radius √2/3 (D) S is a circle with radius 2√2/3"
2025_1_English_Q08,"Let the set of all relations R on the set {a, b, c, d, e, f }, such that R is reflexive and symmetric, and R contains exactly 10 elements, be denoted by S. Then the number of elements in S is"
2025_1_English_Q09,"For any two points M and N in the XY-plane, let MN denote the vector from M to N, and o denote the zero vector. Let P, Q and R be three distinct points in the XY-plane. Let S be a point inside the triangle ΔPQR such that SP + 5 SQ + 6 SR = 0. Let E and F be the mid-points of the sides PR and QR, respectively. Then the value of length of the line segment EF / length of the line segment ES is"
2025_1_English_Q10,"Let S be the set of all seven-digit numbers that can be formed using the digits 0, 1 and 2. For example, 2210222 is in S, but 0210222 is NOT in S. Then the number of elements x in S such that at least one of the digits 0 and 1 appears exactly twice in x, is equal to"
2025_1_English_Q11,Let α and β be the real numbers such that lim (1/x³) ∫(from 0 to x) (1/(1-t²)^(1/2) dt + βx cos x) = 2. Then the value of α + β is
2025_1_English_Q12,"Let R denote the set of all real numbers. Let f: R → R be a function such that f(x) > 0 for all x∈ R, and f (x + y) = f(x)f(y) for all x, y ∈ R. Let the real numbers a1, a2, ..., a50 be in an arithmetic progression. If f(a31) = 64f(a25), and Σ(from i=1 to 50) f(ai) = 3(2^25 + 1), then the value of Σ(from i=6 to 30) f(ai) is"
2025_1_English_Q13,"For all x > 0, let y₁(x), y2(x), and y3(x) be the functions satisfying dy1/dx - (sin x)² y₁ = 0, y₁ (1) = 5, dy2/dx - (cos x)² y2 = 0, y₂(1) = 1/5, dy3/dx - ((2-x³)/x³) y₃ = 0, y3 (1) = 5e³, respectively. Then lim (x→0+) (y₁(x)y2(x)y3(x) + 2x) / (e³x sin x) is equal to"
2025_1_English_Q14,"Consider the following frequency distribution: Value: 4, 5, 8, 9, 6, 12, 11; Frequency: 5, f1, f2, 2, 1, 1, 3. Suppose that the sum of the frequencies is 19 and the median of this frequency distribution is 6. For the given frequency distribution, let α denote the mean deviation about the mean, β denote the mean deviation about the median, and σ² denote the variance. Match each entry in List-I to the correct entry in List-II and choose the correct option. List-I: (P) 7f1 + 9f2 is equal to (Q) 19α is equal to (R) 19β is equal to (S) 19σ² is equal to. List-II: (1) 146 (2) 47 (3) 48 (4) 145 (5) 55. (A) (P)→(5) (Q) → (3) (R) → (2) (S) → (4) (B) (P)→(5) (Q) → (2) (R) → (3) (S) → (1) (C) (P)→(5) (Q) → (3) (R) → (2) (S) → (1) (D) (P)→(3) (Q) → (2) (R) → (5) (S) → (4)"
2025_1_English_Q15,"Let IR denote the set of all real numbers. For a real number x, let [x] denote the greatest integer less than or equal to x. Let n denote a natural number. Match each entry in List-I to the correct entry in List-II and choose the correct option. List-I: (P) The minimum value of n for which the function f(x) = [10x³ - 45x² + 60x + 35]/n is continuous on the interval [1, 2], is (Q) The minimum value of n for which g(x) = (2n² – 13n – 15)(x³ + 3x), x ∈ R, is an increasing function on IR, is (R) The smallest natural number n which is greater than 5, such that x = 3 is a point of local minima of h(x) = (x² – 9)ⁿ(x² + 2x + 3), is (S) Number of x₀ ∈ R such that l(x) = Σ(from k=0 to 4) (|sin x - k| + cos(x - k + π/2)), x∈ R, is NOT differentiable at x₀, is. List-II: (1) 8 (2) 9 (3) 5 (4) 6 (5) 10. (A) (P) → (1) (Q) → (3) (R) → (2) (S) → (5) (B) (P)→(2) (Q) → (1) (R) → (4) (S) → (3) (C) (P)→(5) (Q) → (1) (R) → (4) (S) → (3) (D) (P)→(2) (Q) → (3) (R) → (1) (S) → (5)"
2025_1_English_Q16,"Let w = î + ĵ − 2k, and u and v be two vectors, such that ũ × v = w and v × w = ũ. Let α, β, γ, and t be real numbers such that ũ = αî + βĵ + γk, - tα + β + γ = 0, α − t β + γ = 0, and α + β − t γ = 0. Match each entry in List-I to the correct entry in List-II and choose the correct option. List-I: (P) |ũ|² is equal to (Q) If α = √3, then γ² is equal to (R) If α = √3, then (β + γ)² is equal to (S) If α = √2, then t + 3 is equal to. List-II: (1) 0 (2) 1 (3) 2 (4) 3 (5) 5. (A) (P)→(2) (Q) → (1) (R) → (4) (S) → (5) (B) (P)→(2) (Q) → (4) (R) → (3) (S) → (5) (C) (P)→(2) (Q) → (1) (R) → (4) (S) → (3) (D) (P)→(5) (Q) → (4) (R) → (1) (S) → (3)"
2025_1_English_Q17,"The center of a disk of radius r and mass m is attached to a spring of spring constant k, inside a ring of radius R > r as shown in the figure. The other end of the spring is attached on the periphery of the ring. Both the ring and the disk are in the same vertical plane. The disk can only roll along the inside periphery of the ring, without slipping. The spring can only be stretched or compressed along the periphery of the ring, following the Hooke's law. In equilibrium, the disk is at the bottom of the ring. Assuming small displacement of the disc, the time period of oscillation of center of mass of the disk is written as T = 2π/ω. The correct expression for ω is (g is the acceleration due to gravity): (A) √( (2/3) (g/(R-r) + k/m) ) (B) √( 2g/(3(R-r)) + k/m ) (C) √( (1/6) (g/(R-r) + k/m) ) (D) √( (1/4) (g/(R-r) + k/m) )"
2025_1_English_Q18,"In a scattering experiment, a particle of mass 2m collides with another particle of mass m, which is initially at rest. Assuming the collision to be perfectly elastic, the maximum angular deviation θ of the heavier particle, as shown in the figure, in radians is: (A) π/2 (B) tan⁻¹(1/2) (C) π/3 (D) π/6"
2025_1_English_Q19,"A conducting square loop initially lies in the XZ plane with its lower edge hinged along the X-axis. Only in the region y ≥ 0, there is a time dependent magnetic field pointing along the Z-direction, B(t) = Bo(cos ωt)k, where Bo is a constant. The magnetic field is zero everywhere else. At time t = 0, the loop starts rotating with constant angular speed ω about the X axis in the clockwise direction as viewed from the +X axis (as shown in the figure). Ignoring self-inductance of the loop and gravity, which of the following plots correctly represents the induced e.m.f. (V) in the loop as a function of time: (A) Plot (A) (B) Plot (B) (C) Plot (C) (D) Plot (D)"
2025_1_English_Q20,Figure 1 shows the configuration of main scale and Vernier scale before measurement. Fig. 2 shows the configuration corresponding to the measurement of diameter D of a tube. The measured value of D is: (A) 0.12 cm (B) 0.11 cm (C) 0.13 cm (D) 0.14 cm
2025_1_English_Q21,"A conducting square loop of side L, mass M and resistance R is moving in the XY plane with its edges parallel to the X and Y axes. The region y ≥ 0 has a uniform magnetic field, B = B₀k. The magnetic field is zero everywhere else. At time t = 0, the loop starts to enter the magnetic field with an initial velocity v₀ĵ m/s, as shown in the figure. Considering the quantity K = B₀²L²v₀ / (RM) in appropriate units, ignoring self-inductance of the loop and gravity, which of the following statements is/are correct: (A) If v₀ = 1.5KL, the loop will stop before it enters completely inside the region of magnetic field. (B) When the complete loop is inside the region of magnetic field, the net force acting on the loop is zero. (C) If v₀ = KL/10, the loop comes to rest at t = (L/K) ln(10). (D) If v₀ = 3KL, the complete loop enters inside the region of magnetic field at time t = (L/K) ln(3)."
2025_1_English_Q22,"Length, breadth and thickness of a strip having a uniform cross section are measured to be 10.5 cm, 0.05 mm, and 6.0 µm, respectively. Which of the following option(s) give(s) the volume of the strip in cm³ with correct significant figures: (A) 3.2 × 10⁻⁵ (B) 32.0 × 10⁻⁶ (C) 3.0 × 10⁻⁵ (D) 3 × 10⁻⁵"
2025_1_English_Q23,"Consider a system of three connected strings, S1, S2 and S3 with uniform linear mass densities μ kg/m, 4μ kg/m and 16µ kg/m, respectively, as shown in the figure. S₁ and S₂ are connected at the point P, whereas S₂ and S3 are connected at the point Q, and the other end of S3 is connected to a wall. A wave generator O is connected to the free end of S₁. The wave from the generator is represented by y = y₀ cos(ωt – kx) cm, where y₀, ω and k are constants of appropriate dimensions. Which of the following statements is/are correct: (A) When the wave reflects from P for the first time, the reflected wave is represented by y = a₁y₀ cos(ωt + kx + π) cm, where a₁ is a positive constant. (B) When the wave transmits through P for the first time, the transmitted wave is represented by y = a₂y₀ cos(ωt – kx) cm, where a₂ is a positive constant. (C) When the wave reflects from Q for the first time, the reflected wave is represented by y = a₃y₀ cos(ωt – kx + π) cm, where a₃ is a positive constant. (D) When the wave transmits through Q for the first time, the transmitted wave is represented by y = a₄y₀ cos(ωt – 4kx) cm, where a₄ is a positive constant."
2025_1_English_Q24,"A person sitting inside an elevator performs a weighing experiment with an object of mass 50 kg. Suppose that the variation of the height y (in m) of the elevator, from the ground, with time t (in s) is given by y = 8[1 + sin(2πt/T)], where T = 40π s. Taking acceleration due to gravity, g = 10 m/s², the maximum variation of the object's weight (in N) as observed in the experiment is"
2025_1_English_Q25,"A cube of unit volume contains 35 × 10⁷ photons of frequency 10¹⁵ Hz. If the energy of all the photons is viewed as the average energy being contained in the electromagnetic waves within the same volume, then the amplitude of the magnetic field is α × 10⁻⁶ T. Taking permeability of free space μ₀ = 4π × 10⁻⁷ Tm/A, Planck's constant h = 6 × 10⁻³⁴Js and π = 22/7, the value of α is"
2025_1_English_Q26,"Two identical plates P and Q, radiating as perfect black bodies, are kept in vacuum at constant absolute temperatures Tp and TQ, respectively, with TQ < Tp, as shown in Fig. 1. The radiated power transferred per unit area from P to Q is W₀. Subsequently, two more plates, identical to P and Q, are introduced between P and Q, as shown in Fig. 2. Assume that heat transfer takes place only between adjacent plates. If the power transferred per unit area in the direction from P to Q (Fig. 2) in the steady state is Ws, then the ratio W₀/Ws is"
2025_1_English_Q27,"A solid glass sphere of refractive index n = √3 and radius R contains a spherical air cavity of radius R/2, as shown in the figure. A very thin glass layer is present at the point O so that the air cavity (refractive index n = 1) remains inside the glass sphere. An unpolarized, unidirectional and monochromatic light source S emits a light ray from a point inside the glass sphere towards the periphery of the glass sphere. If the light is reflected from the point O and is fully polarized, then the angle of incidence at the inner surface of the glass sphere is θ. The value of sin θ is"
2025_1_English_Q28,"A single slit diffraction experiment is performed to determine the slit width using the equation, bd/a = mλ, where b is the slit width, D the shortest distance between the slit and the screen, d the distance between the mth diffraction maximum and the central maximum, and λ is the wavelength. D and d are measured with scales of least count of 1 cm and 1 mm, respectively. The values of λ and m are known precisely to be 600 nm and 3, respectively. The absolute error (in µm) in the value of b estimated using the diffraction maximum that occurs for m = 3 with d = 5 mm and D = 1 m is"
2025_1_English_Q29,"Consider an electron in the n = 3 orbit of a hydrogen-like atom with atomic number Z. At absolute temperature T, a neutron having thermal energy kBT has the same de Broglie wavelength as that of this electron. If this temperature is given by T = Z²h² / (απ⁴a₀²mNk_B) (where h is the Planck's constant, kB is the Boltzmann constant, mN is the mass of the neutron and a₀ is the first Bohr radius of hydrogen atom) then the value of α is"
2025_1_English_Q30,"List-I shows four configurations, each consisting of a pair of ideal electric dipoles. Each dipole has a dipole moment of magnitude p, oriented as marked by arrows in the figures. In all the configurations the dipoles are fixed such that they are at a distance 2r apart along the x direction. The midpoint of the line joining the two dipoles is X. The possible resultant electric fields E at X are given in List-II. Choose the option that describes the correct match between the entries in List-I to those in List-II. List-I: (P) Configuration P (Q) Configuration Q (R) Configuration R (S) Configuration S. List-II: (1) E = 0 (2) E = -p/(2πε₀r³) ĵ (3) E = p/(4πε₀r³) (î - ĵ) (4) E = p/(4πε₀r³) (2î – ĵ) (5) E = p/(πε₀r³) î. (A) P→3, Q→1, R→2, S→4 (B) P→4, Q→5, R→3, S→1 (C) P→2, Q→1, R→4, S→5 (D) P→2, Q→1, R→3, S→5"
2025_1_English_Q31,"A circuit with an electrical load having impedance Z is connected with an AC source as shown in the diagram. The source voltage varies in time as V(t) = 300 sin(400t) V, where t is time in s. List-I shows various options for the load. The possible currents i(t) in the circuit as a function of time are given in List-II. Choose the option that describes the correct match between the entries in List-I to those in List-II. List-I: (P) 30 Ω Resistor (Q) 30 Ω Resistor in series with 100 mH Inductor (R) 50 µF Capacitor in series with 30 Ω Resistor and 25 mH Inductor (S) 50 µF Capacitor in series with 60 Ω Resistor and 125 mH Inductor. List-II: (1) Graph 1 (2) Graph 2 (3) Graph 3 (4) Graph 4 (5) Graph 5. (A) P→3, Q→5, R→2, S→1 (B) P→1, Q→5, R→2, S→3 (C) P→3, Q→4, R→2, S→1 (D) P→1, Q→4, R→2, S→5"
2025_1_English_Q32,"List-I shows various functional dependencies of energy (E) on the atomic number (Z). Energies associated with certain phenomena are given in List-II. Choose the option that describes the correct match between the entries in List-I to those in List-II. List-I: (P) E ∝ Z² (Q) E ∝ (Z − 1)² (R) E ∝ Z(Z – 1) (S) E is practically independent of Z. List-II: (1) energy of characteristic x-rays (2) electrostatic part of the nuclear binding energy for stable nuclei with mass numbers in the range 30 to 170 (3) energy of continuous x-rays (4) average nuclear binding energy per nucleon for stable nuclei with mass number in the range 30 to 170 (5) energy of radiation due to electronic transitions from hydrogen-like atoms. (A) P→4, Q→3, R→1, S→2 (B) P→5, Q→2, R→1, S→4 (C) P→5, Q→1, R→2, S→4 (D) P→3, Q→2, R→1, S→5"
2025_1_English_Q33,"The heating of NH₄NO₂ at 60–70 °C and NH₄NO₃ at 200–250 °C is associated with the formation of nitrogen containing compounds X and Y, respectively. X and Y, respectively, are (A) N₂ and N₂O (B) NH₃ and NO₂ (C) NO and N₂O (D) N₂ and NH₃"
2025_1_English_Q34,The correct order of the wavelength maxima of the absorption band in the ultraviolet-visible region for the given complexes is (A) [Co(CN)₆]³⁻ < [Co(NH₃)₆]³⁺ < [Co(NH₃)₅(H₂O)]³⁺ < [Co(NH₃)₅(Cl)]²⁺ (B) [Co(NH₃)₅(Cl)]²⁺ < [Co(NH₃)₅(H₂O)]³⁺ < [Co(NH₃)₆]³⁺ < [Co(CN)₆]³⁻ (C) [Co(CN)₆]³⁻ < [Co(NH₃)₅(Cl)]²⁺ < [Co(NH₃)₅(H₂O)]³⁺ < [Co(NH₃)₆]³⁺ (D) [Co(NH₃)₆]³⁺ < [Co(CN)₆]³⁻ < [Co(NH₃)₅(Cl)]²⁺ < [Co(NH₃)₅(H₂O)]³⁺
2025_1_English_Q35,One of the products formed from the reaction of permanganate ion with iodide ion in neutral aqueous medium is (A) I₂ (B) IO₃⁻ (C) IO₄⁻ (D) IO₂⁻
2025_1_English_Q36,Consider the depicted hydrogen (H) in the hydrocarbons given below. The most acidic hydrogen (H) is (A) Structure A (B) Structure B (C) Structure C (D) Structure D
2025_1_English_Q37,"Regarding the molecular orbital (MO) energy levels for homonuclear diatomic molecules, the INCORRECT statement(s) is(are) (A) Bond order of Ne₂ is zero. (B) The highest occupied molecular orbital (HOMO) of F₂ is σ-type. (C) Bond energy of C₂ is smaller than the bond energy of O₂. (D) Bond length of Li₂ is larger than the bond length of B₂."
2025_1_English_Q38,"The pair(s) of diamagnetic ions is(are) (A) La³⁺, Ce⁴⁺ (B) Yb²⁺, Lu³⁺ (C) La²⁺, Ce³⁺ (D) Yb³⁺, Lu²⁺"
2025_1_English_Q39,"For the reaction sequence given below, the correct statement(s) is(are) (In the options, X is any atom other than carbon and hydrogen, and it is different in P, Q and R) (A) C–X bond length in P, Q and R follows the order Q > R > P. (B) C–X bond enthalpy in P, Q and R follows the order R > P > Q. (C) Relative reactivity toward SN2 reaction in P, Q and R follows the order P > R > Q. (D) pKa value of the conjugate acids of the leaving groups in P, Q and R follows the order R > Q > P."
2025_1_English_Q40,"In an electrochemical cell, dichromate ions in aqueous acidic medium are reduced to Cr³⁺. The current (in amperes) that flows through the cell for 48.25 minutes to produce 1 mole of Cr³⁺ is"
2025_1_English_Q41,"At 25 °C, the concentration of H⁺ ions in 1.00 × 10⁻³ M aqueous solution of a weak monobasic acid having acid dissociation constant (Kₐ) of 4.00 × 10⁻¹¹ is X × 10⁻⁷ M. The value of X is"
2025_1_English_Q42,Molar volume (Vm) of a van der Waals gas can be calculated by expressing the van der Waals equation as a cubic equation with Vm as the variable. The ratio (in mol dm⁻³) of the coefficient of Vm² to the coefficient of Vm for a gas having van der Waals constants a = 6.0 dm⁶ atm mol⁻² and b = 0.060 dm³ mol⁻¹ at 300 K and 300 atm is
2025_1_English_Q43,"Considering ideal gas behavior, the expansion work done (in kJ) when 144 g of water is electrolyzed completely under constant pressure at 300 K is"
2025_1_English_Q44,"The monomer (X) involved in the synthesis of Nylon 6,6 gives positive carbylamine test. If 10 moles of X are analyzed using Dumas method, the amount (in grams) of nitrogen gas evolved is"
2025_1_English_Q45,The reaction sequence given below is carried out with 16 moles of X. The yield of the major product in each step is given below the product in parentheses. The amount (in grams) of S produced is
2025_1_English_Q46,"The correct match of the group reagents in List-I for precipitating the metal ion given in List-II from solutions, is List-I: (P) Passing H₂S in the presence of NH₄OH (Q) (NH₄)₂CO₃ in the presence of NH₄OH (R) NH₄OH in the presence of NH₄Cl (S) Passing H₂S in the presence of dilute HCl. List-II: (1) Cu²⁺ (2) Al³⁺ (3) Mn²⁺ (4) Ba²⁺ (5) Mg²⁺. (A) P→3; Q → 4; R → 2; S → 1 (B) P→4; Q → 2; R → 3; S → 1 (C) P→3; Q → 4; R → 1; S → 5 (D) P→5; Q → 3; R → 2; S → 4"
2025_1_English_Q47,"The major products obtained from the reactions in List-II are the reactants for the named reactions mentioned in List-I. Match each entry in List-I with the appropriate entry in List-II and choose the correct option. List-I: (P) Stephen reaction (Q) Sandmeyer reaction (R) Hoffmann bromamide degradation reaction (S) Cannizzaro reaction. List-II: (1) Toluene with (i) CrO₂Cl₂/CS₂, (ii) H₃O⁺ (2) Benzoic acid with (i) PCl₅, (ii) NH₃, (iii) P₄O₁₀, Δ (3) Nitrobenzene with (i) Fe, HCl, (ii) HCl, NaNO₂ (273-278 K), H₂O (4) Toluene with (i) Cl₂/hν, H₂O, (ii) Tollen's reagent, (iii) SO₂Cl₂, (iv) NH₃ (5) Aniline with (i) (CH₃CO)₂O, Pyridine, (ii) HNO₃, H₂SO₄, 288 K, (iii) aq. NaOH. (A) P→2; Q → 4; R → 1; S → 3 (B) P→2; Q → 3; R → 4; S → 1 (C) P→5; Q → 3; R → 4; S → 2 (D) P→5; Q → 4; R → 2; S → 1"
2025_1_English_Q48,"Match the compounds in List-I with the appropriate observations in List-II and choose the correct option. List-I: (P) Compound P (Q) Compound Q (R) Compound R (S) Compound S. List-II: (1) Reaction with phenyl diazonium salt gives yellow dye. (2) Reaction with ninhydrin gives purple color and it also reacts with FeCl₃ to give violet color. (3) Reaction with glucose will give corresponding hydrazone. (4) Lassiagne extract of the compound treated with dilute HCl followed by addition of aqueous FeCl₃ gives blood red color. (5) After complete hydrolysis, it will give ninhydrin test and it DOES NOT give positive phthalein dye test. (A) P→1; Q → 5; R → 4; S → 2 (B) P→2; Q → 5; R → 1; S → 3 (C) P→5; Q → 2; R → 1; S → 4 (D) P→2; Q → 1; R → 5; S → 3"
2025_2_English_Q01,"Let x₀ be the real number such that eˣ₀ + x₀ = 0. For a given real number α, define
g(x) = (3xeˣ + 3x - αeˣ - αx) / (3(eˣ + 1))
for all real numbers x.
Then which one of the following statements is TRUE?
(A) For α = 2, lim (g(x)+ eˣ₀) / (x-x₀) = 0 (B) For α = 2, lim (g(x)+ eˣ₀) / (x-x₀) = 1 (C) For α = 3, lim (g(x)+ eˣ₀) / (x-x₀) = 0 (D) For α = 3, lim (g(x)+ eˣ₀) / (x-x₀) = 2/3"
2025_2_English_Q02,"Let ℝ denote the set of all real numbers. Then the area of the region
{(x,y) ∈ ℝ x ℝ : x > 0, y > 1/x, 5x – 4y – 1 > 0, 4x + 4y – 17 < 0}
is
(A) 17/16 - logₑ 4 (B) 33/8 - logₑ 4 (C) 57/8 - logₑ 4 (D) 17/2 - logₑ 4"
2025_2_English_Q03,"The total number of real solutions of the equation
θ = tan⁻¹(2 tan θ) - (1/2)sin⁻¹((6 tan θ) / (9 + tan² θ))
is
(Here, the inverse trigonometric functions sin⁻¹ x and tan⁻¹ x assume values in [-π/2, π/2], respectively.)
(A) 1 (B) 2 (C) 3 (D) 5"
2025_2_English_Q04,"Let S denote the locus of the point of intersection of the pair of lines
4x - 3y = 12α,
4αx + 3αy = 12,
where α varies over the set of non-zero real numbers. Let T be the tangent to S passing through the points (p, 0) and (0,q), q > 0, and parallel to the line 4 x - (3/√2) y = 0.
Then the value of pq is
(A) -6√2 (B) -3√2 (C) -9√2 (D) -12√2"
2025_2_English_Q05,"Let I = ((1,0),(0,1)) and P = ((2,3),(0,3)). Let Q = ((x,y),(z,4)) for some non-zero real numbers x, y, and z, for which there is a 2 × 2 matrix R with all entries being non-zero real numbers, such that QR = RP.
Then which of the following statements is (are) TRUE?
(A) The determinant of Q - 2I is zero (B) The determinant of Q - 6I is 12 (C) The determinant of Q - 3I is 15 (D) yz = 2"
2025_2_English_Q06,"Let S denote the locus of the mid-points of those chords of the parabola y² = x, such that the area of the region enclosed between the parabola and the chord is 4/3. Let R denote the region lying in the first quadrant, enclosed by the parabola y² = x, the curve S, and the lines x = 1 and x = 4.
Then which of the following statements is (are) TRUE?
(A) (4, √3) ∈ S (B) (5, √2) ∈ S (C) Area of R is 14/3 - 2√3 (D) Area of R is 14/3 - √3"
2025_2_English_Q07,"Let P(x₁, y₁) and Q(x₂, y₂) be two distinct points on the ellipse
x²/9 + y²/4 = 1
such that y₁ > 0, and y₂ > 0 . Let C denote the circle x² + y² = 9, and M be the point (3, 0).
Suppose the line x = x₁ intersects C at R, and the line x = x₂ intersects C at S, such that the y-coordinates of R and S are positive. Let ∠ROM = π/6 and ∠SOM = π/3, where O denotes the origin (0, 0). Let |XY| denote the length of the line segment XY.
Then which of the following statements is (are) TRUE?
(A) The equation of the line joining P and Q is 2x + 3y = 3 (1 + √3) (B) The equation of the line joining P and Q is 2x + y = 3 (1 + √3) (C) If N₂ = (x₂,0), then 3 |N₂Q| = 2 |N₂S| (D) If N₁ = (x₁,0), then 9 |N₁P| = 4 |N₁R|"
2025_2_English_Q08,"Let ℝ denote the set of all real numbers. Let f: ℝ → ℝ be defined by
f(x) = { (6x+sinx)/(2x+sinx) if x ≠ 0, 7/3 if x = 0.
Then which of the following statements is (are) TRUE?
(A) The point x = 0 is a point of local maxima of f (B) The point x = 0 is a point of local minima of f (C) Number of points of local maxima of f in the interval [π, 6π] is 3 (D) Number of points of local minima of f in the interval [2π, 4π] is 1"
2025_2_English_Q09,"Let y(x) be the solution of the differential equation
dy/dx + xy/x² = x² + y², x > 1/e,
satisfying y(1) = 0. Then the value of 2 (y(e))² / (y(e²))² is"
2025_2_English_Q10,"Let a₀, a₁, ..., a₂₃ be real numbers such that
(1 + x/5)²³ = Σᵢ₌₀²³ aᵢxⁱ
for every real number x. Let aᵣ be the largest among the numbers aⱼ for 0 ≤ j ≤ 23.
Then the value of r is"
2025_2_English_Q11,"A factory has a total of three manufacturing units, M₁, M₂, and M₃, which produce bulbs independent of each other. The units M₁, M₂, and M₃ produce bulbs in the proportions of 2:2:1, respectively. It is known that 20% of the bulbs produced in the factory are defective. It is also known that, of all the bulbs produced by M₁, 15% are defective. Suppose that, if a randomly chosen bulb produced in the factory is found to be defective, the probability that it was produced by M₂ is 2/5.
If a bulb is chosen randomly from the bulbs produced by M₃, then the probability that it is defective is"
2025_2_English_Q12,"Consider the vectors
x⃗ = î + 2ĵ + 3k̂, y⃗ = 2î + 3ĵ + k̂,
and z⃗ = 3î + ĵ + 2k̂ .
For two distinct positive real numbers α and β, define
X⃗ = αx⃗ + βy⃗ – z⃗,
Y⃗ = αy⃗ + βz⃗ − x⃗, and Z⃗ = αz⃗ + βx⃗ − y⃗ .
If the vectors X⃗, Y⃗, and Z⃗ lie in a plane, then the value of α + β – 3 is"
2025_2_English_Q13,"For a non-zero complex number z, let arg(z) denote the principal argument of z, with -π < arg(z) ≤ π. Let ω be the cube root of unity for which 0 < arg(ω) < π. Let
α = arg(Σₙ₌₁²⁰²⁵ (-ω)ⁿ).
Then the value of (3α)/π is"
2025_2_English_Q14,"Let ℝ denote the set of all real numbers. Let f: ℝ → ℝ and g: ℝ → (0,4) be functions defined by
f(x) = logₑ(x² + 2x + 4), and g(x) = 4/(1+e⁻²ˣ).
Define the composite function f∘g⁻¹ by (f∘g⁻¹)(x) = f(g⁻¹(x)), where g⁻¹ is the inverse of the function g.
Then the value of the derivative of the composite function f∘g⁻¹ at x = 2 is"
2025_2_English_Q15,"Let
α = 1/(sin 60° sin 61°) + 1/(sin 62° sin 63°) + ... + 1/(sin 118° sin 119°).
Then the value of
α (cosec 1°)² / α
is"
2025_2_English_Q16,"If
α = ∫₁² (tan⁻¹ x)/(2x²-3x+2) dx,
then the value of √7 tan (2α/π) is
(Here, the inverse trigonometric function tan⁻¹ x assumes values in (-π/2, π/2).)"
2025_2_English_Q17,"A temperature difference can generate e.m.f. in some materials. Let S be the e.m.f. produced per unit temperature difference between the ends of a wire, σ the electrical conductivity and k the thermal conductivity of the material of the wire. Taking M, L, T, I and K as dimensions of mass, length, time, current and temperature, respectively, the dimensional formula of the quantity Z = S²σ/K is:
(A) [M⁰L⁰T⁰I⁰K⁰] (B) [M⁰L⁰T⁰I⁰K⁻¹] (C) [M¹L²T⁻²I⁻¹K⁻¹] (D) [M¹L²T⁻⁴I⁻¹K⁻¹]"
2025_2_English_Q18,"Two co-axial conducting cylinders of same length l with radii √2R and 2R are kept, as shown in Fig. 1. The charge on the inner cylinder is Q and the outer cylinder is grounded. The annular region between the cylinders is filled with a material of dielectric constant κ = 5. Consider an imaginary plane of the same length l at a distance R from the common axis of the cylinders. This plane is parallel to the axis of the cylinders. The cross-sectional view of this arrangement is shown in Fig. 2. Ignoring edge effects, the flux of the electric field through the plane is (ε₀ is the permittivity of free space):
(A) Q/(30ε₀) (B) Q/(15ε₀) (C) Q/(60ε₀) (D) Q/(120ε₀)"
2025_2_English_Q19,"As shown in the figures, a uniform rod OO' of length l is hinged at the point O and held in place vertically between two walls using two massless springs of same spring constant. The springs are connected at the midpoint and at the top-end (O') of the rod, as shown in Fig. 1 and the rod is made to oscillate by a small angular displacement. The frequency of oscillation of the rod is f₁. On the other hand, if both the springs are connected at the midpoint of the rod, as shown in Fig. 2 and the rod is made to oscillate by a small angular displacement, then the frequency of oscillation is f₂. Ignoring gravity and assuming motion only in the plane of the diagram, the value of f₁/f₂ is:
(A) 2 (B) √2 (C) √(5/2) (D) √(2/5)"
2025_2_English_Q20,"Consider a star of mass m₂ kg revolving in a circular orbit around another star of mass m₁ kg with m₁ » m₂. The heavier star slowly acquires mass from the lighter star at a constant rate of γ kg/s. In this transfer process, there is no other loss of mass. If the separation between the centers of the stars is r, then its relative rate of change (1/r) (dr/dt) (in s⁻¹) is given by:
(A) (3γ)/(2m₂) (B) (2γ)/(m₂) (C) (2γ)/(m₁) (D) (3γ)/(2m₁)"
2025_2_English_Q21,"A positive point charge of 10⁻⁸ C is kept at a distance of 20 cm from the center of a neutral conducting sphere of radius 10 cm. The sphere is then grounded and the charge on the sphere is measured. The grounding is then removed and subsequently the point charge is moved by a distance of 10 cm further away from the center of the sphere along the radial direction. Taking 1/(4πε₀) = 9 × 10⁹ Nm²/C² (where ε₀ is the permittivity of free space), which of the following statements is/are correct:
(A) Before the grounding, the electrostatic potential of the sphere is 450 V. (B) Charge flowing from the sphere to the ground because of grounding is 5 × 10⁻⁹ C. (C) After the grounding is removed, the charge on the sphere is −5 × 10⁻⁹ C. (D) The final electrostatic potential of the sphere is 300 V."
2025_2_English_Q22,"Two identical concave mirrors each of focal length f are facing each other as shown in the schematic diagram. The focal length f is much larger than the size of the mirrors. A glass slab of thickness t and refractive index n₀ is kept equidistant from the mirrors and perpendicular to their common principal axis. A monochromatic point light source S is embedded at the center of the slab on the principal axis, as shown in the schematic diagram. For the image to be formed on S itself, which of the following distances between the two mirrors is/are correct:
(A) 4f + (1 - 1/n₀)t (B) 2f + (1 - 1/n₀)t (C) 4f + (n₀ - 1)t (D) 2f + (n₀ - 1)t"
2025_2_English_Q23,"Six infinitely large and thin non-conducting sheets are fixed in configurations I and II. As shown in the figure, the sheets carry uniform surface charge densities which are indicated in terms of σ₀. The separation between any two consecutive sheets is 1 µm. The various regions between the sheets are denoted as 1, 2, 3, 4 and 5. If σ₀ = 9 µC/m², then which of the following statements is/are correct:
(Take permittivity of free space ε₀ = 9 × 10⁻¹² F/m)
(A) In region 4 of the configuration I, the magnitude of the electric field is zero. (B) In region 3 of the configuration II, the magnitude of the electric field is σ₀/ε₀. (C) Potential difference between the first and the last sheets of the configuration I is 5 V. (D) Potential difference between the first and the last sheets of the configuration II is zero."
2025_2_English_Q24,"The efficiency of a Carnot engine operating with a hot reservoir kept at a temperature of 1000 K is 0.4. It extracts 150 J of heat per cycle from the hot reservoir. The work extracted from this engine is being fully used to run a heat pump which has a coefficient of performance 10. The hot reservoir of the heat pump is at a temperature of 300 K. Which of the following statements is/are correct:
(A) Work extracted from the Carnot engine in one cycle is 60 J. (B) Temperature of the cold reservoir of the Carnot engine is 600 K. (C) Temperature of the cold reservoir of the heat pump is 270 K. (D) Heat supplied to the hot reservoir of the heat pump in one cycle is 540 J."
2025_2_English_Q25,A conducting solid sphere of radius R and mass M carries a charge Q. The sphere is rotating about an axis passing through its center with a uniform angular speed ω. The ratio of the magnitudes of the magnetic dipole moment to the angular momentum about the same axis is given as α Q/(2M). The value of α is
2025_2_English_Q26,"A hydrogen atom, initially at rest in its ground state, absorbs a photon of frequency ν₁ and ejects the electron with a kinetic energy of 10 eV. The electron then combines with a positron at rest to form a positronium atom in its ground state and simultaneously emits a photon of frequency ν₂. The center of mass of the resulting positronium atom moves with a kinetic energy of 5 eV. It is given that positron has the same mass as that of electron and the positronium atom can be considered as a Bohr atom, in which the electron and the positron orbit around their center of mass. Considering no other energy loss during the whole process, the difference between the two photon energies (in eV) is"
2025_2_English_Q27,"An ideal monatomic gas of n moles is taken through a cycle WXYZW consisting of consecutive adiabatic and isobaric quasi-static processes, as shown in the schematic V-T diagram. The volume of the gas at W,X and Y points are, 64 cm³, 125 cm³ and 250 cm³, respectively. If the absolute temperature of the gas T_W at the point W is such that nRT_W = 1 J (R is the universal gas constant), then the amount of heat absorbed (in J) by the gas along the path XY is"
2025_2_English_Q28,"A geostationary satellite above the equator is orbiting around the earth at a fixed distance r₁ from the center of the earth. A second satellite is orbiting in the equatorial plane in the opposite direction to the earth's rotation, at a distance r₂ from the center of the earth, such that r₁ = 1.21 r₂. The time period of the second satellite as measured from the geostationary satellite is 24/p hours. The value of p is"
2025_2_English_Q29,"The left and right compartments of a thermally isolated container of length L are separated by a thermally conducting, movable piston of area A. The left and right compartments are filled with 3/2 and 1 moles of an ideal gas, respectively. In the left compartment the piston is attached by a spring with spring constant k and natural length L/2. In thermodynamic equilibrium, the piston is at a distance 3L/5 from the left and right edges of the container as shown in the figure. Under the above conditions, if the pressure in the right compartment is P = kL/α, then the value of α is"
2025_2_English_Q30,"In a Young's double slit experiment, a combination of two glass wedges A and B, having refractive indices 1.7 and 1.5, respectively, are placed in front of the slits, as shown in the figure. The separation between the slits is d = 2 mm and the shortest distance between the slits and the screen is D = 2 m. Thickness of the combination of the wedges is t = 12 µm. The value of l as shown in the figure is 1 mm. Neglect any refraction effect at the slanted interface of the wedges. Due to the combination of the wedges, the central maximum shifts (in mm) with respect to O by"
2025_2_English_Q31,"A projectile of mass 200 g is launched in a viscous medium at an angle 60° with the horizontal, with an initial velocity of 270 m/s. It experiences a viscous drag force F⃗ = −cν⃗ where the drag coefficient c = 0.1 kg/s and ν⃗ is the instantaneous velocity of the projectile. The projectile hits a vertical wall after 2 s. Taking e = 2.7, the horizontal distance of the wall from the point of projection (in m) is"
2025_2_English_Q32,"An audio transmitter (T) and a receiver (R) are hung vertically from two identical massless strings of length 8 m with their pivots well separated along the X axis. They are pulled from the equilibrium position in opposite directions along the X axis by a small angular amplitude θ₀ = cos⁻¹(0.9) and released simultaneously. If the natural frequency of the transmitter is 660 Hz and the speed of sound in air is 330 m/s, the maximum variation in the frequency (in Hz) as measured by the receiver (Take the acceleration due to gravity g = 10 m/s²) is"
2025_2_English_Q33,"During sodium nitroprusside test of sulphide ion in an aqueous solution, one of the ligands coordinated to the metal ion is converted to
(A) NOS⁻ (B) SCN⁻ (C) SNO⁻ (D) NCS⁻"
2025_2_English_Q34,"The complete hydrolysis of ICl, ClF₃ and BrF₅, respectively, gives
(A) IO₃⁻, ClO₂⁻ and BrO₃⁻ (B) IO₃⁻, ClO₂⁻ and BrO₃⁻ (C) IO₂⁻, ClO⁻ and BrO₂⁻ (D) IO₃⁻, ClO₄⁻ and BrO₂⁻"
2025_2_English_Q35,"Monocyclic compounds P, Q, R and S are the major products formed in the reaction sequences given below.
COOH --(i) Br₂/Red phosphorus (ii) H₂O--> P
CHO + H --aq. NaOH, 293 K--> Q
Br --(i) NaNH₂ (ii) Hg²⁺, H₃O⁺--> R
[Indene structure] --(i) O₃, Zn-H₂O (ii) CH₃MgBr (2 equiv.) (iii) H⁺, Δ--> S
The product having the highest number of unsaturated carbon atom(s) is
(A) P (B) Q (C) R (D) S"
2025_2_English_Q36,"The correct reaction/reaction sequence that would produce a dicarboxylic acid as the major product is
(A) HO-Cl --(i) NaCN (ii) H₂O (iii) H₃O⁺-->
(B) CHO(CHOH)₄CH₂OH --Br₂, H₂O-->
(C) [Benzene with Br] --(i) KOH, EtOH (ii) KMnO₄, H₂SO₄, Δ-->
(D) OH --H₂CrO₄-->"
2025_2_English_Q37,"The correct statement(s) about intermolecular forces is(are)
(A) The potential energy between two point charges approaches zero more rapidly than the potential energy between a point dipole and a point charge as the distance between them approaches infinity. (B) The average potential energy of two rotating polar molecules that are separated by a distance r has 1/r³ dependence. (C) The dipole-induced dipole average interaction energy is independent of temperature. (D) Nonpolar molecules attract one another even though neither has a permanent dipole moment."
2025_2_English_Q38,"The compound(s) with P–H bond(s) is(are)
(A) H₃PO₄ (B) H₃PO₃ (C) H₄P₂O₇ (D) H₃PO₂"
2025_2_English_Q39,"For the reaction sequence given below, the correct statement(s) is(are)
[Benzene] --(i) KMnO₄, H⁺, Δ (ii) NH₃, Δ, -2H₂O--> X --(i) Strong heating (ii) Ethanolic KOH (iii) R-Br--> Y --NaOH--> Aromatic compound + Z
(A) Both X and Y are oxygen containing compounds. (B) Y on heating with CHCl₃/KOH forms isocyanide. (C) Z reacts with Hinsberg's reagent. (D) Z is an aromatic primary amine."
2025_2_English_Q40,"For the reaction sequence given below, the correct statement(s) is(are)
[Cyclic ketone] --LiAlH₄--> P --CrO₃-H₂SO₄--> Q --NaOH and CaO, Δ--> R
--H₂SO₄, 443 K--> S
(A) P is optically active. (B) S gives Bayer's test. (C) Q gives effervescence with aq. NaHCO₃. (D) R is an alkyne."
2025_2_English_Q41,"The density (in g cm⁻³) of the metal which forms a cubic close packed (ccp) lattice with an axial distance (edge length) equal to 400 pm is
Use: Atomic mass of metal = 105.6 amu and Avogadro's constant = 6 × 10²³ mol⁻¹"
2025_2_English_Q42,"The solubility of barium iodate in an aqueous solution prepared by mixing 200 mL of 0.010 M barium nitrate with 100 mL of 0.10 M sodium iodate is X × 10⁻⁶ mol dm⁻³. The value of X is
Use: Solubility product constant (Ksp) of barium iodate = 1.58 × 10⁻⁹"
2025_2_English_Q43,"Adsorption of phenol from its aqueous solution on to fly ash obeys Freundlich isotherm. At a given temperature, from 10 mg g⁻¹ and 16 mg g⁻¹ aqueous phenol solutions, the concentrations of adsorbed phenol are measured to be 4 mg g⁻¹ and 10 mg g⁻¹, respectively. At this temperature, the concentration (in mg g⁻¹) of adsorbed phenol from 20 mg g⁻¹ aqueous solution of phenol will be
Use: log₁₀ 2 = 0.3"
2025_2_English_Q44,"Consider a reaction A + R → Product. The rate of this reaction is measured to be k[A][R]. At the start of the reaction, the concentration of R, [R]₀, is 10-times the concentration of A, [A]₀. The reaction can be considered to be a pseudo first order reaction with assumption that k[R] = k' is constant. Due to this assumption, the relative error (in %) in the rate when this reaction is 40% complete, is
[k and k' represent corresponding rate constants]"
2025_2_English_Q45,"At 300 K, an ideal dilute solution of a macromolecule exerts osmotic pressure that is expressed in terms of the height (h) of the solution (density = 1.00 g cm⁻³) where h is equal to 2.00 cm. If the concentration of the dilute solution of the macromolecule is 2.00 g dm⁻³, the molar mass of the macromolecule is calculated to be X × 10⁴ g mol⁻¹. The value of X is
Use: Universal gas constant (R) = 8.3 J K⁻¹ mol⁻¹ and acceleration due to gravity (g) = 10 m s⁻²"
2025_2_English_Q46,"An electrochemical cell is fueled by the combustion of butane at 1 bar and 298 K. Its cell potential is X/F × 10³ volts, where F is the Faraday constant. The value of X is
Use: Standard Gibbs energies of formation at 298 K are: ΔfG°CO₂ = -394 kJ mol⁻¹; ΔfG°water = -237 kJ mol⁻¹; ΔfG°butane = -18 kJ mol⁻¹"
2025_2_English_Q47,The sum of the spin only magnetic moment values (in B.M.) of [Mn(Br)₆]³⁻ and [Mn(CN)₆]³⁻ is
2025_2_English_Q48,"A linear octasaccharide (molar mass = 1024 g mol⁻¹) on complete hydrolysis produces three monosaccharides: ribose, 2-deoxyribose and glucose. The amount of 2-deoxyribose formed is 58.26% (w/w) of the total amount of the monosaccharides produced in the hydrolyzed products. The number of ribose unit(s) present in one molecule of octasaccharide is
Use: Molar mass (in g mol⁻¹): ribose = 150, 2-deoxyribose = 134, glucose = 180;
Atomic mass (in amu): H = 1, O = 16"
